logr,z,step,barT,x,cls_deep,cls_prod,mid_deep,mid_prod,a_deep,a_prod,da,bhi_deep,bhi_prod,dlog_bhi,nuM_deep,nuM_prod,sep,s1,off,depth,s2
-5.0,4,14,0.00011336388169258527,8.657752084937072e-05,MC,MC,tangent,tangent,0.5,0.5,0.0,1.9885022926000446,1.9885022926000446,0.0,41753.82632787456,41753.82632787456,1.4506796970413567,1.4295346239414544,5.540490537858272,6.991170234899628,1.4055031469867574
-5.0,4,28,0.00012851369672417512,9.814763830810777e-05,MC,MC,tangent,tangent,0.5,0.5,0.0,1.5829722895596539,1.5829722895596539,0.0,41374.11459170866,41374.11459170866,1.8751980360110683,1.26797520793666,5.016919415319944,6.892117451331012,1.654751910335072
-5.0,4,42,0.00014568811511317392,0.0001112639725756791,MC,MC,tangent,tangent,0.5,0.5,0.0,1.4132390699792827,1.4132390699792827,0.0,43711.35929383563,43711.35929383563,2.1709016217631807,1.2153437526657775,4.671958152406354,6.842859774169535,1.7991895782726128
-5.0,4,56,0.0001651577024572859,0.000126133158237339,FC,FC,plateau_recentred,plateau_recentred,0.5400216761492986,0.5400216761492986,0.0,1.1527306973437397,1.1527306973437397,0.0,41374.11459170866,41374.11459170866,2.4207057465591566,1.3189587671111218,4.333666250931041,6.754371997490198,1.8479913155923582
-5.0,4,70,0.00018722918241986797,0.00014298944427929713,FC,FC,plateau_recentred,plateau_recentred,0.5376388005704957,0.5376388005704957,0.0,1.1186293112617531,1.1186293112617531,0.0,41374.11459170866,41374.11459170866,2.6346393800112704,1.2871027492365106,4.106690953744724,6.741330333755994,1.7630587150427912
-5.0,4,84,0.00021225026885263176,0.00016209838444580349,FC,FC,plateau_recentred,plateau_recentred,0.5287406886694489,0.5287406886694489,0.0,1.1233307984777967,1.1233307984777967,0.0,41374.11459170866,41374.11459170866,2.8378028669664643,1.2422997777644904,3.905348938044837,6.743151805011301,1.7532579121703455
-5.0,4,98,0.00024061514367423875,0.0001837610207686923,FC,FC,plateau_recentred,plateau_recentred,0.5238086148908203,0.5238086148908203,0.0,1.1241300158890857,1.1241300158890857,0.0,41374.11459170866,41374.11459170866,3.0104370386467094,1.210735846596233,3.73302364447626,6.7434606831229695,1.7334147405733416
-5.0,4,112,0.00027277066680952977,0.00020831862618147669,FC,FC,plateau_recentred,plateau_recentred,0.5172749923632879,0.5172749923632879,0.0,1.1359902819079586,1.1359902819079586,0.0,41374.11459170866,41374.11459170866,3.1725020243656847,1.1800179451713404,3.5755167306195044,6.748018754985189,1.728972246406702
-5.0,4,126,0.0003092234160142482,0.00023615808092815387,FC,FC,plateau_recentred,plateau_recentred,0.5134330936351496,0.5134330936351496,0.0,1.1386714857572247,1.1386714857572247,0.0,43359.37623885116,43359.37623885116,3.323541135835971,1.1491172372636427,3.42550144835533,6.749042584191301,1.7184266185841923
-5.0,4,140,0.0003505476674960928,0.0002677179674708184,FC,FC,plateau_recentred,plateau_recentred,0.5104544999552838,0.5104544999552838,0.0,1.1103948559003873,1.1103948559003873,0.0,43359.37623885116,43359.37623885116,3.4578839632124905,1.1348165840474234,3.2802376168243774,6.738121580036868,1.759952990081203
-5.0,4,154,0.0003973944430566423,0.0003034954799136069,FC,FC,plateau_recentred,plateau_recentred,0.5110870719332531,0.5110870719332531,0.0,1.099356585185045,1.099356585185045,0.0,43359.37623885116,43359.37623885116,3.598874096679338,1.1318408811916603,3.1349086243836823,6.733782721063021,1.7375755000115916
-5.0,4,168,0.00045050176627992045,0.00034405425679181925,FC,FC,plateau_recentred,plateau_recentred,0.5127392060464102,0.5127392060464102,0.0,1.083321395777247,1.083321395777247,0.0,43359.37623885116,43359.37623885116,3.7338850607913034,1.1393021717072396,2.993516398694995,6.727401459486298,1.7027295442655213
-5.0,4,182,0.0005107062893487946,0.00039003326062794845,FC,FC,plateau_recentred,plateau_recentred,0.5119040794887346,0.5119040794887346,0.0,1.08486303932788,1.08486303932788,0.0,43359.37623885116,43359.37623885116,3.866555036695961,1.14096042812317,2.8614640154536657,6.728019052149627,1.7033575134546723
-5.0,4,196,0.0005789564736542463,0.0004421568441402191,FC,FC,plateau_recentred,plateau_recentred,0.5103298173351773,0.5103298173351773,0.0,1.0898330855607066,1.0898330855607066,0.0,43359.37623885116,43359.37623885116,3.993732224288309,1.131257980983052,2.736271902821397,6.730004127109706,1.7014480687177325
-5.0,4,210,0.0006563275318451911,0.0005012461616869606,FC,FC,plateau_recentred,plateau_recentred,0.5135043229542451,0.5135043229542451,0.0,1.0673812883402036,1.0673812883402036,0.0,43359.37623885116,43359.37623885116,4.118651480021103,1.1589779683380343,2.6023122440084574,6.72096372402956,1.642701131471039
-5.0,4,224,0.0007440383667169925,0.0005682321057235415,FC,FC,plateau_recentred,plateau_recentred,0.513997361791707,0.513997361791707,0.0,1.0323224220164833,1.0323224220164833,0.0,43359.37623885116,43359.37623885116,4.231494233428364,1.1641093775528386,2.4749652657467154,6.70645949917508,1.6248930596746143
-5.0,4,238,0.000843470773792987,0.0006441699720720973,FC,FC,plateau_recentred,plateau_recentred,0.512449659773739,0.512449659773739,0.0,1.0388630669208996,1.0388630669208996,0.0,43359.37623885116,43359.37623885116,4.350867546881768,1.1614210529573603,2.358334898734179,6.709202445615947,1.639035530438656
-5.0,4,252,0.0009561912101145875,0.0007302560850392562,FC,FC,plateau_recentred,plateau_recentred,0.5116805388244152,0.5116805388244152,0.0,1.0421032726782054,1.0421032726782054,0.0,43359.37623885116,43359.37623885116,4.468111763420109,1.161555991136152,2.24244313522796,6.710554898648069,1.6484767936253866
-5.0,4,266,0.0010839754721896355,0.0008278466442971395,FC,FC,plateau_recentred,plateau_recentred,0.5114881088647261,0.5114881088647261,0.0,1.045106420813,1.045106420813,0.0,43359.37623885116,43359.37623885116,4.587955115399261,1.1758151478904262,2.1238495393872414,6.711804654786502,1.657189198435158
-5.0,4,280,0.001228836671870237,0.0009384790904374559,FC,FC,plateau_recentred,plateau_recentred,0.5110579478175479,0.5110579478175479,0.0,1.0471633219713123,1.0471633219713123,0.0,43359.37623885116,43359.37623885116,4.704427802753782,1.1830030464302361,2.008230758288108,6.71265856104189,1.6638832102742362
-5.0,4,294,0.0013930569508946444,0.0010638963257936006,FC,FC,plateau_recentred,plateau_recentred,0.5113881577465882,0.5113881577465882,0.0,1.0436464308860858,1.0436464308860858,0.0,43359.37623885116,43359.37623885116,4.815339532029015,1.1997269473242311,1.8958579990648596,6.711197531093875,1.6585429309845683
-5.0,4,308,0.001579223433723298,0.0012060741721049975,FC,FC,plateau_recentred,plateau_recentred,0.5107628366581417,0.5107628366581417,0.0,1.0480160572542079,1.0480160572542079,0.0,43359.37623885116,43359.37623885116,4.930162901603159,1.2061416708853956,1.7828491740370565,6.713012075640216,1.6400801240719387
-5.0,4,322,0.0017902689850683995,0.0013672524975904996,FC,FC,plateau_recentred,plateau_recentred,0.5112053543718402,0.5112053543718402,0.0,1.0157240396693963,1.0157240396693963,0.0,43359.37623885116,43359.37623885116,5.030000575746568,1.221565833701754,1.6694192943676143,6.699419870114182,1.624611418929505
-5.0,4,336,0.0020295184142127276,0.0015499705038079766,FC,FC,plateau_recentred,plateau_recentred,0.5114289824525334,0.5114289824525334,0.0,1.0137878105918912,1.0137878105918912,0.0,43359.37623885116,43359.37623885116,5.136881501033329,1.2388144984505263,1.5617097029569509,6.69859120399028,1.625650079418611
-5.0,4,350,0.002300740854018324,0.0017571067282075867,FC,FC,plateau_recentred,plateau_recentred,0.5117563060790401,0.5117563060790401,0.0,1.0114275424612693,1.0114275424612693,0.0,43359.37623885116,43359.37623885116,5.2477019329685595,1.2526806422361039,1.449876981748396,6.6975789147169555,1.627176360735093
-5.0,4,364,0.002608209139803419,0.0019919243925785525,FC,FC,plateau_recentred,plateau_recentred,0.5101216467842604,0.5101216467842604,0.0,1.024185969907025,1.024185969907025,0.0,43359.37623885116,43359.37623885116,5.354298295724673,1.2490576019004838,1.348724665379196,6.703022961103869,1.6555425570376294
-5.0,4,378,0.0029567671235433135,0.002258122811809544,FC,FC,plateau_recentred,plateau_recentred,0.5087777003022304,0.5087777003022304,0.0,1.0354411664129224,1.0354411664129224,0.0,43359.37623885116,43359.37623885116,5.462248892924352,1.2489380408739048,1.2455206733362418,6.707769566260594,1.6846882917506665
-5.0,4,392,0.0033519059838602594,0.002559895672854091,FC,FC,plateau_recentred,plateau_recentred,0.5077491661706228,0.5077491661706228,0.0,1.0473351917018112,1.0473351917018112,0.0,43359.37623885116,43359.37623885116,5.572459894203609,1.2539344282078522,1.1402699412509785,6.712729835454588,1.7093022293261386
-5.0,4,406,0.0037998507339918053,0.0029019971020292764,FC,FC*,plateau_recentred,plateau,0.5060978275610488,0.5155172536851819,-0.009419426124133046,1.0581901044258815,1.0394592290439877,0.007756236381353634,43359.37623885116,43359.37623885116,6.679108884110763,1.241578895536845,0.030342714322320496,6.709451598433083,1.5689567469039203
-5.0,4,420,0.004307658290578997,0.003289816561468016,FC,FC*,plateau_recentred,plateau,0.506168517797468,0.515397619806994,-0.00922910200952598,1.0534443384827934,1.0332182529334988,0.00841952359565877,43359.37623885116,43359.37623885116,6.67649349440207,1.2492762432478313,0.030342714322320496,6.706836208724391,1.5685457497210251
-5.0,4,434,0.004883328648255025,0.003729463754647366,FC,FC*,plateau_recentred,plateau,0.506482740238779,0.5146810957360465,-0.00819835549726744,1.0469374790827262,1.0318905365134778,0.00628711774543595,43359.37623885116,43359.37623885116,6.675935054094088,1.2404846040184958,0.030342714322320496,6.706277768416409,1.5741872375489068
-5.0,4,448,0.005535930911470199,0.004227864878588006,FC,FC*,plateau_recentred,plateau,0.5063014419581181,0.5147101589130049,-0.008408716954886764,1.043504254207648,1.0255850365291364,0.007522548171369982,43359.37623885116,43359.37623885116,6.673273100330794,1.2475161233987013,0.030342714322320496,6.703615814653115,1.565763108214712
-5.0,4,462,0.006275746169065011,0.004792871739086915,FC,FC*,plateau_recentred,plateau,0.5064628261130072,0.5147145626327085,-0.008251736519701347,1.0387580485922516,1.0205895815332562,0.007663271224050312,43359.37623885116,43359.37623885116,6.671152555162826,1.2568749251693427,0.030342714322320496,6.701495269485147,1.5589440482569557
-5.0,4,476,0.007114429462428795,0.005433385447978123,FC,FC*,plateau_recentred,plateau,0.5060311629781337,0.5133734244384617,-0.0073422614603280145,1.0216571109689163,1.010766864323366,0.0046541660071397414,41026.581665682425,41026.581665682425,6.6669524206760755,1.2412920763811686,0.030342714322320496,6.697295134998396,1.5276345066947556
-5.0,4,490,0.008065193398893555,0.006159496651150619,FC,FC*,plateau_recentred,plateau,0.5061066877033747,0.5132572827478898,-0.007150595044515096,1.0186003367558913,1.0080074740648424,0.004540063139544039,41026.581665682425,41026.581665682425,6.665765176825953,1.257308017068082,0.030342714322320496,6.696107891148274,1.5267830893450534
-5.0,4,504,0.009143016303003959,0.00698264449647225,FC,FC*,plateau_recentred,plateau,0.5061088766683886,0.5131269862525507,-0.007018109584162158,1.016455619609473,1.0056896244494729,0.004624451663054414,41026.581665682425,41026.581665682425,6.664765394144497,1.298545185045532,0.030342714322320496,6.695108108466817,1.5289343035564176
-5.0,4,518,0.010364878184875526,0.007915796845997927,FC,FC*,plateau_recentred,plateau,0.5063874133121444,0.51164467301951,-0.005257259707365569,1.0117358985142597,1.0123643596894716,-0.0002696874605389893,41026.581665682425,41026.581665682425,6.667638271952869,1.3199025113933234,0.030342714322320496,6.69798098627519,1.5535966154704968
-5.0,4,532,0.011750028243087796,0.008973654571526248,FC,FC*,plateau_recentred,plateau,0.5062870376305213,0.5108839324010337,-0.004596894770512394,1.008978722119505,1.0133448568269015,-0.0018752599005972643,41026.581665682425,41026.581665682425,6.668058692145551,1.3736901555788479,0.030342714322320496,6.698401406467871,1.5642650736996084
-5.0,4,546,0.013320288116345003,0.010172883151970562,FC,FC*,plateau_recentred,plateau,0.5047787504747021,0.5088509246421948,-0.004072174167492726,1.0145238319690388,1.0201284338531904,-0.00239259933377975,41026.581665682425,41026.581665682425,6.670956277289358,1.4005219997337186,0.030342714322320496,6.7012989916116785,1.5864422335189203
-5.0,4,560,0.015100395661331367,0.011532375221129829,FC,FC*,plateau_recentred,plateau,0.5066554263886895,0.5083123732731054,-0.0016569468844158664,1.0007627104350254,1.0246944551644792,-0.010263271477859987,41026.581665682425,41026.581665682425,6.672895810699553,1.4395969913377205,0.030342714322320496,6.703238525021874,1.6158803019187369
-5.0,4,574,0.01711839467263121,0.013073548202032166,FC,FC*,plateau_recentred,plateau,0.5054035378104011,0.5070412223245512,-0.0016376845141500285,1.001563535651818,1.025101991616018,-0.010088572675958103,41026.581665682425,41026.581665682425,6.67306850183158,1.4649624142753566,0.030342714322320496,6.7034112161539,1.6243873174608767
-5.0,4,588,0.019406076684359785,0.01482068171678121,FC,FC*,plateau_recentred,plateau,0.5057144890384255,0.5058884626163842,-0.00017397357795867485,0.9943359763511331,1.0282901869403753,-0.014582538285116698,41026.581665682425,41026.581665682425,6.674417115860305,1.496079181284387,0.030342714322320496,6.704759830182626,1.6472324415625523
-5.0,4,602,0.02199948181363931,0.016801300087453574,FC,FC*,plateau_recentred,plateau,0.50521542927452,0.505116873399996,9.855587452400894e-05,0.991895547012975,1.0272406304489183,-0.015206248157178665,41026.581665682425,41026.581665682425,6.67397361325899,1.5447299891266657,0.030342714322320496,6.704316327581311,1.658321217334457
-5.0,4,616,0.02493946653620638,0.019046605953965113,FC,FC*,plateau_recentred,plateau,0.5058731359871881,0.5047887991016569,0.001084336885531223,0.9834486408259903,1.0257449599851487,-0.01828770728077094,41026.581665682425,41026.581665682425,6.673340816275798,1.5783882727403629,0.030342714322320496,6.703683530598118,1.674690455579226
-5.0,4,630,0.028272347338879067,0.02159197184011521,FC,FC*,plateau_recentred,plateau,0.504974810181246,0.5035247942985491,0.0014500158826968867,0.9796280005123117,1.0242081834392323,-0.01932705154898143,42014.05342309809,42014.05342309809,6.6726896660766055,1.5906853668610594,0.030342714322320496,6.703032380398926,1.6946244380338134
-5.0,4,644,0.03205063038897715,0.02447749741193485,FC,FC*,plateau_recentred,plateau,0.503867777705171,0.5025949125298452,0.0012728651753257658,0.97887842378627,1.0213174988634308,-0.018432017013353997,42014.05342309809,42014.05342309809,6.671462197551751,1.6406991086468992,0.030342714322320496,6.7018049118740715,1.7053808180063112
-5.0,4,658,0.036333838715903344,0.027748641207383285,FC,FC*,plateau_recentred,plateau,0.5044689122189786,0.5026357320840766,0.0018331801349019683,0.9678941009991511,1.0142862924741776,-0.02033271328978339,42014.05342309809,42014.05342309809,6.668461980816866,1.6725720560063957,0.030342714322320496,6.698804695139186,1.7147650346747845
-5.0,4,672,0.04118944993628881,0.031456936789651245,FC,FC*,plateau_recentred,plateau,0.5028216085075503,0.5009373954198924,0.00188421308765796,0.967497852188646,1.01320725796562,-0.020048282562728968,42014.05342309809,42014.05342309809,6.667999716680941,1.6796929363423185,0.030342714322320496,6.698342431003262,1.7370954655973225
-5.0,4,686,0.04669395929562081,0.03566080460634663,FC,FC*,plateau_recentred,plateau,0.503609572109649,0.5012331098757815,0.002376462233867449,0.9529027461578624,1.002112740909533,-0.02186800526992231,42014.05342309809,42014.05342309809,6.6632180083519685,1.7067433331728594,0.030342714322320496,6.693560722674289,1.7414323776469278
-5.0,4,700,0.05293408477349404,0.04042647234458,FC,FC*,plateau_recentred,plateau,0.5019241859848829,0.5004215921005802,0.0015025938843026276,0.9516016310025873,0.9911414315582899,-0.01768045310799207,42014.05342309809,42014.05342309809,6.65843705537989,1.7742600153149688,0.030342714322320496,6.688779769702211,1.7459826241944003
-5.0,4,714,0.060008133237702044,0.04582901828121483,FC,FC*,plateau_recentred,plateau,0.5033133119309993,0.5012697202926407,0.002043591638358544,0.9364497398187956,0.9794861213474383,-0.01951381339320998,39746.6786528345,39746.6786528345,6.653299711261478,1.8280524085517185,0.030342714322320496,6.683642425583798,1.7443389674109218
-5.0,4,728,0.06802754916954634,0.051953554065211696,FC,FC*,plateau_recentred,plateau,0.5024850246736263,0.500372114975239,0.0021129096983872886,0.9231106572366335,0.9665538656124291,-0.019972297185107568,39746.6786528345,39746.6786528345,6.64752748661999,1.7841512187579782,0.030342714322320496,6.67787020094231,1.7461062831850567
-5.0,4,742,0.07711867035896258,0.05889656556560496,FC,FC*,plateau_recentred,plateau,0.5020967093916797,0.4997316191927672,0.0023650901989125117,0.9084002907428625,0.9529704092478529,-0.02080215099061694,39746.6786528345,39746.6786528345,6.6413808400834915,1.7758336933250476,0.030342714322320496,6.671723554405812,1.7575803698931323
-5.0,4,756,0.08742471822866626,0.06676743290881665,FC,FC*,plateau_recentred,plateau,0.5020631616585197,0.5000980084872159,0.0019651531713038572,0.8906938002086412,0.9307232612993506,-0.019092138883482178,39178.86667343418,39178.86667343418,6.631121992790577,1.8493089596588765,0.030342714322320496,6.661464707112898,1.748304571870642
-5.0,4,770,0.09910805414286328,0.07569015365195925,FC,FC*,plateau_recentred,plateau,0.5018802393158478,0.4996496537020169,0.002230585613830882,0.8721986600914747,0.9133872772557069,-0.020039542786718875,39178.86667343418,39178.86667343418,6.622956382487796,1.8535821099158065,0.030342714322320496,6.653299096810117,1.758747303219516
-5.0,4,784,0.11235273724638661,0.08580529623897953,FC,FC*,plateau_recentred,plateau,0.5011203547389317,0.4988063352129531,0.0023140195259785945,0.8544986424521421,0.8952397865010695,-0.02022799789733363,39178.86667343418,39178.86667343418,6.614240799532749,1.8536557849732416,0.030342714322320496,6.6445835138550695,1.7749940425150885
-5.0,4,798,0.127367424130429,0.0972722145143704,FC,FC*,plateau_recentred,plateau,0.5016286165087978,0.49940172071816147,0.002226895790636285,0.8315924112661426,0.8689148422943997,-0.01906669814648039,38897.42189633572,38897.42189633572,6.601278640194952,1.936965976903368,0.030342714322320496,6.631621354517272,1.7804995358033289
-5.0,4,812,0.14438865600617423,0.1102715581818755,FC,FC*,plateau_recentred,plateau,0.5014922110944808,0.4991240200916256,0.0023681910028552355,0.8043826286467681,0.8426940404600066,-0.02020723954443049,38897.42189633572,38897.42189633572,6.587971347142272,1.9695360781878182,0.030342714322320496,6.618314061464592,1.7818971530232175
-5.0,4,826,0.1636845851724229,0.12500811875792486,FC,FC*,plateau_recentred,plateau,0.5000734402114815,0.4980275665248311,0.002045873686650379,0.7818488730957378,0.8154579654168794,-0.018278764745551863,38897.42189633572,38897.42189633572,6.573703003829065,1.9616920185386835,0.030342714322320496,6.604045718151386,1.791876977994605
-5.0,4,840,0.18555919948394317,0.14171405585492053,FC,FC*,plateau_recentred,plateau,0.5003738892584564,0.4977877402664924,0.0025861489919639657,0.7497351644785266,0.7864851280629459,-0.020782633967359146,37697.14167610782,37697.14167610782,6.557991939347318,1.9286996238527543,0.030342714322320496,6.588334653669638,1.793950589429049
-5.0,4,854,0.2103571113727749,0.1606525546212045,FC,FC*,plateau_recentred,plateau,0.5002026376290043,0.4980293368551364,0.0021733007738679033,0.7176179434356916,0.7494467092407389,-0.018847467648547216,37697.14167610782,37697.14167610782,6.537042181534894,1.998935553864152,0.030342714322320496,6.567384895857215,1.7909664256597781
-5.0,4,868,0.23846898686867357,0.1821219719569755,FC,FC*,plateau_recentred,plateau,0.4996835551048057,0.4973926144890147,0.0022909406157910484,0.6848935595894847,0.7153831300128539,-0.018915612177079526,36533.89919609067,36533.89919609067,6.5168401190539225,2.005262447743052,0.030342714322320496,6.547182833376243,1.7967665771404793
-5.0,4,882,0.27033770014742475,0.20646053682559679,FC,FC*,plateau_recentred,plateau,0.4992439254662856,0.4973657468184966,0.0018781786477889972,0.6488745607623334,0.6747889398890964,-0.017007207779416163,37459.12294439716,37459.12294439716,6.491469380227533,2.0773800139838263,0.030342714322320496,6.521812094549854,1.802221352973936
-5.0,4,896,0.30646531056571247,0.23405167870894525,FC,FC*,plateau_recentred,plateau,0.4996065584478482,0.49711144601148954,0.0024951124363586374,0.6099061310449604,0.6382336591761579,-0.019716705191285773,35406.551561336615,35406.551561336615,6.46728112883501,2.0508355581066415,0.030342714322320496,6.4976238431573305,1.8089958135514321
-5.0,4,910,0.3474209720986756,0.26533006815123095,FC,FC*,plateau_recentred,plateau,0.4987913649430054,0.4964318471949152,0.002359517748090234,0.5704427386992343,0.596302499415853,-0.019254573439919383,35828.494759618756,35828.494759618756,6.437768054249754,2.092729906745945,0.030342714322320496,6.468110768572075,1.8137410008128014
-5.0,4,924,0.3938498997853399,0.30078846455394537,FC,VFC,plateau_recentred,plateau,0.4985704415185106,0.49668021414345903,0.0018902273750515675,0.5285829008514912,0.5495638986786424,-0.01690508579938653,34735.07660132394,34735.07660132394,nan,nan,nan,6.432662334680533,1.7629940296304683
-5.0,4,938,0.44648353443920774,0.340985479102023,FC,VFC,plateau_recentred,plateau,0.4981669305108383,0.49598968723806997,0.002177243272768359,0.4858123473190861,0.5061923940544844,-0.01784706668968688,35645.9401904338,35645.9401904338,nan,nan,nan,6.396959754116428,1.7546970613530883
-5.0,4,952,0.5016364722968638,0.38310651938382895,FC,VFC,plateau_recentred,plateau,0.4980563515327935,0.4957311551318275,0.002325196400966012,0.4452241683249319,0.46491926441053233,-0.018798810671034834,34564.145059930015,34564.145059930015,nan,nan,nan,6.360021680863981,1.7398904227625969
-5.0,4,966,0.5437616319255452,0.41527807024802077,FC,VFC,plateau_recentred,plateau,0.49753269576810855,0.4952473953810687,0.0022853003870398347,0.4191185751003699,0.43702049035222446,-0.01816489103865115,33515.18061640291,33515.18061640291,nan,nan,nan,6.333145938854142,1.7244858054366212
-5.0,4,980,0.5841669263524998,0.44613613693067766,FC,VFC,plateau_recentred,plateau,0.49747948815849036,0.4953474205704686,0.0021320675880217577,0.3941984855581412,0.4105499456810528,-0.01765104754233206,32498.050502985127,32498.050502985127,nan,nan,nan,6.306010137872331,1.7151736119892864
-5.0,4,994,0.6278195488721805,0.47947423174447373,FC,VFC,plateau_recentred,plateau,0.4971414849180541,0.494920450239187,0.0022210346788670843,0.3695226129916309,0.3850094811424609,-0.017830404202236593,33379.46386747826,33379.46386747826,nan,nan,nan,6.278115563329201,1.7115192596229072
-5.0,4,1008,0.674207802630171,0.5149015649209189,FC,VFC,plateau_recentred,plateau,0.4972154921386511,0.49519935834239714,0.0020161337962539827,0.3457262457696586,0.3595678619254201,-0.017048517465518453,32372.120538767493,32372.120538767493,nan,nan,nan,6.248425006543975,1.7109203722474984
-5.0,4,1022,0.724306160386226,0.5531623544103438,FC,VFC,plateau_recentred,plateau,0.4968277760680275,0.494601533499434,0.0022262425685935505,0.3213712594311138,0.33486251567589054,-0.01785950082459827,33267.589747159385,33267.589747159385,nan,nan,nan,6.21751067444446,1.699632105682377
-5.0,4,1036,0.771186703589626,0.5889656556560497,FC,VFC,plateau_recentred,plateau,0.49685444083550373,0.49485736420272813,0.001997076632775596,0.30106899651901087,0.31314063172615886,-0.01707338833921905,32269.27261458234,32269.27261458234,nan,nan,nan,6.1883835622475285,1.6960831502330471
-5.0,4,1050,0.8233082706766917,0.6287715973176031,FC,VFC,plateau_recentred,plateau,0.49670216061990424,0.4944942286201633,0.002207931999740953,0.2804685270015988,0.29219807130869424,-0.01779321136429102,31300.913681705835,31300.913681705835,nan,nan,nan,6.158321483857683,1.683795859155921
-5.0,4,1064,0.8759398496240602,0.6689670418949843,FC,VFC,plateau_recentred,plateau,0.4963690593949134,0.49440689868218235,0.0019621607127310314,0.2613101066961926,0.2717622352117493,-0.017032898628142307,32189.289503008826,32189.289503008826,nan,nan,nan,6.126833244763677,1.6803996112828892
-5.0,4,1078,0.9308326223135523,0.7108893905394301,FC,VFC,plateau_recentred,plateau,0.4961010978544434,0.49442869991093186,0.0016723979435115388,0.24352991872156154,0.2527496185707912,-0.016138185046050992,31228.798582707397,31228.798582707397,nan,nan,nan,6.095334647728609,1.6689100861896187
-5.0,4,1092,0.9887218045112782,0.7551001374179437,FC,VFC,plateau_recentred,plateau,0.49601874013729835,0.49450288596995173,0.0015158541673466197,0.22575732786980734,0.2340820392161313,-0.015726236170120277,32132.002587430357,32132.002587430357,nan,nan,nan,6.062012231040532,1.670524568506315
-5.0,4,1106,1.045815930351596,0.7987036890652053,FC,VFC,plateau_recentred,plateau,0.49571616931757767,0.4944461301208222,0.0012700391967554459,0.21048019157737116,0.21744444674861368,-0.014137090451558287,31178.680090131875,31178.680090131875,nan,nan,nan,6.029992459687772,1.6578528980514795
-5.0,4,1120,1.1035742449353014,0.8428144905871184,FC,VFC,plateau_recentred,plateau,0.49586847085990526,0.494225262477979,0.0016432083819262755,0.19527019683500121,0.2024866118561965,-0.015760349493501354,32097.29126944899,32097.29126944899,nan,nan,nan,5.999040452397039,1.6600837484275925
-5.0,4,1134,1.1645224352961225,0.8893614431341795,FC,VFC,plateau_recentred,plateau,0.49565825765944727,0.4939103811831396,0.0017478764763076415,0.1816847253549524,0.1885732032312759,-0.016161561625097184,31150.45272604197,31150.45272604197,nan,nan,nan,5.968124117217336,1.6480468062044666
-5.0,4,1148,1.2288366718702428,0.9384790904374604,FC,VFC,plateau_recentred,plateau,0.4956210634085363,0.49364363363619995,0.0019774297723363365,0.16814575003350277,0.1748751750420378,-0.017042267426144248,32085.082545654273,32085.082545654273,nan,nan,nan,5.935372301076035,1.64859040794592
-5.0,4,1162,1.2894736842105265,0.9847883921458354,FC,VFC,plateau_recentred,plateau,0.49560281127084466,0.4935229219990115,0.0020798892718331685,0.15687120537111712,0.1632902318481599,-0.017416972066022333,31144.05713363752,31144.05713363752,nan,nan,nan,5.905604344538644,1.6404072246446992
-5.0,4,1176,1.3561125023080152,1.0356813536170912,FC,VFC,plateau_recentred,plateau,0.49517088392641734,0.4928546950359689,0.002316188890448434,0.14635538094447054,0.1526004877605084,-0.018147227306202957,30230.63111535159,30230.63111535159,nan,nan,nan,5.876200060633747,1.6257571270200681
-5.0,4,1190,1.4182440582626876,1.0831320583808584,FC,VFC,plateau_recentred,plateau,0.49599496248413016,0.4932254835570657,0.0027694789270644726,0.14070152857251167,0.14746886094068407,-0.020401510134321316,29929.496572814653,29929.496572814653,nan,nan,nan,5.861344464609549,1.6374475868507383
-5.0,4,1204,1.484962406015037,1.1340857577189642,FC,VFC,plateau_recentred,plateau,0.4963627156194782,0.493593063428158,0.0027696521913201932,0.13599897183230256,0.1423677248624588,-0.019875919691391956,28190.611698298588,28190.611698298588,nan,nan,nan,5.846055683625391,1.637056196899399
-5.0,4,1218,1.5526315789473681,1.18576561503274,FC,VFC,plateau_recentred,plateau,0.49675410961175115,0.49358338459516643,0.003170725016584719,0.13130013624317854,0.13806764609286645,-0.02182674391893804,27909.79827679879,27909.79827679879,nan,nan,nan,5.832736059520028,1.643545260462071
-5.0,4,1232,1.6222460729620618,1.238931140215791,FC,VFC,plateau_recentred,plateau,0.4970854590647874,0.4939398038456171,0.003145655219170318,0.1268941205110227,0.13324149077677105,-0.021197983124564144,27909.79827679879,27909.79827679879,nan,nan,nan,5.817283622031373,1.6528426390238797
-5.0,4,1246,1.6954887218045114,1.294867536028489,FC,VFC,plateau_recentred,plateau,0.49745270731697927,0.49391481162326756,0.0035378956937117123,0.12260186040405542,0.1293061754843762,-0.023122206309722993,26026.392991826466,26026.392991826466,nan,nan,nan,5.804263405547472,1.6489546563216246
-5.0,4,1260,1.763157894736842,1.3465473933422645,FC,VFC,plateau_recentred,plateau,0.49774200361522647,0.49426337879797044,0.0034786248172560263,0.11885084308743997,0.12512742673876376,-0.02235024652439366,26026.392991826466,26026.392991826466,nan,nan,nan,5.789996652203855,1.6572828860330573
-5.0,4,1274,1.8383458646616542,1.4039694570242374,FC,VFC,plateau_recentred,plateau,0.4980800074465922,0.49422672792497796,0.003853279521614239,0.11497931098996014,0.12156955136244006,-0.024205112168504322,24270.083411104068,24270.083411104068,nan,nan,nan,5.777468952856781,1.6528842729523265
-5.0,4,1288,1.9061437174542544,1.455747588877655,FC,VFC,plateau_recentred,plateau,0.49852841423905864,0.49456911429231787,0.003959299946740769,0.11140178552896876,0.11782814665359038,-0.024356894923821114,24270.083411104068,24270.083411104068,nan,nan,nan,5.763893185482843,1.6605799407974033
-5.0,4,1302,1.981203007518797,1.5130713780199858,FC,VFC,plateau_recentred,plateau,0.4986515263595206,0.4945243741334173,0.00412715222610327,0.10834223006444035,0.11479363970410886,-0.02512005540681384,21961.480587980095,21961.480587980095,nan,nan,nan,5.752561964926135,1.6497927836727357
-5.0,4,1316,2.056390977443609,1.570493441701959,FC,VFC,plateau_recentred,plateau,0.4990909625128038,0.494471054807031,0.004619907705772808,0.10493567518051912,0.11175954315302407,-0.027361456599045236,21317.370937041986,21317.370937041986,nan,nan,nan,5.740928756682145,1.6517344200959099
-5.0,4,1330,2.1315789473684217,1.627915505383932,FC,VFC,plateau_recentred,plateau,0.4991880373346107,0.4948053535898514,0.004382683744759308,0.10192903948342316,0.10820784042049096,-0.025960797898768633,21738.91011688533,21738.91011688533,nan,nan,nan,5.726902868473023,1.6619742643601874
-5.0,4,1344,2.206766917293233,1.6853375690659045,FC,VFC,plateau_recentred,plateau,0.4994659180822176,0.49474672689513904,0.004719191187078531,0.09893441799588898,0.10543886184608878,-0.027653306028370916,21105.02350966872,21105.02350966872,nan,nan,nan,5.7156448481747395,1.663698238509469
-5.0,4,1358,2.281954887218045,1.7427596327478774,FC,VFC,plateau_recentred,plateau,0.4996854645511845,0.4950773395295453,0.004608125021639209,0.09620259118903934,0.10229726259091754,-0.026677242634157734,21105.02350966872,21105.02350966872,nan,nan,nan,5.7025081512931415,1.6707468658683318
-5.0,4,1372,2.363419726197431,1.8049754257317,FC,VFC,plateau_recentred,plateau,0.49975734161258156,0.495009555100767,0.004747786511814567,0.0938120749563079,0.09990334719783145,-0.02732129733831254,19097.48542126532,19097.48542126532,nan,nan,nan,5.692224178095998,1.6589548042254938
-5.0,4,1386,2.43984962406015,1.8633459664800203,FC,VFC,plateau_recentred,plateau,0.500157562820543,0.4949402070604152,0.005217355760127829,0.09111277468936001,0.09750812100917139,-0.029461515060745156,18537.374065420787,18537.374065420787,nan,nan,nan,5.681684926489659,1.6599829335148335
-5.0,4,1400,2.5618890136872023,1.9565490893982405,FC,VFC,plateau_recentred,plateau,0.5004344319835478,0.4952274894648637,0.005206942518684032,0.08745797469500122,0.09355844821563004,-0.02928359391144351,17808.751457107894,17808.751457107894,nan,nan,nan,5.663727148744467,1.662050965977787
-5.0,4,1414,2.904256830572931,2.2180199949637163,FC,VFC,plateau_recentred,plateau,0.5010728422939722,0.49529112152540694,0.005781720768565257,0.07846711654171858,0.08435898132145792,-0.031443633034676594,17114.243125566933,17114.243125566933,nan,nan,nan,5.61877546563459,1.6786877605351176
-5.0,4,1428,3.2923782774609203,2.5144335630096193,FC,VFC,plateau_recentred,plateau,0.5018416811746472,0.49570630378227254,0.006135377392374686,0.07030211679772086,0.07576376113632338,-0.03249312435838241,15329.366064518916,15329.366064518916,nan,nan,nan,5.572105665055064,1.6821460604661207
-5.0,4,1442,3.732367815334758,2.8504594896100905,FC,VFC,plateau_recentred,plateau,0.5023905196434232,0.49606520105161567,0.006325318591807516,0.06301131012997957,0.06798366573818745,-0.03298606886160523,13071.777352031675,13071.777352031675,nan,nan,nan,5.525048717280394,1.6777001978320287
-5.0,4,1456,4.231157034510027,3.2313915234980297,FC,VFC,plateau_recentred,plateau,0.5030311675127704,0.49594187882299023,0.007089288689780204,0.056277326229005074,0.06116504003459043,-0.03616980868047776,11710.547147100075,11710.547147100075,nan,nan,nan,5.47914740319771,1.6797152917557754
-5.0,4,1470,4.796603854831481,3.663230863724089,FC,VFC,plateau_recentred,plateau,0.5036169367731864,0.49618694727658635,0.007429989496600065,0.050208800807374485,0.05469419550794471,-0.037161389956659185,10183.37550243252,10183.37550243252,nan,nan,nan,5.430585377583854,1.67745398745983
-5.0,4,1484,5.437616319255452,4.152780702480207,FC,VFC,plateau_recentred,plateau,0.5037778924076379,0.4959328609589986,0.00784503144863935,0.04481337268007507,0.048987958352234455,-0.038681709555272725,9496.182314938836,9496.182314938836,nan,nan,nan,5.3827334788166485,1.6861756636040177
-5.0,4,1498,6.164292931060073,4.70775340251417,FC,VFC,plateau_recentred,plateau,0.5042629809438907,0.4960685671392105,0.008194413804680167,0.039911921102843285,0.043729690483325916,-0.03967377101342804,8257.785835098923,8257.785835098923,nan,nan,nan,5.333420542307058,1.6834868418387214
-5.0,4,1512,6.988081745554302,5.3368919976070845,FC,VFC,plateau_recentred,plateau,0.5047060810522482,0.4961552397164874,0.00855084133576084,0.03548596689550757,0.03897041473649957,-0.04067838466537597,7180.888554665413,7180.888554665413,nan,nan,nan,5.283379166594947,1.680233961004015
-5.0,4,1526,7.921960722614703,6.050107930230924,FC,VFC,plateau_recentred,plateau,0.5049486449556586,0.49572917343589973,0.009219471519758882,0.03151560154213134,0.034829609823767066,-0.043423008359863215,6696.3087909378855,6696.3087909378855,nan,nan,nan,5.234592748199422,1.6883823726672824
-5.0,4,1540,8.980642181321812,6.858637196303612,FC,VFC,plateau_recentred,plateau,0.5050954202519248,0.4957238756115262,0.009371544640398577,0.02804693698588541,0.030984101564563944,-0.0432534688234749,5823.043623990428,5823.043623990428,nan,nan,nan,5.183783046446211,1.6850915499827679
-5.0,4,1554,10.180804577672388,7.775217356944574,FC,VFC,plateau_recentred,plateau,0.505432925652008,0.4956800790507357,0.009752846601272347,0.024829055962890832,0.027494441344684574,-0.04428469238935809,5375.062029006223,5375.062029006223,nan,nan,nan,5.1318890386119715,1.6921923735111015
-5.0,4,1568,11.541355256790725,8.814288205871739,FC,VFC,plateau_recentred,plateau,0.5055788662024813,0.49511100261587054,0.010467863586610726,0.022068226471280924,0.024597720390752954,-0.04712742827426751,4448.391838994197,4448.391838994197,nan,nan,nan,5.083538999320398,1.6799199957917916
-5.0,4,1582,13.083728319034783,9.992219253752193,FC,VFC,plateau_recentred,plateau,0.5058612100443504,0.49499671834541653,0.010864491698933831,0.01952564556853558,0.021816292501126953,-0.04817554606984014,4106.165711245953,4106.165711245953,nan,nan,nan,5.031425086626712,1.6859427860873195
-5.0,4,1596,14.832222292576157,11.327567613292166,FC,VFC,plateau_recentred,plateau,0.5061217519303897,0.49485435396238237,0.011267397968007298,0.017254644881966787,0.01932580318481962,-0.04923152684382216,3790.267912195481,3790.267912195481,nan,nan,nan,4.9787816912109255,1.6932009899670248
-5.0,4,1610,16.814382932144426,12.841370347785583,FC,VFC,plateau_recentred,plateau,0.5063624750938565,0.49468638230254697,0.01167609279130949,0.01528202490387178,0.01715918621709073,-0.050315784287869,3198.847883247581,3198.847883247581,nan,nan,nan,4.927140826237119,1.6844993910066492
-5.0,4,1624,19.061437174542544,14.55747588877655,FC,VFC,plateau_recentred,plateau,0.5061944902246629,0.4939781522052983,0.012216338019364614,0.013590847310373563,0.015319744240514329,-0.05200498159960289,2727.746675031381,2727.746675031381,nan,nan,nan,4.877895653781102,1.6774852572694288
-5.0,4,1638,21.608785087464042,16.502919743986272,FC,VFC,plateau_recentred,plateau,0.5064001855326545,0.4937644447036821,0.012635740828972453,0.011994639423555336,0.013553648712581808,-0.05306902830759876,2517.8941674597445,2517.8941674597445,nan,nan,nan,4.8247003641459525,1.683865398341282
-5.0,4,1652,24.496557561768185,18.70835041440287,FC,VFC,plateau_recentred,plateau,0.5065922667920874,0.4935337825137519,0.013058484278335447,0.010582642030151267,0.011987566116241515,-0.05413690962137351,2324.1861484277547,2324.1861484277547,nan,nan,nan,4.771375154360868,1.6916769025654317
-5.0,4,1666,27.77024853309071,21.208512230426944,FC,VFC,plateau_recentred,plateau,0.5067719204771512,0.49328861626905646,0.013483304208094793,0.009359477630345423,0.010628629276010845,-0.05522564859075257,1961.5283440122282,1961.5283440122282,nan,nan,nan,4.719121398098779,1.6832430416264283
-5.0,4,1680,31.4814316928032,24.042792713668874,FC,VFC,plateau_recentred,plateau,0.5069403386058203,0.4924825027790154,0.014457835826804932,0.008263319088431297,0.009459900791561072,-0.05873205848570648,1775.5131787737284,1775.5131787737284,nan,nan,nan,4.668530720733594,1.6873724804183883
-5.0,4,1694,35.6885729793766,27.255843087528657,FC,VFC,plateau_recentred,plateau,0.506703295701141,0.49221069676978496,0.014492598931356071,0.007328957115092379,0.008375884529088195,-0.057988501023043884,1543.9686277551832,1543.9686277551832,nan,nan,nan,4.615674820345209,1.6840428395410754
-5.0,4,1708,40.457951650129694,30.89828171207584,FC,VFC,plateau_recentred,plateau,0.5068525824134645,0.4919295983355905,0.014922984077874013,0.00647156478648883,0.007414134651860098,-0.05905116597751011,1342.6197856434048,1342.6197856434048,nan,nan,nan,4.5627046080746,1.6813207279783033
-5.0,4,1722,45.86470444391582,35.02749152513422,FC,VFC,plateau_recentred,plateau,0.5069943490313267,0.4916413663921456,0.015352982639181056,0.005708103117523594,0.0065552829724273955,-0.060099633563538236,1202.8060054100254,1202.8060054100254,nan,nan,nan,4.5092355825226385,1.6848886530356328
-5.0,4,1736,51.99400928447668,39.70852405245032,FC,VFC,plateau_recentred,plateau,0.5071291024355279,0.4907627080813747,0.016366394354153213,0.00504191714934279,0.005837645042619918,-0.06364197931479998,1045.9481573159749,1045.9481573159749,nan,nan,nan,4.458881823092518,1.683246853841413
-5.0,4,1750,58.942427172510946,45.01512422871065,FC,VFC,plateau_recentred,plateau,0.5068601094842878,0.49045922664775066,0.01640088283653718,0.00446325976538841,0.005158160389656277,-0.06284267824541921,946.7590633077456,946.7590633077456,nan,nan,nan,4.405138980984544,1.6875819341656504
-5.0,4,1764,66.81942340661188,51.030892174427464,FC,VFC,plateau_recentred,plateau,0.5069829253584259,0.4901513926185821,0.016831532739843835,0.003938472608566216,0.004562413218194084,-0.06386678744539419,823.2922792494406,823.2922792494406,nan,nan,nan,4.351838755681094,1.6855767434543905
-5.0,4,1778,75.7490920983714,57.850600231313365,FC,VFC,plateau_recentred,plateau,0.507101344672119,0.4898402277853793,0.017261116886739702,0.0034688684201401756,0.004027669158514631,-0.06486596280185095,759.954304779038,759.954304779038,nan,nan,nan,4.297697928322489,1.695646104387068
-5.0,4,1792,85.87211114964163,65.58168600470435,FC,VFC,plateau_recentred,plateau,0.5072155500987479,0.488897821999166,0.018317728099581876,0.0030632477820212918,0.003586119943117607,-0.0684426833662961,641.3737169832922,641.3737169832922,nan,nan,nan,4.247268949961314,1.6896243470253585
-5.0,4,1806,97.34795849064633,74.34594493440731,FC,VFC,plateau_recentred,plateau,0.5073258832842275,0.48857289240043694,0.01875299088379051,0.0026993854497380254,0.0031673671924756217,-0.06943351137871946,591.9275431762982,591.9275431762982,nan,nan,nan,4.193342552861624,1.7007338204494353
-5.0,4,1820,110.35742449353015,84.28144905871186,FC,VFC,plateau_recentred,plateau,0.5070337144617849,0.48824398944903713,0.018789725012747782,0.0023926987783515737,0.0028021947148691695,-0.06861028177628953,504.8414929673642,504.8414929673642,nan,nan,nan,4.140142448494592,1.6937791369027304
-5.0,4,1834,125.10546014188272,95.54472219975516,FC,VFC,plateau_recentred,plateau,0.5071376998494567,0.48791085553530955,0.019226844314147118,0.0021104165948639805,0.0024772782441850596,-0.06960659542302713,439.0051487362312,439.0051487362312,nan,nan,nan,4.08661892749878,1.6927012572472908
-5.0,4,1848,141.82440582626876,108.31320583808584,FC,VFC,plateau_recentred,plateau,0.5072393781170603,0.4875732794361489,0.019666098680911404,0.001859824762322702,0.0021880923761426804,-0.07059362719103039,393.2893250584825,393.2893250584825,nan,nan,nan,4.032709791812801,1.698560577859424
-5.0,4,1862,160.7776516321715,122.78805452378606,FC,VFC,plateau_recentred,plateau,0.5073386687993292,0.4865461690062125,0.020792499793116703,0.001641406223793504,0.0019473791843826606,-0.07423444767906996,342.0004913400272,342.0004913400272,nan,nan,nan,3.9820946623703164,1.6996633520531066
-5.0,4,1876,182.2637867844891,139.19730486303095,FC,VFC,plateau_recentred,plateau,0.5074358361657813,0.4861883209045645,0.021247515261216765,0.0014484897898083343,0.0017225111834562644,-0.07524661198636506,291.633343366347,291.633343366347,nan,nan,nan,3.9288061891260098,1.6951917367135012
-5.0,4,1890,206.62130361888174,157.7994680042606,FC,VFC,plateau_recentred,plateau,0.5071312045152697,0.4858218487827581,0.021309355732511637,0.0012804503236454076,0.0015197321521470842,-0.07440431745690912,269.1972465846604,269.1972465846604,nan,nan,nan,3.874411190565219,1.7057855712282748
-5.0,4,1904,234.23393018628633,178.88760221995517,FC*,VFC,plateau,plateau,0.5032768452425593,0.4854471627048915,0.017829682537667813,0.0012056784140603706,0.001343366169205386,-0.04696292143979042,234.0912522495897,234.0912522495897,nan,nan,nan,3.8208385458694627,1.7056578607290782
-5.0,4,1918,265.536675500387,202.79392974341852,FC*,VFC,plateau,plateau,0.5034583892287738,0.48506396265875157,0.01839442657002227,0.0010613543135636581,0.0011863176508409472,-0.04834060286887316,209.71414769135697,209.71414769135697,nan,nan,nan,3.7668451310456565,1.712763731727871
-5.0,4,1932,301.0226826648105,229.895070594171,FC*,VFC,plateau,plateau,0.5032157289368003,0.4839185056040685,0.019297223332731817,0.0009407924742294457,0.0010559653981011899,-0.05015585280635058,182.3653401747779,182.3653401747779,nan,nan,nan,3.716293826326286,1.7155650731295518
-5.0,4,1946,341.25099784412686,260.6179758455719,FC*,VFC,plateau,plateau,0.5033991278698898,0.4835039767926072,0.019895151077282625,0.0008293766985111012,0.0009340112000056188,-0.05160025439830387,155.50800427486766,155.50800427486766,nan,nan,nan,3.6629962228824535,1.711907436254444
-5.0,4,1960,386.8553774709467,295.4466538073098,FC*,VFC,plateau,plateau,0.5031633839402281,0.48307689386601677,0.020086490074211316,0.0007314839014720644,0.0008240642737876901,-0.051756313692191955,143.54437695446543,143.54437695446543,nan,nan,nan,3.6086052251548453,1.7239513268602662
-5.0,4,1974,438.5542724377551,334.92979508696345,FC*,VFC,plateau,plateau,0.5033397987667175,0.48263626880661936,0.020703529960098166,0.0006444686687940196,0.0007284770899579653,-0.05321408936194774,124.8247646696871,124.8247646696871,nan,nan,nan,3.5550600369616863,1.7248551961039864
-5.0,4,1988,497.1621465643256,379.68941665576455,FC*,VFC,plateau,plateau,0.5035164322223643,0.4821815186857705,0.02133491353659378,0.0005672577992474247,0.000643376069489,-0.054684427461768596,111.82613139925017,111.82613139925017,nan,nan,nan,3.5011090420569473,1.7333846251938372
-5.0,4,2002,563.6023076517386,430.43066109709065,FC*,VFC,plateau,plateau,0.5032697285091942,0.48088115321305697,0.022388575296137192,0.0005027711634569277,0.0005728968948543416,-0.056706107666924424,97.24289332671543,97.24289332671543,nan,nan,nan,3.450720607213231,1.7381646748644608
-5.0,4,2016,638.9214532632683,487.95290541492545,FC*,VFC,plateau,plateau,0.5034492334540268,0.48038395491217806,0.023065278541848755,0.00044238869448623875,0.0005058756798384948,-0.0582397812643966,88.021179592292,88.021179592292,nan,nan,nan,3.3966879399087024,1.7473462685577241
-5.0,4,2030,724.3061603862267,553.1623544103444,FC*,VFC,plateau,plateau,0.5032090614213435,0.4798686616875702,0.023340399733773276,0.0003908512396992119,0.0004472475318207433,-0.058536458761937034,76.54234364082012,76.54234364082012,nan,nan,nan,3.3431920914164963,1.7492286380552797
-5.0,4,2044,821.1015787526972,627.0863170219279,FC*,VFC,plateau,plateau,0.5033825601768759,0.47933612629282635,0.024046433884049534,0.0003443332733768604,0.0003954597871143175,-0.0601233370533878,66.560461892997,66.560461892997,nan,nan,nan,3.289746467099586,1.7513815171805378
-5.0,4,2058,930.8326223135522,710.88939053943,FC*,VFC,plateau,plateau,0.5035565977905978,0.4787850027899331,0.024771595000664726,0.0003030613146731925,0.0003493480624787567,-0.061727836094175086,59.6291847802586,59.6291847802586,nan,nan,nan,3.235902477821042,1.7616314231229142
-4.0,4,14,0.00011336388169258527,8.657752084937072e-05,MC,MC,tangent,tangent,0.5,0.5,0.0,9.455106203876106,9.455106203876106,0.0,246022.27384986536,246022.27384986536,1.2341675026480363,9.999999999999998,6.4298818997977465,7.664049402445783,0.6347271476463069
-4.0,4,28,0.00012851369672417512,9.814763830810777e-05,MC,MC,tangent,tangent,0.5,0.5,0.0,4.700627043348813,4.700627043348813,0.0,240195.33101573543,240195.33101573543,1.1018851448294518,3.4662661034693723,6.2586536410314,7.360538785860852,0.8181913902636667
-4.0,4,42,0.00014568811511317392,0.0001112639725756791,MC,MC,tangent,tangent,0.5,0.5,0.0,3.2274809474511925,3.2274809474511925,0.0,245990.43759274666,245990.43759274666,1.110004236319405,1.9054217458081666,6.087242441940546,7.197246678259951,1.1742502358915232
-4.0,4,56,0.0001651577024572859,0.000126133158237339,MC,MC,tangent,tangent,0.5,0.5,0.0,2.587487756187829,2.587487756187829,0.0,245990.43759274666,245990.43759274666,1.1790846079502242,1.642395365593676,5.922176686520635,7.101261294470859,1.354564170952751
-4.0,4,70,0.00018722918241986797,0.00014298944427929713,MC,MC,tangent,tangent,0.5,0.5,0.0,2.273405537144467,2.273405537144467,0.0,245803.22913084476,245803.22913084476,1.2736112943341686,1.528200323106234,5.771448610152962,7.045059904487131,1.4092314491027251
-4.0,4,84,0.00021225026885263176,0.00016209838444580349,MC,MC,tangent,tangent,0.5,0.5,0.0,2.0446789330766806,2.0446789330766806,0.0,245803.22913084476,245803.22913084476,1.372243921381199,1.4525967904648733,5.62676419201928,6.999008113400479,1.4644076141403242
-4.0,4,98,0.00024061514367423875,0.0001837610207686923,MC,MC,tangent,tangent,0.5,0.5,0.0,1.8919830725896447,1.8919830725896447,0.0,245788.47915297747,245788.47915297747,1.4768406368834162,1.3877054930622588,5.488459600656558,6.965300237539974,1.5477887043770235
-4.0,4,112,0.00027277066680952977,0.00020831862618147669,MC,MC,tangent,tangent,0.5,0.5,0.0,1.7749166118540574,1.7749166118540574,0.0,245788.47915297747,245788.47915297747,1.5789466370491823,1.3432054611459148,5.35861430809152,6.937560945140702,1.6137551664945815
-4.0,4,126,0.0003092234160142482,0.00023615808092815387,MC,MC,tangent,tangent,0.5,0.5,0.0,1.671764722082199,1.671764722082199,0.0,245788.47915297747,245788.47915297747,1.6820139629538582,1.3083199582907221,5.229544184520066,6.911558147473924,1.6927277057044277
-4.0,4,140,0.0003505476674960928,0.0002677179674708184,MC,MC,tangent,tangent,0.5,0.5,0.0,1.5730090972285613,1.573009097228559,5.785964799319719e-16,238654.25527513574,238654.25527513574,1.7813671187120204,1.2841983311618057,5.103747106638561,6.8851142253505815,1.821200752988714
-4.0,4,154,0.0003973944430566423,0.0003034954799136069,MC,MC,tangent,tangent,0.5,0.5,0.0,1.5230631765588725,1.5230631765588682,1.157192959863943e-15,238654.25527513574,238654.25527513574,1.8881437922029531,1.260607051320503,4.9829571170651485,6.871100909268102,1.8515084237354908
-4.0,4,168,0.00045050176627992045,0.00034405425679181925,MC,MC,tangent,tangent,0.5,0.5,0.0,1.4767335210663626,1.4767335210663626,0.0,238654.25527513574,238654.25527513574,1.9930015820670413,1.2452932466353823,4.864683542231107,6.857685124298149,1.8748611584942878
-4.0,4,182,0.0005107062893487946,0.00039003326062794845,MC,MC,tangent,tangent,0.5,0.5,0.0,1.4379259716953279,1.4379259716953259,5.785964799319719e-16,238654.25527513574,238654.25527513574,2.0995566845584737,1.2221714993644204,4.7465628344657445,6.846119519024218,1.8951797292813917
-4.0,4,196,0.0005789564736542463,0.0004421568441402191,MC,MC,tangent,tangent,0.5,0.5,0.0,1.4050092386150779,1.4050092386150759,5.785964799319719e-16,238654.25527513574,238654.25527513574,2.2067864340214074,1.2084589122640181,4.6292757369776005,6.836062170999008,1.904864760321719
-4.0,4,210,0.0006563275318451911,0.0005012461616869606,MC,MC,tangent,tangent,0.5,0.5,0.0,1.3752641801383416,1.3752641801383434,-5.785964799319727e-16,238654.25527513574,238654.25527513574,2.310418924484279,1.1925843276491863,4.51635019815682,6.826769122641099,1.9110234896299059
-4.0,4,224,0.0007440383667169925,0.0005682321057235415,FC,FC,plateau_recentred,plateau_recentred,0.5375530552409566,0.5375530552409566,0.0,1.1738959872891361,1.1738959872891361,0.0,238654.25527513574,238654.25527513574,2.420763477252919,1.3116119643982198,4.337249131880032,6.758012609132951,1.8594496506855291
-4.0,4,238,0.000843470773792987,0.0006441699720720973,FC,FC,plateau_recentred,plateau_recentred,0.5330036909786515,0.5330036909786515,0.0,1.1698695542770694,1.1698695542770694,0.0,238654.25527513574,238654.25527513574,2.523005317798974,1.2830996377490747,4.2335151119089,6.756520429707874,1.8434359204362838
-4.0,4,252,0.0009561912101145875,0.0007302560850392562,FC,FC,plateau_recentred,plateau_recentred,0.5364321709866292,0.5364321709866292,0.0,1.136344251603862,1.136344251603862,0.0,238654.25527513574,238654.25527513574,2.6331981152578225,1.283249558853179,4.110694795130238,6.743892910388061,1.7723849341543436
-4.0,4,266,0.0010839754721896355,0.0008278466442971395,FC,FC,plateau_recentred,plateau_recentred,0.5330664355367977,0.5330664355367977,0.0,1.1328005162683152,1.1328005162683152,0.0,238654.25527513574,238654.25527513574,2.7392038739837927,1.264007223228176,4.003332555341857,6.74253642932565,1.7615096002785693
-4.0,4,280,0.001228836671870237,0.0009384790904374559,FC,FC,plateau_recentred,plateau_recentred,0.5338477823512652,0.5338477823512652,0.0,1.1096904778288474,1.1096904778288474,0.0,238654.25527513574,238654.25527513574,2.8441768208601603,1.2544149133804114,3.889408029594673,6.733584850454833,1.7084724022331739
-4.0,4,294,0.0013930569508946444,0.0010638963257936006,FC,FC,plateau_recentred,plateau_recentred,0.525063528778577,0.525063528778577,0.0,1.134443449305295,1.134443449305295,0.0,238654.25527513574,238654.25527513574,2.948749296915993,1.2100819050101437,3.794416545818907,6.7431658427349,1.7326155403509906
-4.0,4,308,0.001579223433723298,0.0012060741721049975,FC,FC,plateau_recentred,plateau_recentred,0.5209328606104279,0.5209328606104279,0.0,1.1347346328998453,1.1347346328998453,0.0,238654.25527513574,238654.25527513574,3.0507830246787306,1.184195406170511,3.6924942764119675,6.743277301090698,1.7255990004729944
-4.0,4,322,0.0017902689850683995,0.0013672524975904996,FC,FC,plateau_recentred,plateau_recentred,0.5162661152482618,0.5162661152482618,0.0,1.1248007773628301,1.1248007773628301,0.0,238849.22979241124,238849.22979241124,3.1519384303042948,1.1627841962794456,3.5875201685698155,6.73945859887411,1.7772314287440536
-4.0,4,336,0.0020295184142127276,0.0015499705038079766,FC,FC,plateau_recentred,plateau_recentred,0.5127457070154607,0.5127457070154607,0.0,1.1363099781229216,1.1363099781229216,0.0,238849.22979241124,238849.22979241124,3.2568047592301763,1.1410014265647395,3.4870750521272846,6.743879811357461,1.7926842690912086
-4.0,4,350,0.002300740854018324,0.0017571067282075867,FC,FC,plateau_recentred,plateau_recentred,0.5117701809436016,0.5117701809436016,0.0,1.1323014520641408,1.1323014520641408,0.0,238849.22979241124,238849.22979241124,3.3636719307408036,1.1306465280612081,3.378673124565905,6.742345055306709,1.7794254405527157
-4.0,4,364,0.002608209139803419,0.0019919243925785525,FC,FC,plateau_recentred,plateau_recentred,0.5124817101044303,0.5124817101044303,0.0,1.1211015961549458,1.1211015961549458,0.0,238654.25527513574,238654.25527513574,3.4685599189671446,1.1252486699287816,3.2694680429764706,6.738027961943615,1.7463662468172172
-4.0,4,378,0.0029567671235433135,0.002258122811809544,FC,FC,plateau_recentred,plateau_recentred,0.5126598916754683,0.5126598916754683,0.0,1.1151384828533613,1.1151384828533613,0.0,238654.25527513574,238654.25527513574,3.576740944422382,1.1258903210975464,3.1589708499823006,6.735711794404683,1.7258011606082424
-4.0,4,392,0.0033519059838602594,0.002559895672854091,FC,FC,plateau_recentred,plateau_recentred,0.5104493677134885,0.5104493677134885,0.0,1.1192325366791076,1.1192325366791076,0.0,238654.25527513574,238654.25527513574,3.6824226951244925,1.1088438912184955,3.0548806227643515,6.737303317888844,1.709250212491921
-4.0,4,406,0.0037998507339918053,0.0029019971020292764,FC,FC,plateau_recentred,plateau_recentred,0.5098713982484376,0.5098713982484376,0.0,1.1112232743355703,1.1112232743355703,0.0,238849.22979241124,238849.22979241124,3.786253642539595,1.1019698363273431,2.9479306775432654,6.734184320082861,1.6909387990779192
-4.0,4,420,0.004307658290578997,0.003289816561468016,FC,FC,plateau_recentred,plateau_recentred,0.5093058286665123,0.5093058286665123,0.0,1.1049952533815226,1.1049952533815226,0.0,238849.22979241124,238849.22979241124,3.886186803964727,1.096661286080737,2.8455565995570096,6.731743403521737,1.6849468868482724
-4.0,4,434,0.004883328648255025,0.003729463754647366,FC,FC,plateau_recentred,plateau_recentred,0.5100267319363163,0.5100267319363163,0.0,1.094915529940681,1.094915529940681,0.0,238849.22979241124,238849.22979241124,3.9959875122261526,1.1030887234406535,2.7317760945359213,6.727763606762074,1.6780661100779872
-4.0,4,448,0.005535930911470199,0.004227864878588006,FC,FC,plateau_recentred,plateau_recentred,0.5111134270534876,0.5111134270534876,0.0,1.080616304235308,1.080616304235308,0.0,238849.22979241124,238849.22979241124,4.102831872000708,1.1123976943520508,2.6192226348977696,6.722054506898478,1.6681896648199155
-4.0,4,462,0.006275746169065011,0.004792871739086915,FC,FC,plateau_recentred,plateau_recentred,0.5131459364055443,0.5131459364055443,0.0,1.0616216855979692,1.0616216855979692,0.0,238849.22979241124,238849.22979241124,4.2062352893732005,1.1296641435550594,2.5081174828988573,6.714352772272058,1.6421494621605062
-4.0,4,476,0.007114429462428795,0.005433385447978123,FC,FC,plateau_recentred,plateau_recentred,0.5129136888841753,0.5129136888841753,0.0,1.0347850832589784,1.0347850832589784,0.0,238849.22979241124,238849.22979241124,4.298316316338111,1.1318533230181855,2.404916834317075,6.703233150655186,1.6448549494987275
-4.0,4,490,0.008065193398893555,0.006159496651150619,FC,FC,plateau_recentred,plateau_recentred,0.5136715542178492,0.5136715542178492,0.0,1.0247864330698795,1.0247864330698795,0.0,238849.22979241124,238849.22979241124,4.39942711730576,1.1399079834203076,2.2995892409887597,6.69901635829452,1.636147382051304
-4.0,4,504,0.009143016303003959,0.00698264449647225,FC,FC,plateau_recentred,plateau_recentred,0.5122298976503454,0.5122298976503454,0.0,1.0310217253785752,1.0310217253785752,0.0,238849.22979241124,238849.22979241124,4.4976741845043176,1.1368229112509072,2.2039766232501625,6.70165080775448,1.6523205310857227
-4.0,4,518,0.010364878184875526,0.007915796845997927,FC,FC,plateau_recentred,plateau_recentred,0.5117718412639338,0.5117718412639338,0.0,1.0295540106492607,1.0295540106492607,0.0,238849.22979241124,238849.22979241124,4.5902242253697105,1.1440072881682843,2.110807900426516,6.701032125796226,1.657386699992556
-4.0,4,532,0.011750028243087796,0.008973654571526248,FC,FC,plateau_recentred,plateau_recentred,0.5108301923524174,0.5108301923524174,0.0,1.0294234868865995,1.0294234868865995,0.0,238849.22979241124,238849.22979241124,4.682970679479341,1.154972592359109,2.018006384277572,6.7009770637569135,1.6687147315851103
-4.0,4,546,0.013320288116345003,0.010172883151970562,FC,FC,plateau_recentred,plateau_recentred,0.5147147920299102,0.5147147920299102,0.0,0.9872036781935309,0.9872036781935309,0.0,238849.22979241124,238849.22979241124,4.777828073531447,1.1965187434347395,1.9049616823382562,6.682789755869703,1.604056291421969
-4.0,4,560,0.015100395661331367,0.011532375221129829,FC,FC,plateau_recentred,plateau_recentred,0.5114666826618373,0.5114666826618373,0.0,1.0200956455626904,1.0200956455626904,0.0,238849.22979241124,238849.22979241124,4.881232546770799,1.1833261800965487,1.8157913379970516,6.697023884767851,1.6706498434579533
-4.0,4,574,0.01711839467263121,0.013073548202032166,FC,FC,plateau_recentred,plateau_recentred,0.5122035861555968,0.5122035861555968,0.0,0.9982371895255866,0.9982371895255866,0.0,238849.22979241124,238849.22979241124,4.969736014170667,1.202469868033699,1.7178807224406913,6.687616736611358,1.6484042491732736
-4.0,4,588,0.019406076684359785,0.01482068171678121,FC,FC,plateau_recentred,plateau_recentred,0.5116464162347385,0.5116464162347385,0.0,0.9949840869090739,0.9949840869090739,0.0,238849.22979241124,238849.22979241124,5.066048755226677,1.2108617387293312,1.620150370819764,6.686199126046441,1.6570881637000168
-4.0,4,602,0.02199948181363931,0.016801300087453574,FC,FC,plateau_recentred,plateau_recentred,0.5129367884696282,0.5129367884696282,0.0,0.9788726079557322,0.9788726079557322,0.0,225001.02804397332,225001.02804397332,5.160402484745114,1.2329621637440162,1.5187066820104507,6.679109166755564,1.6258416056938834
-4.0,4,616,0.02493946653620638,0.019046605953965113,FC,FC,plateau_recentred,plateau_recentred,0.5101598648421556,0.5101598648421556,0.0,0.9989195993259081,0.9989195993259081,0.0,225001.02804397332,225001.02804397332,5.261086575262416,1.217435063352312,1.4268269500876771,6.687913525350093,1.6810409689853287
-4.0,4,630,0.028272347338879067,0.02159197184011521,FC,FC,plateau_recentred,plateau_recentred,0.514188322520946,0.514188322520946,0.0,0.9523213716799709,0.9523213716799709,0.0,238849.22979241124,238849.22979241124,5.350781997109903,1.2726199620289087,1.3163845246744401,6.667166521784343,1.6206293911648084
-4.0,4,644,0.03205063038897715,0.02447749741193485,FC,FC,plateau_recentred,plateau_recentred,0.5140281307585622,0.5140281307585622,0.0,0.9380340504625133,0.9380340504625133,0.0,238849.22979241124,238849.22979241124,5.440274303674582,1.2939157537937567,1.2203272908522935,6.6606015945268755,1.6105707668743596
-4.0,4,658,0.036333838715903344,0.027748641207383285,FC,FC,plateau_recentred,plateau_recentred,0.51411472419715,0.51411472419715,0.0,0.9375214467120345,0.9375214467120345,0.0,229328.60688943067,229328.60688943067,5.5409651734149765,1.3044469680422541,1.119399029058063,6.66036420247304,1.6207520224812526
-4.0,4,672,0.04118944993628881,0.031456936789651245,FC,FC*,plateau_recentred,plateau,0.5137031595025514,0.51892745620948,-0.005224296706928588,0.9189109832838346,0.9378543631644207,-0.008861960751938356,229328.60688943067,229328.60688943067,6.630136586844914,1.2744701757452646,0.03038180742153873,6.660518394266453,1.5358399162002356
-4.0,4,686,0.04669395929562081,0.03566080460634663,FC,FC*,plateau_recentred,plateau,0.5137821364434111,0.5190764842601873,-0.005294347816776179,0.9154414888351993,0.9302935953291122,-0.006989439786329496,229328.60688943067,229328.60688943067,6.626621214667527,1.27355252360236,0.03038180742153873,6.657003022089066,1.5455916379901775
-4.0,4,700,0.05293408477349404,0.04042647234458,FC,FC*,plateau_recentred,plateau,0.513222054695422,0.5181927318213139,-0.004970677125891831,0.8971122727895481,0.9155547532595694,-0.008837523680892493,229328.60688943067,229328.60688943067,6.619685505318685,1.2765322619638757,0.03038180742153873,6.650067312740224,1.5321276074160044
-4.0,4,714,0.060008133237702044,0.04582901828121483,FC,FC*,plateau_recentred,plateau,0.5122498217255085,0.5179327549615939,-0.005682933236085375,0.9077756244214806,0.916124283066972,-0.003975877940702758,222711.18963118753,222711.18963118753,6.619955578465453,1.2782527439673095,0.03038180742153873,6.650337385886992,1.5531620151727767
-4.0,4,728,0.06802754916954634,0.051953554065211696,FC,FC*,plateau_recentred,plateau,0.5141421436206206,0.5175252790782067,-0.0033831354575860617,0.8686036781617558,0.8945061514885112,-0.012761667462278395,222711.18963118753,222711.18963118753,6.609584515172885,1.2680394333149414,0.03038180742153873,6.639966322594423,1.545796096885913
-4.0,4,742,0.07711867035896258,0.05889656556560496,FC,FC*,plateau_recentred,plateau,0.514333251923299,0.5179221512533575,-0.0035888993300584593,0.8481241796742921,0.8708516712961144,-0.011484744709490092,222711.18963118753,222711.18963118753,6.5979453732844195,1.2872700595268325,0.03038180742153873,6.628327180705958,1.5292748258426752
-4.0,4,756,0.08742471822866626,0.06676743290881665,FC,FC*,plateau_recentred,plateau,0.5136813781585902,0.5172044244441888,-0.00352304628559863,0.8351178446154367,0.8568197483145095,-0.01114170403389564,222711.18963118753,222711.18963118753,6.590890651357915,1.2914100885587114,0.03038180742153873,6.621272458779454,1.5370974555660586
-4.0,4,770,0.09910805414286328,0.07569015365195925,FC,FC*,plateau_recentred,plateau,0.5132313304788606,0.5164511348678728,-0.0032198043890121486,0.81785672640224,0.8402958201865268,-0.011754973419977608,222711.18963118753,222711.18963118753,6.582433386904532,1.3168426606721686,0.03038180742153873,6.612815194326071,1.5450359912733096
-4.0,4,784,0.11235273724638661,0.08580529623897953,FC,FC*,plateau_recentred,plateau,0.5118109430744858,0.5154670968322033,-0.0036561537577174397,0.8040556361107536,0.8198432794138395,-0.00844474041702269,222711.18963118753,222711.18963118753,6.571732024562325,1.341909764886261,0.03038180742153873,6.602113831983864,1.5501820531283477
-4.0,4,798,0.127367424130429,0.0972722145143704,FC,FC*,plateau_recentred,plateau,0.5098870718545092,0.5141434143209678,-0.0042563424664585625,0.8016061499531347,0.8098712434037686,-0.004454938018681373,223049.51336942485,223049.51336942485,6.566417162109338,1.3766268230113567,0.03038180742153873,6.596798969530877,1.5813972996196168
-4.0,4,812,0.14438865600617423,0.1102715581818755,FC,FC*,plateau_recentred,plateau,0.5094346516316455,0.5125413316431588,-0.003106680011513374,0.7759472247330133,0.7899856572623946,-0.0077870222824560084,223049.51336942485,223049.51336942485,6.555620390075217,1.3880405994251395,0.03038180742153873,6.5860021974967555,1.6039536160098395
-4.0,4,826,0.1636845851724229,0.12500811875792486,FC,FC*,plateau_recentred,plateau,0.5093725900493522,0.5111540901969374,-0.0017815001475851577,0.739740011341556,0.7613955271822258,-0.012531211599277453,216651.26534747647,216651.26534747647,6.53961150485383,1.4028191815111954,0.03038180742153873,6.569993312275368,1.599703155108084
-4.0,4,840,0.18555919948394317,0.14171405585492053,FC,FC*,plateau_recentred,plateau,0.5091886357694644,0.5104942487676214,-0.001305612998157013,0.7113182123638944,0.7334122047142302,-0.013284204403068215,216651.26534747647,216651.26534747647,6.523349316410995,1.4369733873149526,0.03038180742153873,6.5537311238325335,1.6140835192125653
-4.0,4,854,0.2103571113727749,0.1606525546212045,FC,FC*,plateau_recentred,plateau,0.5088218370221052,0.5093479543373615,-0.0005261173152563137,0.6817828528307693,0.706997918757953,-0.015772061020514642,214559.22895593673,214559.22895593673,6.507419318964783,1.4526378295132996,0.03038180742153873,6.537801126386322,1.6321210537685094
-4.0,4,868,0.23846898686867357,0.1821219719569755,FC,FC*,plateau_recentred,plateau,0.5080753067928123,0.5083061183327885,-0.00023081153997617232,0.6497022119500342,0.6747320056671058,-0.01641696589515839,208441.0702941338,208441.0702941338,6.487132494875358,1.4755030065576509,0.03038180742153873,6.517514302296897,1.6355726491522518
-4.0,4,882,0.27033770014742475,0.20646053682559679,FC,FC*,plateau_recentred,plateau,0.5072963057657248,0.5075418182118061,-0.0002455124460812863,0.6168338352161072,0.6392826534563899,-0.015524732206282501,208441.0702941338,208441.0702941338,6.463694103909509,1.503740971501835,0.030381807421537843,6.494075911331047,1.6447281423231344
-4.0,4,896,0.30646531056571247,0.23405167870894525,FC,FC*,plateau_recentred,plateau,0.5063061049892962,0.5069020599240099,-0.0005959549347137605,0.5869745405410417,0.6053077607118538,-0.013356977533011299,202497.37099067745,202497.37099067745,6.4399774257123825,1.5336025608259445,0.03038180742153873,6.470359233133921,1.6568202548365114
-4.0,4,910,0.3474209720986756,0.26533006815123095,FC,FC*,plateau_recentred,plateau,0.5061261108373417,0.5062066574510933,-8.054661375156424e-05,0.5433063510809588,0.5632632549031531,-0.015666638652321634,196723.15633513647,196723.15633513647,6.4087126041128695,1.5385788229617428,0.03038180742153873,6.439094411534408,1.6494835960535021
-4.0,4,924,0.3938498997853399,0.30078846455394537,FC,FC*,plateau_recentred,plateau,0.5056938782917478,0.5053066604003563,0.0003872178913915114,0.5041211875602789,0.5243280924045491,-0.017068176272695294,191113.59347099974,191113.59347099974,6.377604310559527,1.5066111830552968,0.03038180742153873,6.407986117981066,1.6595983391312934
-4.0,4,938,0.44648353443920774,0.340985479102023,FC,FC*,plateau_recentred,plateau,0.5051601001684518,0.5047665378764477,0.00039356229200415704,0.4629356583990952,0.48167245857854013,-0.01723118028017017,197367.7430957032,197367.7430957032,6.340752998246402,1.5193100628082266,0.03038180742153873,6.371134805667941,1.6683731366279113
-4.0,4,952,0.5016364722968638,0.38310651938382895,FC,FC*,plateau_recentred,plateau,0.5047494957386899,0.5048106872757182,-6.119153702832669e-05,0.4253133751289203,0.4401889815311116,-0.01493012693815314,186337.66716858908,186337.66716858908,6.301640351061812,1.5336214108701436,0.03038180742153873,6.332022158483351,1.6526962417438509
-4.0,4,966,0.5437616319255452,0.41527807024802077,FC,FC*,plateau_recentred,plateau,0.504223585481382,0.5042379641341372,-1.4378652755220322e-05,0.39903025329882774,0.41308615101142593,-0.015034811344818298,186337.66716858908,186337.66716858908,6.274041818839422,1.5041398105596047,0.03038180742153873,6.30442362626096,1.656977480865817
-4.0,4,980,0.5841669263524998,0.44613613693067766,FC,FC*,plateau_recentred,plateau,0.5043706738500616,0.5041126325412518,0.0002580413088097977,0.3738109653527052,0.3887464847338543,-0.017014438112775875,192570.53194313927,192570.53194313927,6.247667658546465,1.5125681960018529,0.03038180742153873,6.278049465968004,1.663418885979895
-4.0,4,994,0.6278195488721805,0.47947423174447373,FC,FC*,plateau_recentred,plateau,0.5040940496166105,0.5037696548442272,0.0003243947723833296,0.3507125911288866,0.36494517640009744,-0.01727626980156232,181872.3167173778,181872.3167173778,6.220228811442831,1.4678666144977697,0.03038180742153873,6.2506106188643695,1.6554516264340822
-4.0,4,1008,0.674207802630171,0.5149015649209189,FC,VFC,plateau_recentred,plateau,0.5039787451251527,0.5040820656440502,-0.00010332051889749838,0.3285764052831198,0.3408931994851126,-0.015981963527348538,181872.3167173778,181872.3167173778,nan,nan,nan,6.221001328580567,1.852663505447526
-4.0,4,1022,0.724306160386226,0.5531623544103438,FC,VFC,plateau_recentred,plateau,0.5039487852737401,0.5043399280198446,-0.0003911427461045225,0.3040308123979039,0.31418806106046043,-0.014272078134947748,188087.68209843585,188087.68209843585,nan,nan,nan,6.185572669165329,1.8480886996522619
-4.0,4,1036,0.771186703589626,0.5889656556560497,FC,VFC,plateau_recentred,plateau,0.5039999653277896,0.5043853031861787,-0.00038533785838912316,0.28498081707984113,0.29530307033779263,-0.015452335135704556,182820.49637681464,182820.49637681464,nan,nan,nan,6.158650953506149,1.8421292901763389
-4.0,4,1050,0.8233082706766917,0.6287715973176031,FC,VFC,plateau_recentred,plateau,0.504022140291905,0.5047247336222113,-0.0007025933303063114,0.26482377865141987,0.2732533882961955,-0.013608577809970221,181436.47190456884,181436.47190456884,nan,nan,nan,6.124948546886198,1.8348341552795675
-4.0,4,1064,0.8759398496240602,0.6689670418949843,FC,VFC,plateau_recentred,plateau,0.5040784338011289,0.505202074032939,-0.001123640231810108,0.24612268334084236,0.2533498390431043,-0.01256899139635359,176386.46904540644,176386.46904540644,nan,nan,nan,6.092103623765395,1.8227910645679197
-4.0,4,1078,0.9308326223135523,0.7108893905394301,FC,VFC,plateau_recentred,plateau,0.5043633437220209,0.5053183684891465,-0.0009550247671256118,0.22785992885812745,0.2350376022096638,-0.013469390464117385,182574.3429573943,182574.3429573943,nan,nan,nan,6.059520338965723,1.823711783401805
-4.0,4,1092,0.9887218045112784,0.7551001374179438,FC,VFC,plateau_recentred,plateau,0.5051394305938145,0.5059267357449683,-0.0007873051511537721,0.20998081416896786,0.21734567555819714,-0.014971388325907286,177523.79175178948,177523.79175178948,nan,nan,nan,6.025533994677881,1.8158404598219253
-4.0,4,1106,1.045815930351596,0.7987036890652053,FC,VFC,plateau_recentred,plateau,0.5054466757203824,0.5066476806465485,-0.0012010049261661493,0.19444022655614124,0.2008703108568632,-0.014129633231638641,178793.79555704206,178793.79555704206,nan,nan,nan,5.991298742714154,1.8115362254310994
-4.0,4,1120,1.1035742449353014,0.8428144905871184,FC,VFC,plateau_recentred,plateau,0.506195722196812,0.5075529695981781,-0.0013572474013661129,0.17988976616646782,0.18607005710772773,-0.01467003365624251,173878.30899850762,173878.30899850762,nan,nan,nan,5.958059481973779,1.8071425888059156
-4.0,4,1134,1.1645224352961225,0.8893614431341795,FC,VFC,plateau_recentred,plateau,0.507028271606111,0.507894056334353,-0.0008657847282420583,0.1656600143303768,0.17238634644792655,-0.017285170742138457,173878.30899850762,173878.30899850762,nan,nan,nan,5.924885856385896,1.8052716590250515
-4.0,4,1148,1.2288366718702433,0.9384790904374607,FC,VFC,plateau_recentred,plateau,0.5075398255078767,0.5081961672942212,-0.0006563417863445498,0.15281572634859286,0.15942382524713627,-0.018385175449297343,175275.82132524464,175275.82132524464,nan,nan,nan,5.890936216519883,1.8045649709015232
-4.0,4,1162,1.2894736842105265,0.9847883921458354,FC,VFC,plateau_recentred,plateau,0.5084771570331518,0.5086166944433175,-0.0001395374101657021,0.1414300996460177,0.14844354104222207,-0.021019458304865707,170486.94150321424,170486.94150321424,nan,nan,nan,5.859944296717979,1.8020029284222392
-4.0,4,1176,1.3561125023080152,1.0356813536170912,FC,VFC,plateau_recentred,plateau,0.5083888358147568,0.5086789574995528,-0.00029012168479602973,0.13106786917583638,0.137334391349694,-0.02028306812349713,165828.90328715355,165828.90328715355,nan,nan,nan,5.826162298158731,1.7808236575618615
-4.0,4,1190,1.4182440582626876,1.0831320583808584,FC,VFC,plateau_recentred,plateau,0.5093811044100439,0.5061927844393244,0.0031883199707195553,0.12622822031322817,0.135565171263271,-0.030991667903216166,165828.90328715355,165828.90328715355,nan,nan,nan,5.82053111811252,1.7731950056292574
-4.0,4,1204,1.4849624060150375,1.1340857577189647,FC,VFC,plateau_recentred,plateau,0.509603061239325,0.50587382873076,0.003729232508564939,0.12246794636550362,0.13205533459574115,-0.03273351462032397,154624.54016877236,154624.54016877236,nan,nan,nan,5.809138941000392,1.7717634882581115
-4.0,4,1218,1.5526315789473681,1.18576561503274,FC,VFC,plateau_recentred,plateau,0.5101052863898198,0.5060789771093381,0.004026309280481644,0.11832126681306787,0.12773039099802208,-0.033231430793926285,154624.54016877236,154624.54016877236,nan,nan,nan,5.794677232657424,1.7798219986095514
-4.0,4,1232,1.6222460729620618,1.238931140215791,FC,VFC,plateau_recentred,plateau,0.5103051561846268,0.5058006423840733,0.0045045138005535,0.11477766289370536,0.12435123000928866,-0.034792708029589774,148227.06346036153,148227.06346036153,nan,nan,nan,5.7830330764653075,1.7820687149660506
-4.0,4,1246,1.6954887218045114,1.294867536028489,FC,VFC,plateau_recentred,plateau,0.5107752847440292,0.5060079044681038,0.004767380275925381,0.11093046769402125,0.12029724624260056,-0.035204841876934186,144177.2088488293,144177.2088488293,nan,nan,nan,5.768638676951337,1.7858983713242382
-4.0,4,1260,1.763157894736842,1.3465473933422645,FC,VFC,plateau_recentred,plateau,0.5107199249856261,0.5057628956839595,0.004957029301666638,0.10808613055320263,0.11737507279199634,-0.03580590508336136,138211.9827955313,138211.9827955313,nan,nan,nan,5.757958865661117,1.7867925298905798
-4.0,4,1274,1.8383458646616537,1.4039694570242371,FC,VFC,plateau_recentred,plateau,0.5108951976098951,0.5059844791683558,0.004910718441539341,0.10490675206104388,0.11363371599245135,-0.03470376761649312,134435.7598654779,134435.7598654779,nan,nan,nan,5.743890200041426,1.7904236955086372
-4.0,4,1288,1.9061437174542544,1.455747588877655,FC,VFC,plateau_recentred,plateau,0.5113412445684387,0.5057609118853829,0.0055803326830558,0.10183807251538722,0.11100756600335056,-0.037442409390546105,128873.57910440286,128873.57910440286,nan,nan,nan,5.733735571294147,1.7907053062398537
-4.0,4,1302,1.981203007518797,1.5130713780199858,FC,VFC,plateau_recentred,plateau,0.5112764873889912,0.5060007606276317,0.005275726761359567,0.0991892091724834,0.10763591599958161,-0.03549278340552861,125352.49971136583,125352.49971136583,nan,nan,nan,5.720340202138701,1.7932554822766995
-4.0,4,1316,2.056390977443609,1.570493441701959,FC,VFC,plateau_recentred,plateau,0.5114346833862574,0.5057738260660394,0.005660857320218038,0.09653370940298177,0.10506741879715602,-0.036789068323739155,120166.1321634388,120166.1321634388,nan,nan,nan,5.709851054080554,1.7941034646729035
-4.0,4,1330,2.1315789473684212,1.6279155053839318,FC,VFC,plateau_recentred,plateau,0.5118533803897761,0.5055538351646305,0.006299545225145642,0.09356761696173041,0.10245972250137117,-0.03942760657700633,120166.1321634388,120166.1321634388,nan,nan,nan,5.698936166364976,1.800750191402921
-4.0,4,1344,2.206766917293233,1.6853375690659045,FC,VFC,plateau_recentred,plateau,0.5117848686776941,0.5058200918356853,0.005964776842008801,0.0913189081705213,0.09953297162700375,-0.03740626010436256,116882.957329295,116882.957329295,nan,nan,nan,5.686349961483064,1.8025275863724195
-4.0,4,1358,2.281954887218045,1.7427596327478774,FC,VFC,plateau_recentred,plateau,0.5121895984469891,0.505617034450966,0.006572563996023129,0.08878829584487571,0.09734221073059734,-0.03994548479215782,112047.01087274874,112047.01087274874,nan,nan,nan,5.676684196296531,1.8021392125884814
-4.0,4,1372,2.3634197261974306,1.8049754257316994,FC,VFC,plateau_recentred,plateau,0.5121163938777816,0.5054031460317684,0.006713247846013237,0.08653383417939857,0.09497586728815578,-0.04042732102484914,108985.66638478515,108985.66638478515,nan,nan,nan,5.665996259130515,1.8048313084596062
-4.0,4,1386,2.4398496240601504,1.8633459664800205,FC,VFC,plateau_recentred,plateau,0.5122559583734185,0.5056881075413603,0.006567850832058242,0.08447056706667906,0.09242409187925761,-0.03907978237656647,104476.46453696591,104476.46453696591,nan,nan,nan,5.654168183121212,1.8034698290451001
-4.0,4,1400,2.5618890136872023,1.9565490893982405,FC,VFC,plateau_recentred,plateau,0.5126032103079234,0.5053921256025933,0.007211084705330162,0.08101740654199552,0.08919152573994744,-0.04174525635734215,104476.46453696591,104476.46453696591,nan,nan,nan,5.638706584226525,1.8122529346611902
-4.0,4,1414,2.9042568305729306,2.218019994963716,FC,VFC,plateau_recentred,plateau,0.5129403950060142,0.505587265093315,0.007353129912699208,0.07339546052107888,0.08067725586821278,-0.04108191801839235,90835.34141964234,90835.34141964234,nan,nan,nan,5.595134108883071,1.8124479999188448
-4.0,4,1428,3.2923782774609203,2.5144335630096193,FC,VFC,plateau_recentred,plateau,0.5132807682924252,0.50530146795286,0.007979300339565176,0.06608652644579184,0.07303090387300117,-0.04339375010860562,84697.9785771383,84697.9785771383,nan,nan,nan,5.551889666808481,1.8234169762272856
-4.0,4,1442,3.732367815334758,2.8504594896100905,FC,VFC,plateau_recentred,plateau,0.5135270729766824,0.5054888045199919,0.008038268456690534,0.05959753880270516,0.06573746376501363,-0.042584619367337796,73639.26254305628,73639.26254305628,nan,nan,nan,5.5061959354875,1.8229054005379461
-4.0,4,1456,4.231157034510027,3.2313915234980297,FC,VFC,plateau_recentred,plateau,0.5139577862509683,0.5051839269787457,0.008773859272222628,0.053460684841461936,0.05934536891811708,-0.04535231610943157,64411.11295111584,64411.11295111584,nan,nan,nan,5.461769825012175,1.8231431437889971
-4.0,4,1470,4.796603854831481,3.663230863724089,FC,VFC,plateau_recentred,plateau,0.5141241812853197,0.5053526647028765,0.008771516582443128,0.04795363706060479,0.05311937662221175,-0.04443141779019371,59698.58100530604,59698.58100530604,nan,nan,nan,5.413635960817359,1.831238308812342
-4.0,4,1484,5.437616319255451,4.152780702480207,FC,VFC,plateau_recentred,plateau,0.514474281051816,0.505507631553886,0.008966649497930024,0.04287707516809091,0.0475192690392093,-0.04464459895121897,51903.948051060885,51903.948051060885,nan,nan,nan,5.365252742581863,1.8288036281789457
-4.0,4,1498,6.164292931060074,4.707753402514171,FC,VFC,plateau_recentred,plateau,0.5145778285041223,0.5051552443515739,0.009422584152548374,0.03837479473404015,0.042675669985244774,-0.04613428257237583,45399.57279679421,45399.57279679421,nan,nan,nan,5.318563339084213,1.8282759447150916
-4.0,4,1512,6.988081745554302,5.3368919976070845,FC,VFC,plateau_recentred,plateau,0.5147210737648179,0.5052819339257248,0.009439139839093058,0.0342194195396005,0.03802389037140129,-0.045783910776017546,42077.98856499609,42077.98856499609,nan,nan,nan,5.26843954020447,1.8352558621021693
-4.0,4,1526,7.921960722614703,6.050107930230924,FC,VFC,plateau_recentred,plateau,0.514777093633549,0.504882942163395,0.009894151470153933,0.03055174518291342,0.03406790219854352,-0.04730936866770196,36584.01415565582,36584.01415565582,nan,nan,nan,5.220728382863623,1.832864885971066
-4.0,4,1540,8.980642181321814,6.858637196303613,FC,VFC,plateau_recentred,plateau,0.5150178967494047,0.5049793136634796,0.01003858308592509,0.02719102570373189,0.030329845060988292,-0.04744460132271144,31999.4658638439,31999.4658638439,nan,nan,nan,5.170253182789631,1.8304599226563683
-4.0,4,1554,10.180804577672388,7.775217356944574,FC,VFC,plateau_recentred,plateau,0.5152359863144215,0.5050612440119724,0.01017474230244908,0.024126176462256628,0.026918348830315693,-0.047559916785742534,29658.278167760185,29658.278167760185,nan,nan,nan,5.118431407827311,1.8365937541296438
-4.0,4,1568,11.541355256790725,8.814288205871739,FC,VFC,plateau_recentred,plateau,0.5154339242351249,0.5051293126017212,0.010304611633403682,0.021422884791630233,0.023908836235813333,-0.047680485073433365,25785.901496829774,25785.901496829774,nan,nan,nan,5.066941428369895,1.8325722470974368
-4.0,4,1582,13.083728319034785,9.992219253752193,FC,VFC,plateau_recentred,plateau,0.5152937475108931,0.5046461983680581,0.010647549142834944,0.019059333325901328,0.021327992318346378,-0.0488422702167665,23048.867729256286,23048.867729256286,nan,nan,nan,5.017332966703291,1.834272864052376
-4.0,4,1596,14.832222292576159,11.327567613292167,FC,VFC,plateau_recentred,plateau,0.5154631934156044,0.5046852357708379,0.010777957644766523,0.01691963481656084,0.018939858050572602,-0.048985734504890584,19609.66060537077,19609.66060537077,nan,nan,nan,4.965759710804892,1.8262550438634453
-4.0,4,1610,16.814382932144426,12.841370347785583,FC,VFC,plateau_recentred,plateau,0.5156186858695925,0.5047116999051239,0.010906985964468596,0.014968046586759926,0.016760315180757247,-0.049117055158956556,18174.952403395942,18174.952403395942,nan,nan,nan,4.9126651724096195,1.8317489888223877
-4.0,4,1624,19.061437174542544,14.55747588877655,FC,VFC,plateau_recentred,plateau,0.5155714505931281,0.5041554539739534,0.011415996619174695,0.013286415084322647,0.014936445178809698,-0.05083943300111531,15801.913035295087,15801.913035295087,nan,nan,nan,4.8626302402769,1.8289416612078648
-4.0,4,1638,21.608785087464042,16.502919743986272,FC,VFC,plateau_recentred,plateau,0.5157068893451592,0.5041518591094603,0.011555030235698927,0.011759968163056694,0.013225738682624095,-0.05101379154977552,14124.625561937612,14124.625561937612,nan,nan,nan,4.809802928608581,1.8289320780806324
-4.0,4,1652,24.496557561768185,18.70835041440287,FC,VFC,plateau_recentred,plateau,0.5157160963589065,0.5041363783868447,0.01157971797206181,0.010420868972802661,0.01171402719712195,-0.05080229270664002,12017.037743505598,12017.037743505598,nan,nan,nan,4.757089219071583,1.8201790386758423
-4.0,4,1666,27.77024853309071,21.208512230426944,FC,VFC,plateau_recentred,plateau,0.5158333588534987,0.5041089039893121,0.011724454864186606,0.009201568868919357,0.010347910637437112,-0.050990788641880266,11137.831164615267,11137.831164615267,nan,nan,nan,4.703235660629533,1.825503666532076
-4.0,4,1680,31.4814316928032,24.042792713668874,FC,VFC,plateau_recentred,plateau,0.5157566673002699,0.5034542254716143,0.012302441828655586,0.008153733672670298,0.009209740838590101,-0.052890887470439005,9683.603871895966,9683.603871895966,nan,nan,nan,4.652630400407274,1.8228536585343913
-4.0,4,1694,35.6885729793766,27.255843087528657,FC,VFC,plateau_recentred,plateau,0.5158623395130909,0.503394915119572,0.012467424393518889,0.007206091401365205,0.008144046458859229,-0.053140476123126654,8655.741774755665,8655.741774755665,nan,nan,nan,4.599223233546063,1.822827159480289
-4.0,4,1708,40.45795165012969,30.898281712075836,FC,VFC,plateau_recentred,plateau,0.5159621794916841,0.5033227777826937,0.012639401708990361,0.006371350766165085,0.00720521228671642,-0.053415265689485736,7364.186409696798,7364.186409696798,nan,nan,nan,4.546029771981832,1.8137614728888107
-4.0,4,1722,45.86470444391582,35.02749152513422,FC,VFC,plateau_recentred,plateau,0.5159456551622231,0.5032370530458773,0.012708602116345835,0.005624228100603569,0.006358805130347252,-0.053312589998809785,6825.397959683042,6825.397959683042,nan,nan,nan,4.491758507007523,1.8192591323606344
-4.0,4,1736,51.994009284476675,39.70852405245032,FC,VFC,plateau_recentred,plateau,0.5158504661537451,0.5024704874194089,0.013379978734336162,0.004978482895429238,0.0056561885014166004,-0.05542685521811562,5934.229845357912,5934.229845357912,nan,nan,nan,4.440906865631985,1.8170909672720872
-4.0,4,1750,58.942427172510946,45.01512422871065,FC,VFC,plateau_recentred,plateau,0.5159380175656981,0.502348071543649,0.013589946022049104,0.004393166166416949,0.004995237198669462,-0.05577848524917294,5304.343491635371,5304.343491635371,nan,nan,nan,4.38693910656275,1.81706538354766
-4.0,4,1764,66.81942340661188,51.030892174427464,FC,VFC,plateau_recentred,plateau,0.5160219513152681,0.5022105428723822,0.013811408442885864,0.003881071079946852,0.004416920664038254,-0.05616800189936512,4611.774089075155,4611.774089075155,nan,nan,nan,4.3335025896587185,1.8124102774611357
-4.0,4,1778,75.7490920983714,57.850600231313365,FC,VFC,plateau_recentred,plateau,0.5161028578323987,0.5020573845680237,0.014045473264374997,0.0034280954482367463,0.003905173314159114,-0.0565874074633848,3923.634155816503,3923.634155816503,nan,nan,nan,4.280023303967983,1.8033386793396653
-4.0,4,1792,85.87211114964163,65.58168600470435,FC,VFC,plateau_recentred,plateau,0.5158884907376222,0.5018871538702239,0.01400133686739835,0.003030225661124993,0.003444682654014961,-0.05567424647976349,3636.567988880562,3636.567988880562,nan,nan,nan,4.225532209180298,1.8092521779196025
-4.0,4,1806,97.34795849064636,74.34594493440733,FC,VFC,plateau_recentred,plateau,0.5159650355590687,0.5009620452202601,0.015002990338808586,0.0026742040590892664,0.003063775074594415,-0.05906233496206425,3161.7541455839705,3161.7541455839705,nan,nan,nan,4.17463986968648,1.8080323291034914
-4.0,4,1820,110.35742449353013,84.28144905871184,FC,VFC,plateau_recentred,plateau,0.5160393105600922,0.5007447541283884,0.015294556431703854,0.002359674890681513,0.002706737244292636,-0.059593927580968056,2826.1510695273673,2826.1510695273673,nan,nan,nan,4.1208290898622115,1.8088350090218621
-4.0,4,1834,125.1054601418827,95.54472219975516,FC,VFC,plateau_recentred,plateau,0.5161116788164273,0.5005079352154144,0.01560374360101291,0.00207987629528286,0.0023888659974846188,-0.06015428363612459,2563.201062322504,2563.201062322504,nan,nan,nan,4.066574779904239,1.8114146876543553
-4.0,4,1848,141.82440582626876,108.31320583808584,FC,VFC,plateau_recentred,plateau,0.5161825042107442,0.5002499692024046,0.015932535008339577,0.0018351855949801826,0.0021107982959019866,-0.06076674324907702,2228.532949072715,2228.532949072715,nan,nan,nan,4.012829725941209,1.806535140883775
-4.0,4,1862,160.7776516321715,122.78805452378606,FC,VFC,plateau_recentred,plateau,0.5159623338158239,0.49916597833145915,0.016796355484364756,0.0016240164781391375,0.0018780103027669624,-0.06310753896528667,1937.5612698142095,1937.5612698142095,nan,nan,nan,3.962080961529037,1.806426429127162
-4.0,4,1876,182.26378678448907,139.19730486303095,FC,VFC,plateau_recentred,plateau,0.5160307656554781,0.49885025757407303,0.017180508081405088,0.00143169689109387,0.0016583093122703168,-0.06381445763653114,1731.899636348497,1731.899636348497,nan,nan,nan,3.908048530585852,1.8077128640221416
-4.0,4,1890,206.62130361888174,157.7994680042606,FC,VFC,plateau_recentred,plateau,0.5160979594259557,0.4985086513645669,0.01758930806138881,0.0012637162719745436,0.0014663362793834304,-0.06458400218205541,1505.7716153536978,1505.7716153536978,nan,nan,nan,3.854616570861472,1.8041061657624788
-4.0,4,1904,234.23393018628633,178.88760221995517,FC*,VFC,plateau,plateau,0.5116416681660976,0.49814105707443873,0.013500611091658843,0.0011971910262752318,0.0012966581939838858,-0.034662055967641214,1281.0898423789808,1281.0898423789808,nan,nan,nan,3.801208499880933,1.7956057763385564
-4.0,4,1918,265.536675500387,202.79392974341852,FC*,VFC,plateau,plateau,0.5118233275851756,0.49774573141445944,0.014077596170716133,0.0010531017565077775,0.001144085146092548,-0.0359880099543242,1187.3610348633442,1187.3610348633442,nan,nan,nan,3.7468413381510124,1.8035062068231975
-4.0,4,1932,301.0226826648105,229.895070594171,FC*,VFC,plateau,plateau,0.5111669391939642,0.4964313855143011,0.01473555367966306,0.0009354363688517301,0.001018576070384501,-0.03697921814540274,1032.3314965547202,1032.3314965547202,nan,nan,nan,3.696376460043428,1.8051651689671926
-4.0,4,1946,341.25099784412686,260.6179758455719,FC*,VFC,plateau,plateau,0.5113449646264228,0.4959635758521911,0.015381388774231675,0.0008235935304398201,0.0008997855191850221,-0.0384260730578325,922.7551000984114,922.7551000984114,nan,nan,nan,3.6425219905635235,1.8077234114070866
-4.0,4,1960,386.85537747094673,295.4466538073099,FC*,VFC,plateau,plateau,0.5115228828575539,0.4954630323103064,0.016059850547247456,0.0007260510993578706,0.0007960003653422231,-0.039946079716411745,802.2742244929127,802.2742244929127,nan,nan,nan,3.5892962581192265,1.8052757152376466
-4.0,4,1974,438.5542724377551,334.92979508696345,FC*,VFC,plateau,plateau,0.511700899902079,0.4949285571555499,0.016772342746529112,0.000640028318330317,0.0007042536189415442,-0.041529897412009714,682.5639089756154,682.5639089756154,nan,nan,nan,3.5361120784208913,1.79767432768918
-4.0,4,1988,497.1621465643256,379.68941665576455,FC*,VFC,plateau,plateau,0.5118790581477918,0.494359769747008,0.01751928840078376,0.0005629171963539298,0.0006217266611226004,-0.0431549753830649,632.6252558654691,632.6252558654691,nan,nan,nan,3.4819824824033594,1.8073567333101377
-4.0,4,2002,563.6023076517386,430.43066109709065,FC*,VFC,plateau,plateau,0.5112194685427176,0.49277369926269243,0.01844576928002517,0.0004999579770871718,0.0005539926459675258,-0.04457049751607484,550.0256097094147,550.0256097094147,nan,nan,nan,3.4318869907321523,1.811370629835632
-4.0,4,2016,638.9214532632683,487.95290541492545,FC*,VFC,plateau,plateau,0.5113947363246967,0.4921181958903465,0.019276540434350176,0.0004404043992738865,0.0004899956479470835,-0.04634057415815908,491.643370601351,491.643370601351,nan,nan,nan,3.378575213772749,1.8163173528167231
-4.0,4,2030,724.3061603862267,553.1623544103444,FC*,VFC,plateau,plateau,0.511570276959345,0.4914254832347015,0.020144793724643506,0.000387547108141006,0.0004330012928172982,-0.04816469248243168,445.9000169513051,445.9000169513051,nan,nan,nan,3.3248721840860074,1.822831442215297
-4.0,4,2044,821.1015787526972,627.0863170219279,FC*,VFC,plateau,plateau,0.5117462231637702,0.49069331154097817,0.021052911622791992,0.0003419747538457624,0.0003837829977297365,-0.05009168518964824,363.669646284064,363.669646284064,nan,nan,nan,3.2724687218589747,1.8088536047643795
-4.0,4,2058,930.8326223135522,710.88939053943,FC*,VFC,plateau,plateau,0.5119225654262809,0.48992106093851046,0.02200150448777044,0.00030075025112450283,0.0003390422095061963,-0.0520477709871394,337.06236149555883,337.06236149555883,nan,nan,nan,3.218636760684557,1.8210223300895638
-3.0,4,14,0.00011336388169258527,8.657752084937072e-05,SC,SC,plateau_recentred,plateau_recentred,0.20533785971073154,0.20533785971073154,0.0,1261.1126643635519,1261.1126643635519,0.0,1404870.5095560318,1404870.5095560318,2.963027331873063,1.0793357509485557,6.8278972183748845,9.790924550247947,1.9864507703674001
-3.0,4,28,0.00012851369672417512,9.814763830810777e-05,SC,SC,plateau_recentred,plateau_recentred,0.17397152077008046,0.17397152077008046,0.0,367.7751606070879,367.7751606070879,0.0,1386820.1087255257,1386820.1087255257,2.430180747609948,1.0568974803914666,6.8255723094582725,9.25575305706822,2.4335803237757965
-3.0,4,42,0.00014568811511317392,0.0001112639725756791,MC,MC,tangent,tangent,0.25,0.25,0.0,90.63585788971923,90.63585788971923,0.0,1429396.0206792436,1429396.0206792436,1.9123601070393048,3.5323701870741777,6.735110606022548,8.647470713061853,0.6025814898378833
-3.0,4,56,0.0001651577024572859,0.000126133158237339,MC,MC,tangent,tangent,0.25,0.25,0.0,49.27630618193556,49.27630618193556,0.0,1372123.850919259,1372123.850919259,1.6795765038512964,4.902114176345903,6.703232304485764,8.38280880833706,0.6125364738927004
-3.0,4,70,0.00018722918241986797,0.00014298944427929713,MC,MC,tangent,tangent,0.25,0.25,0.0,31.729152276991947,31.729152276991947,0.0,1390189.5557811041,1390189.5557811041,1.5203250661377679,7.212049065188195,6.671304066121242,8.19162913225901,0.6157604070873339
-3.0,4,84,0.00021225026885263176,0.00016209838444580349,MC,MC,tangent,tangent,0.5,0.5,0.0,11.575261214344431,11.575261214344431,0.0,1346832.0241137578,1346832.0241137578,1.2901789198589462,9.999999999995545,6.463522543751496,7.753701463610442,0.6219925501137771
-3.0,4,98,0.00024061514367423875,0.0001837610207686923,MC,MC,tangent,tangent,0.5,0.5,0.0,9.146377177537936,9.146377177537936,0.0,1392718.8440475028,1392718.8440475028,1.2246652911336444,9.999999999999998,6.4267544789378235,7.651419770071468,0.6360055371056311
-3.0,4,112,0.00027277066680952977,0.00020831862618147669,MC,MC,tangent,tangent,0.5,0.5,0.0,7.376845071691742,7.376845071691742,0.0,1401399.3641949357,1401399.3641949357,1.1737118336290409,5.490194586457862,6.384329492141667,7.558041325770708,0.6844734115647064
-3.0,4,126,0.0003092234160142482,0.00023615808092815387,MC,MC,tangent,tangent,0.5,0.5,0.0,6.126500430629619,6.126500430629619,0.0,1367851.5256699226,1367851.5256699226,1.137495140638738,5.328379967032507,6.339887990993223,7.477383131631961,0.7148381883426761
-3.0,4,140,0.0003505476674960928,0.0002677179674708184,MC,MC,tangent,tangent,0.5,0.5,0.0,5.173702762252069,5.173702762252069,0.0,1374755.0790401793,1374755.0790401793,1.1123607161809421,3.328206818287164,6.2916114212407175,7.403972137421659,0.8291910796349026
-3.0,4,154,0.0003973944430566423,0.0003034954799136069,MC,MC,tangent,tangent,0.5,0.5,0.0,4.508229896708209,4.508229896708209,0.0,1382662.3007342902,1382662.3007342902,1.1032221248413925,2.7168862365950863,6.240954593156651,7.344176717998044,0.9094022875652282
-3.0,4,168,0.00045050176627992045,0.00034405425679181925,MC,MC,tangent,tangent,0.5,0.5,0.0,3.982142497099794,3.982142497099794,0.0,1382662.3007342902,1382662.3007342902,1.1059996050165641,2.386792237928986,6.184287855016878,7.290287460033442,0.9759239332033738
-3.0,4,182,0.0005107062893487946,0.00039003326062794845,MC,MC,tangent,tangent,0.5,0.5,0.0,3.551153324567931,3.551153324567931,0.0,1391590.0843612757,1391590.0843612757,1.1155667716488415,2.1442167734996893,6.124973315410669,7.24054008705951,1.042989977478137
-3.0,4,196,0.0005789564736542463,0.0004421568441402191,MC,MC,tangent,tangent,0.5,0.5,0.0,3.2197943553227413,3.2197943553227413,0.0,1353352.17463558,1353352.17463558,1.1348159242629001,2.0074034695455585,6.063182873672076,7.197998797934976,1.0807562400920088
-3.0,4,210,0.0006563275318451911,0.0005012461616869606,MC,MC,tangent,tangent,0.5,0.5,0.0,2.9351165199803315,2.9351165199803315,0.0,1316164.9606259735,1316164.9606259735,1.1610580331957534,1.881168777145783,5.996737976865608,7.157796010061362,1.1238870925255147
-3.0,4,224,0.0007440383667169925,0.0005682321057235415,MC,MC,tangent,tangent,0.5,0.5,0.0,2.6714713669320314,2.6714713669320314,0.0,1363284.6598667519,1363284.6598667519,1.1903831749980522,1.684258844013344,5.926538011996851,7.116921186994904,1.272871350916243
-3.0,4,238,0.000843470773792987,0.0006441699720720973,MC,MC,tangent,tangent,0.5,0.5,0.0,2.473466821275503,2.473466821275503,0.0,1363284.6598667519,1363284.6598667519,1.2292191141465891,1.623409549290157,5.854257638287573,7.083476752434161,1.2964793483374857
-3.0,4,252,0.0009561912101145875,0.0007302560850392562,MC,MC,tangent,tangent,0.5,0.5,0.0,2.3206938506783583,2.3206938506783583,0.0,1374252.974996107,1374252.974996107,1.2752947222541873,1.5606858041702807,5.780493792476186,7.055788514730373,1.3326875989561555
-3.0,4,266,0.0010839754721896355,0.0008278466442971395,MC,MC,tangent,tangent,0.5,0.5,0.0,2.187637276910568,2.187637276910568,0.0,1317193.478807168,1317193.478807168,1.3277225618394104,1.5075877727922684,5.702423416477079,7.030145978316489,1.3582807256334295
-3.0,4,280,0.001228836671870237,0.0009384790904374559,MC,MC,tangent,tangent,0.5,0.5,0.0,2.07540957053177,2.07540957053177,0.0,1317193.478807168,1317193.478807168,1.3844328349748722,1.4591352094880683,5.622841643388789,7.0072744783636605,1.400210164741362
-3.0,4,294,0.0013930569508946444,0.0010638963257936006,MC,MC,tangent,tangent,0.5,0.5,0.0,1.9717949611686825,1.9717949611686825,0.0,1317193.478807168,1317193.478807168,1.447039355047374,1.4117952027608498,5.5379930606704,6.985032415717774,1.4581794722351025
-3.0,4,308,0.001579223433723298,0.0012060741721049975,MC,MC,tangent,tangent,0.5,0.5,0.0,1.878059558152463,1.878059558152463,0.0,1317193.478807168,1317193.478807168,1.5073962276885549,1.375331107762608,5.456483796325283,6.963880024013838,1.5392796930317527
-3.0,4,322,0.0017902689850683995,0.0013672524975904996,MC,MC,tangent,tangent,0.5,0.5,0.0,1.7859090786880507,1.785909078688053,-5.303801066043082e-16,1317193.478807168,1317193.478807168,1.5734723146125256,1.3411993417963555,5.36855769366314,6.942030008275666,1.6443360677415846
-3.0,4,336,0.0020295184142127276,0.0015499705038079766,MC,MC,tangent,tangent,0.5,0.5,0.0,1.7188008303608917,1.7188008303608917,0.0,1317193.478807168,1317193.478807168,1.6435611203413936,1.3137954658437558,5.28183509773822,6.925396218079614,1.6941065004021838
-3.0,4,350,0.002300740854018324,0.0017571067282075867,MC,MC,tangent,tangent,0.5,0.5,0.0,1.6646300318453227,1.664630031845327,-1.157192959863946e-15,1317193.478807168,1317193.478807168,1.718724892283865,1.2944911378733026,5.192763496514958,6.911488388798824,1.7234653302109857
-3.0,4,364,0.002608209139803419,0.0019919243925785525,MC,MC,tangent,tangent,0.5,0.5,0.0,1.6181101054671392,1.6181101054671414,-5.785964799319727e-16,1317193.478807168,1317193.478807168,1.7999699672435403,1.2716158410591607,5.099208766176864,6.899178733420404,1.7563096184092541
-3.0,4,378,0.0029567671235433135,0.002258122811809544,MC,MC,tangent,tangent,0.5,0.5,0.0,1.572468994463832,1.5724689944638341,-6.268128532596371e-16,1328489.1785933876,1328489.1785933876,1.8790926026686796,1.2524893175011929,5.007660151484952,6.8867527541536315,1.7833502152417224
-3.0,4,392,0.0033519059838602594,0.002559895672854091,MC,MC,tangent,tangent,0.5,0.5,0.0,1.5300243141025789,1.5300243141025789,0.0,1328489.1785933876,1328489.1785933876,1.9622563106505662,1.2352164413010756,4.9126126849914495,6.874868995642015,1.8118640746213748
-3.0,4,406,0.0037998507339918053,0.0029019971020292764,MC,MC,tangent,tangent,0.5,0.5,0.0,1.4881139724020152,1.4881139724020191,-1.157192959863946e-15,1328489.1785933876,1328489.1785933876,2.04427671931532,1.2136203539381665,4.818530138384868,6.862806857700188,1.8522231987044746
-3.0,4,420,0.004307658290578997,0.003289816561468016,MC,MC,tangent,tangent,0.5,0.5,0.0,1.4498413433723998,1.4498413433724058,-1.784005813123585e-15,1328489.1785933876,1328489.1785933876,2.128866013094204,1.2001705073972926,4.722625130007129,6.851491143101333,1.8733718195288485
-3.0,4,434,0.004883328648255025,0.003729463754647366,MC,MC,tangent,tangent,0.5,0.5,0.0,1.414175339411176,1.4141753394111731,8.678947198979575e-16,1328489.1785933876,1328489.1785933876,2.2133598770039358,1.1818539901797407,4.627314045939654,6.84067392294359,1.8852594141375467
-3.0,4,448,0.005535930911470199,0.004227864878588006,MC,MC,tangent,tangent,0.5,0.5,0.0,1.3843006281157313,1.3843006281157304,2.8929823996598605e-16,1328489.1785933876,1328489.1785933876,2.3038059116950547,1.1689280937225872,4.527595167517299,6.8314010792123545,1.897220419536779
-3.0,4,462,0.006275746169065011,0.004792871739086915,FC,FC,plateau_recentred,plateau_recentred,0.5413820258682505,0.5413820258682505,0.0,1.1981772238345902,1.1981772238345902,0.0,1328489.1785933876,1328489.1785933876,2.4088455522097805,1.2974560307656242,4.359846170871903,6.768691723081684,1.817869784883641
-3.0,4,476,0.007114429462428795,0.005433385447978123,FC,FC,plateau_recentred,plateau_recentred,0.5387701378410896,0.5387701378410896,0.0,1.168723159653293,1.168723159653293,0.0,1328489.1785933876,1328489.1785933876,2.4926950167705293,1.2819064415818173,4.2651872966796045,6.757882313450134,1.8434996320758046
-3.0,4,490,0.008065193398893555,0.006159496651150619,FC,FC,plateau_recentred,plateau_recentred,0.5429110362749131,0.5429110362749131,0.0,1.1281152673944743,1.1281152673944743,0.0,1328489.1785933876,1328489.1785933876,2.58019010426678,1.2821392841507633,4.162334035797889,6.742524140064669,1.7753511017135648
-3.0,4,504,0.009143016303003959,0.00698264449647225,FC,FC,plateau_recentred,plateau_recentred,0.54252427810736,0.54252427810736,0.0,1.1068198513578837,1.1068198513578837,0.0,1328489.1785933876,1328489.1785933876,2.666964372771168,1.2707992055508892,4.067283230310488,6.734247603081656,1.7341571028057676
-3.0,4,518,0.010364878184875526,0.007915796845997927,FC,FC,plateau_recentred,plateau_recentred,0.5395573150155283,0.5395573150155283,0.0,1.1017054576506446,1.1017054576506446,0.0,1328489.1785933876,1328489.1785933876,2.75380942243029,1.255138941821855,3.9784267416818895,6.732236164112179,1.7253571839081312
-3.0,4,532,0.011750028243087796,0.008973654571526248,FC,FC,plateau_recentred,plateau_recentred,0.530534255888499,0.530534255888499,0.0,1.1191026134188977,1.1191026134188977,0.0,1328489.1785933876,1328489.1785933876,2.838715118646298,1.2208540455172954,3.9003254545523602,6.7390405731986585,1.7616225395319474
-3.0,4,546,0.013320288116345003,0.010172883151970562,FC,FC,plateau_recentred,plateau_recentred,0.5267034322468841,0.5267034322468841,0.0,1.1081883058011626,1.1081883058011626,0.0,1292664.5296142295,1292664.5296142295,2.9223947106934736,1.2061101053790666,3.812389515503673,6.734784226197147,1.7663688578957955
-3.0,4,560,0.015100395661331367,0.011532375221129829,FC,FC,plateau_recentred,plateau_recentred,0.5255922923314036,0.5255922923314036,0.0,1.1092654941226094,1.1092654941226094,0.0,1292664.5296142295,1292664.5296142295,3.0190130648521807,1.1922434325690434,3.716193102023765,6.735206166875946,1.7277907203498684
-3.0,4,574,0.01711839467263121,0.013073548202032166,FC,FC,plateau_recentred,plateau_recentred,0.5229525269903278,0.5229525269903278,0.0,1.0980321624092533,1.0980321624092533,0.0,1292664.5296142295,1292664.5296142295,3.1068958355631056,1.1771464856398002,3.623889888894804,6.73078572445791,1.74614867624275
-3.0,4,588,0.019406076684359785,0.01482068171678121,FC,FC,plateau_recentred,plateau_recentred,0.5212236276935138,0.5212236276935138,0.0,1.0918269223025985,1.0918269223025985,0.0,1292664.5296142295,1292664.5296142295,3.1981774517392787,1.1690614557732795,3.5301470104676516,6.72832446220693,1.7406154988152114
-3.0,4,602,0.02199948181363931,0.016801300087453574,FC,FC,plateau_recentred,plateau_recentred,0.5239908509628279,0.5239908509628279,0.0,1.059354832251295,1.059354832251295,0.0,1292664.5296142295,1292664.5296142295,3.2879884189589337,1.178771360577264,3.427223696264469,6.7152121152234026,1.6982670639600679
-3.0,4,616,0.02493946653620638,0.019046605953965113,FC,FC,plateau_recentred,plateau_recentred,0.5249757784625844,0.5249757784625844,0.0,1.044742452073989,1.044742452073989,0.0,1292664.5296142295,1292664.5296142295,3.3865276238041773,1.1779837634157249,3.3226522816437383,6.7091799054479155,1.657382437901776
-3.0,4,630,0.028272347338879067,0.02159197184011521,FC,FC,plateau_recentred,plateau_recentred,0.5296609514147692,0.5296609514147692,0.0,1.001609055321394,1.001609055321394,0.0,1292664.5296142295,1292664.5296142295,3.4801649416677614,1.2029819989137518,3.2107039638326866,6.690868905500448,1.6219291171633152
-3.0,4,644,0.03205063038897715,0.02447749741193485,FC,FC,plateau_recentred,plateau_recentred,0.5271052071008717,0.5271052071008717,0.0,0.9924589348398728,0.9924589348398728,0.0,1292664.5296142295,1292664.5296142295,3.5721664693103383,1.1931209013702122,3.1147167398700226,6.686883209180361,1.6359205504220602
-3.0,4,658,0.036333838715903344,0.027748641207383285,FC,FC,plateau_recentred,plateau_recentred,0.5256945313044503,0.5256945313044503,0.0,0.9911790887684978,0.9911790887684978,0.0,1292664.5296142295,1292664.5296142295,3.667512064735409,1.1878016721429674,3.0188107295335658,6.686322794268975,1.6276604145367115
-3.0,4,672,0.04118944993628881,0.031456936789651245,FC,FC,plateau_recentred,plateau_recentred,0.5242025925920853,0.5242025925920853,0.0,0.9701897233398852,0.9701897233398852,0.0,1292664.5296142295,1292664.5296142295,3.758819358333635,1.183035375085838,2.9182079750077947,6.67702733334143,1.6314080107233229
-3.0,4,686,0.04669395929562081,0.03566080460634663,FC,FC,plateau_recentred,plateau_recentred,0.5307697380651083,0.5307697380651083,0.0,0.9273715186715193,0.9273715186715193,0.0,1292664.5296142295,1292664.5296142295,3.8582257767152135,1.2232878250989427,2.79919864030467,6.657424417019883,1.5599765606076939
-3.0,4,700,0.05293408477349404,0.04042647234458,FC,FC,plateau_recentred,plateau_recentred,0.5288195498491864,0.5288195498491864,0.0,0.9085334858806436,0.9085334858806436,0.0,1304892.695778154,1304892.695778154,3.9455302433897725,1.2118858516356998,2.702981358628564,6.648511602018337,1.567309969437448
-3.0,4,714,0.060008133237702044,0.04582901828121483,FC,FC,plateau_recentred,plateau_recentred,0.5275075806727971,0.5275075806727971,0.0,0.9121521687300495,0.9121521687300495,0.0,1292664.5296142295,1292664.5296142295,4.046739188942584,1.2133485613820105,2.603498769362112,6.650237958304696,1.5527075899354148
-3.0,4,728,0.06802754916954634,0.051953554065211696,FC,FC,plateau_recentred,plateau_recentred,0.526218071058845,0.526218071058845,0.0,0.8935320162467963,0.8935320162467963,0.0,1304892.695778154,1304892.695778154,4.135489113785587,1.2154919630334553,2.5057916678475607,6.641280781633148,1.5804525003001122
-3.0,4,742,0.07711867035896258,0.05889656556560496,FC,FC,plateau_recentred,plateau_recentred,0.521970204636184,0.521970204636184,0.0,0.8957252742301771,0.8957252742301771,0.0,1223887.3721172754,1223887.3721172754,4.227381663688223,1.1919196263629095,2.414963828226356,6.642345491914579,1.612130016787138
-3.0,4,756,0.08742471822866626,0.06676743290881665,FC,FC,plateau_recentred,plateau_recentred,0.5200578994002059,0.5200578994002059,0.0,0.8825128881101229,0.8825128881101229,0.0,1269926.8770594653,1269926.8770594653,4.317990789334172,1.1843340173277734,2.317900930413378,6.63589171974755,1.6291036263491836
-3.0,4,770,0.09910805414286328,0.07569015365195925,FC,FC,plateau_recentred,plateau_recentred,0.5196910729798058,0.5196910729798058,0.0,0.8602099165206849,0.8602099165206849,0.0,1269926.8770594653,1269926.8770594653,4.403675570285001,1.1931957017757862,2.221099537777161,6.624775108062162,1.6278486615891854
-3.0,4,784,0.11235273724638661,0.08580529623897953,FC,FC,plateau_recentred,plateau_recentred,0.5180248637091303,0.5180248637091303,0.0,0.8394897723885952,0.8394897723885952,0.0,1269926.8770594653,1269926.8770594653,4.486233952137281,1.1855565117441325,2.1279521205616856,6.614186072698967,1.6404272117958856
-3.0,4,798,0.127367424130429,0.0972722145143704,FC,FC,plateau_recentred,plateau_recentred,0.5168067470862573,0.5168067470862573,0.0,0.8242760083225733,0.8242760083225733,0.0,1216772.521349276,1216772.521349276,4.573065236557996,1.182899381969442,2.0331780859944084,6.606243322552404,1.6193300063116292
-3.0,4,812,0.14438865600617423,0.1102715581818755,FC,FC,plateau_recentred,plateau_recentred,0.5166667804086692,0.5166667804086692,0.0,0.7935603223000383,0.7935603223000383,0.0,1216772.521349276,1216772.521349276,4.651781678042774,1.1879801835057158,1.937968930353076,6.58975060839585,1.6233249114416497
-3.0,4,826,0.1636845851724229,0.12500811875792486,FC,FC,plateau_recentred,plateau_recentred,0.515863202513252,0.515863202513252,0.0,0.7594447975100924,0.7594447975100924,0.0,1184167.9650198328,1184167.9650198328,4.725408711679997,1.1904079394231721,1.8452581629458926,6.57066687462589,1.6378378714668924
-3.0,4,840,0.18555919948394317,0.14171405585492053,FC,FC,plateau_recentred,plateau_recentred,0.5141622209819413,0.5141622209819413,0.0,0.7366939552406991,0.7366939552406991,0.0,1152437.078234029,1152437.078234029,4.800541720576548,1.1852649708610539,1.7569160490553957,6.557457769631943,1.6533566940909157
-3.0,4,854,0.2103571113727749,0.1606525546212045,FC,FC,plateau_recentred,plateau_recentred,0.5136473545250276,0.5136473545250276,0.0,0.7039145128640604,0.7039145128640604,0.0,1152437.078234029,1152437.078234029,4.86984509897651,1.1863123931033934,1.667845483585852,6.537690582562362,1.6564368525383346
-3.0,4,868,0.23846898686867357,0.1821219719569755,FC,FC,plateau_recentred,plateau_recentred,0.5129230265810393,0.5129230265810393,0.0,0.6658082338704556,0.6658082338704556,0.0,1196417.6052476468,1196417.6052476468,4.934404537230994,1.1814175250141519,1.5791152876832886,6.513519824914282,1.6668638782049177
-3.0,4,882,0.27033770014742475,0.20646053682559679,FC,FC,plateau_recentred,plateau_recentred,0.5125002788183742,0.5125002788183742,0.0,0.6279136861934459,0.6279136861934459,0.0,1164562.5326354797,1164562.5326354797,4.995083907072589,1.1796544700460105,1.492986705358569,6.488070612431158,1.6653126533673075
-3.0,4,896,0.30646531056571247,0.23405167870894525,FC,FC,plateau_recentred,plateau_recentred,0.5120274772943714,0.5120274772943714,0.0,0.5913673125396971,0.5913673125396971,0.0,1133555.6134161402,1133555.6134161402,5.050666877795481,1.171378341328298,1.4113611009586862,6.4620279787541675,1.6533182565048654
-3.0,4,910,0.3474209720986756,0.26533006815123095,FC,FC,plateau_recentred,plateau_recentred,0.5119200662436062,0.5119200662436062,0.0,0.5467357625462469,0.5467357625462469,0.0,1103374.2651837864,1103374.2651837864,5.098818249080808,1.1689361402898346,1.3291298966447425,6.4279481457255505,1.6595469697381184
-3.0,4,924,0.3938498997853399,0.30078846455394537,FC,FC,plateau_recentred,plateau_recentred,0.512451726459835,0.512451726459835,0.0,0.5023785138568249,0.5023785138568249,0.0,1073996.5067977018,1073996.5067977018,5.143896279978541,1.1630523085371438,1.24730544013722,6.3912017201157605,1.6488346097353568
-3.0,4,938,0.44648353443920774,0.340985479102023,FC,FC,plateau_recentred,plateau_recentred,0.5125711925171847,0.5125711925171847,0.0,0.45809549888970785,0.45809549888970785,0.0,1069063.580502,1069063.580502,5.172211165182919,1.16647323229821,1.1789155226235186,6.351126687806437,1.6463451983805764
-3.0,4,952,0.5016364722968638,0.38310651938382895,FC,FC*,plateau_recentred,plateau,0.5133969111706603,0.5263931178986656,-0.012996206728005277,0.4158640657759374,0.4099736377582984,0.006195463725978731,1040781.722956015,1040781.722956015,6.272561187988859,1.1902852794880157,0.03036540675910082,6.30292659474796,1.5074032714604655
-3.0,4,966,0.5437616319255452,0.41527807024802077,FC,FC*,plateau_recentred,plateau,0.514360458739543,0.5276444989478584,-0.013284040208315417,0.3848666907244723,0.37984703873182873,0.005701580574624802,1053577.0104617837,1053577.0104617837,6.239414001514693,1.1890432039046919,0.03036540675910082,6.269779408273794,1.492434577119149
-3.0,4,980,0.5841669263524998,0.44613613693067766,FC,FC*,plateau_recentred,plateau,0.5149475119152134,0.5282799765254642,-0.013332464610250838,0.3599772830283679,0.3553393952678772,0.005631735840772529,1053577.0104617837,1053577.0104617837,6.210448615406707,1.1800106851157706,0.03036540675910082,6.240814022165808,1.4869344594353429
-3.0,4,994,0.6278195488721803,0.47947423174447357,FC,FC*,plateau_recentred,plateau,0.5157266824728077,0.5289775258267664,-0.013250843353958652,0.33446859319179206,0.3311040352972692,0.00439086979252457,1025884.6025167607,1025884.6025167607,6.179769730203683,1.167694993608942,0.03036540675910082,6.2101351369627835,1.4776698900734446
-3.0,4,1008,0.674207802630171,0.5149015649209189,FC,FC*,plateau_recentred,plateau,0.5171139767886351,0.5298363492374636,-0.012722372448828456,0.3098033495932368,0.3084992129645093,0.0018320486302651454,998920.0668109559,998920.0668109559,6.149059316908291,1.1531093805267036,0.03036540675910082,6.179424723667392,1.4623284539836574
-3.0,4,1022,0.724306160386226,0.5531623544103438,FC,FC*,plateau_recentred,plateau,0.5179948841280505,0.5317165728934474,-0.013721688765396922,0.2855848991691512,0.28196749676905125,0.005536190796053189,1039407.0518201712,1039407.0518201712,6.110004305288401,1.1526595513223572,0.03036540675910082,6.140369712047502,1.4541528727559427
-3.0,4,1036,0.771186703589626,0.5889656556560497,FC,FC*,plateau_recentred,plateau,0.5183498489427422,0.5328949087679179,-0.014545059825175732,0.26712991640300393,0.26270121968969123,0.007260439068464144,1012264.4586681755,1012264.4586681755,6.079267345665868,1.14385517279475,0.03036540675910082,6.109632752424969,1.4400307134890864
-3.0,4,1050,0.8233082706766917,0.6287715973176031,FC,FC*,plateau_recentred,plateau,0.5194581072812209,0.5341842884717694,-0.01472618119054847,0.24710906257205795,0.24301403156770063,0.0072573228017037885,985830.6545913786,985830.6545913786,6.045436606872863,1.135514564219752,0.03036540675910082,6.0758020136319635,1.4299774442917565
-3.0,4,1064,0.8759398496240602,0.6689670418949843,FC,FC*,plateau_recentred,plateau,0.5206873336951121,0.5356645994602741,-0.014977265765162007,0.22765506978342162,0.2241846065486537,0.006671537498978294,1026506.3848354836,1026506.3848354836,6.010411045308696,1.1333662487045413,0.03036540675910082,6.040776452067797,1.428009854581063
-3.0,4,1078,0.9308326223135523,0.7108893905394301,FC,FC*,plateau_recentred,plateau,0.5206934485261256,0.5372663790321444,-0.016572930506018713,0.21236575501918992,0.20705224625400412,0.011004539611617303,999875.8720296917,999875.8720296917,5.975885202906573,1.1293903985146627,0.03036540675910082,6.006250609665674,1.4188191399792658
-3.0,4,1092,0.9887218045112784,0.7551001374179438,FC,FC*,plateau_recentred,plateau,0.5219530208986498,0.5378420580027162,-0.015889037104066417,0.19585851069144966,0.19188191280078026,0.008908408667740779,1014832.281939319,1014832.281939319,5.942839295637533,1.114036898828715,0.03036540675910082,5.973204702396634,1.4240176910914695
-3.0,4,1106,1.045815930351596,0.7987036890652053,FC,FC*,plateau_recentred,plateau,0.5218978887360277,0.5396226177901473,-0.017724729054119592,0.1824128610656867,0.17698143577638384,0.013127741085902676,1014832.281939319,1014832.281939319,5.907732970528989,1.113004016625347,0.03036540675910171,5.938098377288091,1.4184231139536305
-3.0,4,1120,1.1035742449353014,0.8428144905871184,FC,FC*,plateau_recentred,plateau,0.5233102846470145,0.5404322875690276,-0.017122002922013158,0.16891484518505495,0.16459171919193594,0.011259837939690995,988677.8649690413,988677.8649690413,5.876213238045135,1.0995757187180406,0.03036540675910171,5.906578644804236,1.4184061128853176
-3.0,4,1134,1.1645224352961225,0.8893614431341795,FC,FC*,plateau_recentred,plateau,0.5241536817283293,0.5422965999970553,-0.01814291826872594,0.15676441396336951,0.15137522412982266,0.015192684084728809,938373.8263847489,938373.8263847489,5.83986005567737,1.0917325659873458,0.03036540675910082,5.870225462436471,1.4061920870297273
-3.0,4,1148,1.2288366718702428,0.9384790904374604,FC,FC*,plateau_recentred,plateau,0.523989560908348,0.5442308256819723,-0.020241264773624312,0.14598733772597428,0.1392351544839719,0.02056628768725958,978633.6758074261,978633.6758074261,5.80355415751236,1.097700805812603,0.03036540675910171,5.833919564271461,1.4071764320088567
-3.0,4,1162,1.2894736842105265,0.9847883921458354,FC,FC*,plateau_recentred,plateau,0.5248585248006802,0.5442676151401075,-0.019409090339427282,0.13610781613313153,0.13099428610055125,0.016630713352477813,953579.2612231891,953579.2612231891,5.777057608878889,1.082083456858275,0.03036540675910082,5.80742301563799,1.4199731425125428
-3.0,4,1176,1.3561125023080152,1.0356813536170912,FC,FC*,plateau_recentred,plateau,0.5239361089766412,0.5455085418828962,-0.02157243290625499,0.1267991932842018,0.12029957208111053,0.022852407997737325,929166.2753018691,929166.2753018691,5.740069339007922,1.076808377339229,0.03036540675910082,5.770434745767023,1.4082447204106427
-3.0,4,1190,1.4182440582626876,1.0831320583808584,FC,FC*,plateau_recentred,plateau,0.5185062364793388,0.5390031844046212,-0.02049694792528245,0.12738788601372833,0.12015007728058073,0.025404076130553923,952031.3012130639,952031.3012130639,5.739529310977262,1.1120714982518405,0.03036540675910082,5.769894717736363,1.4505859500849378
-3.0,4,1204,1.4849624060150375,1.1340857577189647,FC,FC*,plateau_recentred,plateau,0.5182476716893657,0.5393776852439259,-0.021130013554560234,0.12425110598410169,0.11675371758895042,0.027029545210420673,866419.1279556286,866419.1279556286,5.727075974453603,1.1371309630031292,0.03036540675910082,5.757441381212704,1.441248456818481
-3.0,4,1218,1.5526315789473681,1.18576561503274,FC,FC*,plateau_recentred,plateau,0.5174431731066732,0.5407222646021941,-0.023279091495520876,0.12125203301873491,0.11218929141330733,0.033737624070277646,887740.0651627168,887740.0651627168,5.709756661528994,1.1557404447815944,0.03036540675910082,5.740122068288095,1.4326086170697425
-3.0,4,1232,1.6222460729620618,1.238931140215791,FC,FC*,plateau_recentred,plateau,0.5172408858084151,0.5414130348160462,-0.024172149007631094,0.11826616662021186,0.10892103696365545,0.03574875287187696,807909.3325287817,807909.3325287817,5.696917023811017,1.1667009455406157,0.03036540675910082,5.727282430570118,1.4200008823779993
-3.0,4,1246,1.6954887218045114,1.294867536028489,FC,FC*,plateau_recentred,plateau,0.5170358587381347,0.5411198698290837,-0.02408401109094893,0.11498839060512668,0.10600145291618825,0.035342177572739025,827790.4542539184,827790.4542539184,5.685117074491542,1.1674264406333823,0.03036540675910082,5.715482481250643,1.4298510059737581
-3.0,4,1260,1.7631578947368425,1.3465473933422647,FC,FC*,plateau_recentred,plateau,0.5174764327215308,0.5408180530143358,-0.023341620292805065,0.1116353573167009,0.10312301087847596,0.03444618217483415,806739.1976712138,806739.1976712138,5.673160841108155,1.1628905205150786,0.03036540675910082,5.703526247867256,1.4314399865179142
-3.0,4,1274,1.8383458646616546,1.4039694570242378,FC,FC*,plateau_recentred,plateau,0.5167511245855273,0.5406147677353095,-0.023863643149782177,0.10909996504480009,0.10052532830569637,0.035549111302391016,771889.275976638,771889.275976638,5.662080756638587,1.1732633107259478,0.03036540675910082,5.692446163397688,1.4324497290020726
-3.0,4,1288,1.9061437174542544,1.455747588877655,FC,FC*,plateau_recentred,plateau,0.5166860363547277,0.5395360299534557,-0.02284999359872808,0.1065904611289534,0.09880860626467108,0.03292356760824055,720933.4397226719,720933.4397226719,5.654600029937461,1.1640314868958996,0.03036540675910082,5.684965436696562,1.4389047054135922
-3.0,4,1302,1.981203007518797,1.5130713780199858,FC,FC*,plateau_recentred,plateau,0.5165801783973816,0.5402904810766245,-0.0237103026792429,0.10385774653268202,0.09549528033289342,0.03645698723840026,719763.1372842302,719763.1372842302,5.639787164459235,1.187740900692621,0.03036540675910082,5.670152571218336,1.4330169110038384
-3.0,4,1316,2.056390977443609,1.570493441701959,FC,FC*,plateau_recentred,plateau,0.5159498056965254,0.5402271809673552,-0.02427737527082985,0.10170641249351353,0.09325763587125638,0.03766393397312822,672248.3787475328,672248.3787475328,5.629489658169746,1.199369058881427,0.03036540675910082,5.659855064928847,1.4298568220449168
-3.0,4,1330,2.1315789473684212,1.6279155053839318,FC,FC*,plateau_recentred,plateau,0.516428666677767,0.5391662667820318,-0.022737600104264843,0.09877311676589469,0.09151798399686314,0.03313231335812492,655037.8637191943,655037.8637191943,5.621311701200854,1.1936794050315789,0.03036540675910082,5.651677107959955,1.4416287446098652
-3.0,4,1344,2.206766917293233,1.6853375690659045,FC,FC*,plateau_recentred,plateau,0.5158509755368348,0.5400314430896139,-0.02418046755277914,0.09662947714833976,0.08851606298494476,0.03808754047862576,671157.1075239573,671157.1075239573,5.606827345645427,1.2211301935022234,0.03036540675910082,5.637192752404528,1.4368669854939728
-3.0,4,1358,2.281954887218045,1.7427596327478774,FC,FC*,plateau_recentred,plateau,0.5158344640351235,0.5390490498924595,-0.023214585857336045,0.09447065020372981,0.08704666238771168,0.03554478073333359,626851.0486939453,626851.0486939453,5.599557380207369,1.2126799653255949,0.03036540675910082,5.629922786966469,1.4427340153080024
-3.0,4,1372,2.3634197261974306,1.8049754257316994,FC,FC*,plateau_recentred,plateau,0.5157937588352508,0.5390545772011783,-0.023260818365927527,0.09206749105031056,0.08485608555616231,0.03542331454527044,625833.4716606085,625833.4716606085,5.58848825022018,1.2299428830946597,0.03036540675910082,5.61885365697928,1.4464827515457601
-3.0,4,1386,2.4398496240601504,1.8633459664800205,FC,FC*,plateau_recentred,plateau,0.5157927579593753,0.538966871968364,-0.023174114008988722,0.08995656737365733,0.08278349685328278,0.03608910750137181,584519.4271509991,584519.4271509991,5.577749023961151,1.2295840937713909,0.03036540675910171,5.608114430720253,1.4406282932359542
-3.0,4,1400,2.561889013687202,1.9565490893982402,FC,FC*,plateau_recentred,plateau,0.5155308891903306,0.538578567895529,-0.023047678705198416,0.08684169972261152,0.08003551259053125,0.03544558442030501,583570.5676957162,583570.5676957162,5.5630879872401024,1.2464280347528693,0.03036540675910082,5.593453393999203,1.4501023944300604
-3.0,4,1414,2.904256830572931,2.2180199949637163,FC,FC*,plateau_recentred,plateau,0.5150835615860636,0.5386655459990994,-0.023581984413035828,0.079243408962965,0.07251416603933161,0.03854029346811204,508239.17396942625,508239.17396942625,5.520228113162774,1.285805267899273,0.03036540675910082,5.5505935199218746,1.443053550448883
-3.0,4,1428,3.2923782774609203,2.5144335630096193,FC,FC*,plateau_recentred,plateau,0.5146510524326848,0.5369426355746039,-0.022291583141919036,0.07202128461045022,0.06637739879280717,0.03544063420430346,453524.42550047213,453524.42550047213,5.4818254857093605,1.2953441929416054,0.03036540675910082,5.512190892468461,1.460491545401207
-3.0,4,1442,3.732367815334758,2.8504594896100905,FC,FC*,plateau_recentred,plateau,0.5142368565925545,0.5362558582066538,-0.02201900161409931,0.06528381189010524,0.06026291619069841,0.034755360883064385,412070.871533695,412070.871533695,5.439855400346064,1.3354519253256731,0.03036540675910171,5.470220807105166,1.4704576113657035
-3.0,4,1456,4.231157034510027,3.2313915234980297,FC,FC*,plateau_recentred,plateau,0.5147939241968147,0.5363859175084338,-0.021591993311619095,0.05862473161711937,0.05413221213744214,0.03462509244098898,367709.1708972463,367709.1708972463,5.393261031593872,1.3856005077478124,0.03036540675910082,5.423626438352973,1.4665962614490324
-3.0,4,1470,4.796603854831481,3.663230863724089,FC,FC*,plateau_recentred,plateau,0.5139204359410469,0.5357440799897016,-0.021823644048654778,0.05308265568347671,0.04896602953780456,0.035057751927617606,319722.82972473395,319722.82972473395,5.349700146718209,1.4295049032993052,0.03036540675910082,5.380065553477309,1.4716541533912106
-3.0,4,1484,5.437616319255451,4.152780702480207,FC,FC*,plateau_recentred,plateau,0.5135506725650281,0.5359026475437555,-0.02235197497872743,0.04772946020248071,0.04376391943803496,0.03767031283021403,298131.7582018495,298131.7582018495,5.300921466398399,1.4971522882122286,0.03036540675910082,5.3312868731575,1.4735431058632724
-3.0,4,1498,6.164292931060073,4.70775340251417,FC,FC*,plateau_recentred,plateau,0.5141031648430416,0.5343265128016588,-0.020223347958617133,0.04265000278416668,0.03965812089806061,0.03158693146676408,259225.325086444,259225.325086444,5.258137388886121,1.5156330462806158,0.03036540675910082,5.288502795645222,1.4894815076967978
-3.0,4,1512,6.988081745554302,5.3368919976070845,FC,FC*,plateau_recentred,plateau,0.5132919556732142,0.5345153065561653,-0.02122335088295113,0.03831315065873005,0.035326509913273726,0.03524713401574457,241285.01308019535,241285.01308019535,5.207905989878304,1.5960583666078818,0.03036540675910082,5.238271396637405,1.4915028807518074
-3.0,4,1526,7.921960722614703,6.050107930230924,FC,FC*,plateau_recentred,plateau,0.5129569351734493,0.5347129221301095,-0.021755986956660145,0.0343199637406644,0.031466404338125885,0.03769970136581906,210175.07327839884,210175.07327839884,5.15765237547411,1.675526191142784,0.03036540675910082,5.188017782233211,1.4855864963179364
-3.0,4,1540,8.980642181321814,6.858637196303613,FC,FC*,plateau_recentred,plateau,0.5130661712428114,0.5341748343556089,-0.021108663112797466,0.030607279137819715,0.02822666046854453,0.03516522504291358,182747.05795942992,182747.05795942992,5.110464755762474,1.7511591988986126,0.03036540675910082,5.140830162521575,1.490439185724276
-3.0,4,1554,10.180804577672388,7.775217356944574,FC,FC*,plateau_recentred,plateau,0.5127517882940208,0.534400704464572,-0.021648916170551202,0.027344740920444324,0.02507957613190274,0.03755362073720537,158898.42059714778,158898.42059714778,5.059125448740022,1.8529309496369033,0.03036540675910082,5.089490855499123,1.4844172532998767
-3.0,4,1568,11.541355256790725,8.814288205871739,FC,FC*,plateau_recentred,plateau,0.5128715499924398,0.5327257022521666,-0.019854152259726865,0.02427733452474958,0.02247386208895456,0.033523291152089275,148167.91640718945,148167.91640718945,5.011482967983157,1.8669084201306718,0.03036540675910082,5.0418483747422576,1.509045139716737
-3.0,4,1582,13.083728319034785,9.992219253752193,FC,FC*,plateau_recentred,plateau,0.5129930039431994,0.5303937498340037,-0.017400745890804314,0.021576857562784945,0.020303837305522206,0.026410069865921794,128831.8846998858,128831.8846998858,4.967383381265394,1.8489519378913422,0.03036540675910082,4.997748788024495,1.5362677997599044
-3.0,4,1596,14.83222229257616,11.327567613292167,FC,FC*,plateau_recentred,plateau,0.5127034879010313,0.5288623177885778,-0.016158829887546577,0.019219012070333132,0.018175742012850937,0.024238909849972474,112019.22060989006,112019.22060989006,4.91929740618172,1.847685032172481,0.03036540675910082,4.9496628129408204,1.5515003405270626
-3.0,4,1610,16.814382932144426,12.841370347785583,FC,FC*,plateau_recentred,plateau,0.5128339130621219,0.5273910712264688,-0.014557158164346884,0.017033741317064168,0.016243506140293743,0.020630270606544206,99959.73406640138,99959.73406640138,4.870485033438151,1.8545713677893967,0.030365406759099933,4.900850440197251,1.5702152419327025
-3.0,4,1624,19.061437174542544,14.55747588877655,FC,FC*,plateau_recentred,plateau,0.5129664757871261,0.525270608608,-0.012304132820873948,0.015088196988609111,0.014607912403816287,0.014049189539798031,90823.10107016555,90823.10107016555,4.824393412454875,1.84697677501051,0.03036540675910171,4.854758819213977,1.6017946378738976
-3.0,4,1638,21.608785087464042,16.502919743986272,FC,VFC,plateau_recentred,plateau,0.512696022848924,0.5239215314832055,-0.011225508634281511,0.013408639812979897,0.013036052740594259,0.012238615937888653,78970.61367186716,78970.61367186716,nan,nan,nan,4.8053167721009835,2.0752934653378157
-3.0,4,1652,24.496557561768185,18.70835041440287,FC,VFC,plateau_recentred,plateau,0.5128363803002743,0.5226240211503623,-0.009787640850087986,0.01186886005019187,0.0116251045435463,0.00901214180405959,68664.88536758226,68664.88536758226,nan,nan,nan,4.755567530409724,2.0578084418849087
-3.0,4,1666,27.77024853309071,21.208512230426944,FC,VFC,plateau_recentred,plateau,0.5129785257650064,0.5213759149240672,-0.008397389159060853,0.010493970994027919,0.010352740827335572,0.005884517518739169,61272.73198004617,61272.73198004617,nan,nan,nan,4.705226005186919,2.0448076894813316
-3.0,4,1680,31.4814316928032,24.042792713668874,FC,VFC,plateau_recentred,plateau,0.5122930450164647,0.519484216210838,-0.0071911711943732914,0.009330564309553804,0.009276907355459706,0.0025046910282929325,55672.21223069902,55672.21223069902,nan,nan,nan,4.657573882762241,2.042785317056289
-3.0,4,1694,35.6885729793766,27.255843087528657,FC,VFC,plateau_recentred,plateau,0.5124418540085823,0.5183357348926632,-0.0058938808840808266,0.008247240931243847,0.00825437770940781,-0.00037565570213703083,48406.94396607537,48406.94396607537,nan,nan,nan,4.606855000995195,2.028587499954152
-3.0,4,1708,40.45795165012969,30.898281712075836,FC,VFC,plateau_recentred,plateau,0.5125915279609807,0.5172298819207705,-0.004638353959789732,0.007287831407099871,0.00734108684642189,-0.0031620445477318192,42089.79902621248,42089.79902621248,nan,nan,nan,4.555931025144245,2.014886025810167
-3.0,4,1722,45.86470444391582,35.02749152513422,FC,VFC,plateau_recentred,plateau,0.5123428322917812,0.5161650047019811,-0.0038221724101998866,0.006455715797354479,0.006520951368891618,-0.004366558384955727,37558.60016398841,37558.60016398841,nan,nan,nan,4.504481624652234,2.0063956326367802
-3.0,4,1736,51.99400928447668,39.70852405245032,FC,VFC,plateau_recentred,plateau,0.5124985660514813,0.5144511713087231,-0.001952605257241835,0.005698734077515112,0.005828814829985444,-0.009801867078696291,34125.626389540754,34125.626389540754,nan,nan,nan,4.455750922112678,2.0072243928696083
-3.0,4,1750,58.942427172510946,45.01512422871065,FC,VFC,plateau_recentred,plateau,0.5126549463139428,0.5134682102658871,-0.0008132639519442542,0.0050311050348110665,0.005175514541675421,-0.012290148939604794,29672.204826357247,29672.204826357247,nan,nan,nan,4.404124196421083,1.9962072755843439
-3.0,4,1764,66.81942340661188,51.030892174427464,FC,VFC,plateau_recentred,plateau,0.5123871649502089,0.5125209200583174,-0.0001337551081085353,0.004451784846946766,0.004593696418941844,-0.013628123945451872,25799.95834236592,25799.95834236592,nan,nan,nan,4.352332954087622,1.9859039366059545
-3.0,4,1778,75.7490920983714,57.850600231313365,FC,VFC,plateau_recentred,plateau,0.5121464940462229,0.5116078413134388,0.000538652732784084,0.0039424086010294,0.004075946801739696,-0.01446687343005104,22433.043124471373,22433.043124471373,nan,nan,nan,4.300399170324029,1.9758222571091093
-3.0,4,1792,85.87211114964163,65.58168600470435,FC,VFC,plateau_recentred,plateau,0.512306917707683,0.5100290230329032,0.00227789467477979,0.0034766092682351414,0.0036360481129851297,-0.019473737655104236,20018.002382211613,20018.002382211613,nan,nan,nan,4.25080028452563,1.9760305608520135
-3.0,4,1806,97.34795849064635,74.34594493440731,FC,VFC,plateau_recentred,plateau,0.5124677757797236,0.5091827319523172,0.003285043827406353,0.003065830165934677,0.0032223109753943516,-0.0216193574388499,18188.29422229851,18188.29422229851,nan,nan,nan,4.198338113798234,1.9754415050330023
-3.0,4,1820,110.35742449353015,84.28144905871186,FC,VFC,plateau_recentred,plateau,0.5126288871581368,0.5083657122579633,0.004263174900173472,0.0027043405547711647,0.0028560032988088403,-0.023697323771290132,15814.707265607853,15814.707265607853,nan,nan,nan,4.145929367991524,1.9675000766862172
-3.0,4,1834,125.10546014188269,95.54472219975514,FC,VFC,plateau_recentred,plateau,0.5127902488244495,0.5075765656030092,0.005213683221440224,0.002385411229293086,0.002530892015835841,-0.025710356393694206,13750.875306945873,13750.875306945873,nan,nan,nan,4.09344427901002,1.959681584344805
-3.0,4,1848,141.82440582626876,108.31320583808584,FC,VFC,plateau_recentred,plateau,0.5121346853642302,0.5060918288053693,0.006042856558860943,0.0021147608359906736,0.0022547864400706092,-0.027844155424293835,12270.517785955704,12270.517785955704,nan,nan,nan,4.043276077635568,1.9631952898604004
-3.0,4,1862,160.7776516321715,122.78805452378606,FC,VFC,plateau_recentred,plateau,0.5122982526516591,0.5053538404361935,0.006944412215465601,0.0018659664322985014,0.001998095163186423,-0.029712341742025257,10669.20539169732,10669.20539169732,nan,nan,nan,3.9907868317638107,1.956731710560865
-3.0,4,1876,182.2637867844891,139.19730486303095,FC,VFC,plateau_recentred,plateau,0.5124619913480967,0.5046385223008124,0.00782346904728426,0.0016437371917412795,0.0017674756164301217,-0.03152104935616908,9694.006578536768,9694.006578536768,nan,nan,nan,3.937524094370238,1.9582977126635706
-3.0,4,1890,206.62130361888174,157.7994680042606,FC,VFC,plateau_recentred,plateau,0.5126257653006431,0.5039443833142185,0.008681381986424541,0.0014492552618102178,0.0015646896620197677,-0.03328332733015671,8428.93095947853,8428.93095947853,nan,nan,nan,3.8845988764265047,1.9527100537118451
-3.0,4,1904,234.23393018628636,178.8876022199552,FC,VFC,plateau_recentred,plateau,0.5127895939481213,0.503269923792865,0.009519670155256343,0.0012778242495352316,0.0013850657618313957,-0.03499926827932676,7328.948721466549,7328.948721466549,nan,nan,nan,3.831641057107871,1.9471213880366733
-3.0,4,1918,265.536675500387,202.79392974341852,FC,VFC,plateau_recentred,plateau,0.5121394758814996,0.5018529920195391,0.010286483861960405,0.0011324092130803364,0.0012326884237735681,-0.03684992347353553,6539.94699476966,6539.94699476966,nan,nan,nan,3.7810239807817436,1.9535935064303802
-3.0,4,1932,301.0226826648105,229.895070594171,FC,VFC,plateau_recentred,plateau,0.512304732751683,0.5012097536510158,0.011094979100667146,0.0009979143518330832,0.0010903204406939847,-0.038460885443137194,5942.175341372185,5942.175341372185,nan,nan,nan,3.727724817320664,1.956980298865673
-3.0,4,1946,341.25099784412686,260.6179758455719,FC,VFC,plateau_recentred,plateau,0.5124700393092803,0.5005808019290514,0.011889237380228845,0.0008796640295543671,0.0009646199642656126,-0.04003941251150644,5166.716702301002,5166.716702301002,nan,nan,nan,3.6745269093164197,1.9529331898368922
-3.0,4,1960,386.85537747094673,295.4466538073099,FC,VFC,plateau_recentred,plateau,0.5126352743347831,0.49996465413190305,0.012670620202880012,0.0007753919575873134,0.0008533109946100885,-0.041586049233653756,4492.4560364238205,4492.4560364238205,nan,nan,nan,3.621278004657304,1.9492302063998683
-3.0,4,1974,438.5542724377551,334.92979508696345,FC,VFC,plateau_recentred,plateau,0.5119872385757878,0.49935996151336,0.012627277062427777,0.000687516287934807,0.0007548453196006946,-0.040574975075150226,3906.186927224517,3906.186927224517,nan,nan,nan,3.5680286298192865,1.9454463830491695
-3.0,4,1988,497.1621465643256,379.68941665576455,FC,VFC,plateau_recentred,plateau,0.5121533325984554,0.4979470181211198,0.014206314477335613,0.0006056526434243903,0.0006714818821425426,-0.04481068199390313,3485.664373784636,3485.664373784636,nan,nan,nan,3.5172049623301986,1.9542239872926017
-3.0,4,2002,563.6023076517386,430.43066109709065,FC*,VFC,plateau,plateau,0.5319576828964997,0.49735369686482617,0.03460398603167353,0.0004939125335117095,0.0005935789021171899,-0.07982840924430422,3167.0637249456922,3167.0637249456922,nan,nan,nan,3.4636491194492134,1.960087553629336
-3.0,4,2016,638.9214532632683,487.95290541492545,FC*,VFC,plateau,plateau,0.532295786851162,0.4967660061287559,0.03552978072240609,0.0004346788491263866,0.0005249004187758297,-0.081908410722801,2753.759373440154,2753.759373440154,nan,nan,nan,3.4102475825148773,1.9577216903468868
-3.0,4,2030,724.3061603862267,553.1623544103444,FC*,VFC,plateau,plateau,0.532634312793761,0.49618291339707354,0.0364513993966874,0.00038254930848308786,0.00046415395383901875,-0.08397463304343673,2394.391570677825,2394.391570677825,nan,nan,nan,3.356832717547785,1.9556919490593208
-3.0,4,2044,821.1015787526972,627.0863170219279,FC*,VFC,plateau,plateau,0.5320311866392179,0.4956029653020877,0.036428221337130196,0.0003385343639681557,0.00041043542317532145,-0.08364207643327948,2081.9215538687076,2081.9215538687076,nan,nan,nan,3.3034154993424263,1.9534769983776785
-3.0,4,2058,930.8326223135522,710.88939053943,FC*,VFC,plateau,plateau,0.5316591976929417,0.49412847540426263,0.03753072228867904,0.0002999773490322545,0.0003650522395066555,-0.08526655422857972,1857.7912231381033,1857.7912231381033,nan,nan,nan,3.2525256803339007,1.9651009906769892
-2.0,4,14,0.00011336388169258527,8.657752084937072e-05,SC,SC,plateau_recentred,plateau_recentred,0.23711488004638,0.23711488004638,0.0,80761.58077425943,80761.58077425943,0.0,8159139.624056167,8159139.624056167,4.77176412186009,1.1138391641089,6.82725176984177,11.59901589170186,1.7165173736734507
-2.0,4,28,0.00012851369672417512,9.814763830810777e-05,SC,SC,plateau_recentred,plateau_recentred,0.23181609114168963,0.23181609114168963,0.0,20231.941241260367,20231.941241260367,0.0,8125041.006086949,8125041.006086949,4.1693970502967295,1.1039236084056823,6.828451585490501,10.99784863578723,1.78846145849393
-2.0,4,42,0.00014568811511317392,0.0001112639725756791,SC,SC,plateau_recentred,plateau_recentred,0.22676014956845567,0.22676014956845567,0.0,8662.5799302024,8662.5799302024,0.0,8011905.889166436,8011905.889166436,3.800107337944956,1.0969704397637567,6.829350997708994,10.62945833565395,1.8395094166142236
-2.0,4,56,0.0001651577024572859,0.000126133158237339,SC,SC,plateau_recentred,plateau_recentred,0.22171973544578044,0.22171973544578044,0.0,4613.738092281218,4613.738092281218,0.0,7858416.450385157,7858416.450385157,3.5266671062895463,1.0923537202201143,6.8291969117849565,10.355864018074502,1.8932726744525397
-2.0,4,70,0.00018722918241986797,0.00014298944427929713,SC,SC,plateau_recentred,plateau_recentred,0.21631384774475024,0.21631384774475024,0.0,2786.665091383684,2786.665091383684,0.0,7766417.594446009,7766417.594446009,3.3074055729544947,1.0872182847806184,6.829490285012654,10.136895857967149,1.9504653600909245
-2.0,4,84,0.00021225026885263176,0.00016209838444580349,SC,SC,plateau_recentred,plateau_recentred,0.21092617431487476,0.21092617431487476,0.0,1770.5578087130627,1770.5578087130627,0.0,7934116.603443681,7934116.603443681,3.111183195471992,1.0841784439147069,6.828737996320078,9.93992119179207,2.012103143076937
-2.0,4,98,0.00024061514367423875,0.0001837610207686923,SC,SC,plateau_recentred,plateau_recentred,0.20516199213849262,0.20516199213849262,0.0,1205.8899872185227,1205.8899872185227,0.0,7873734.517385746,7873734.517385746,2.945388560883548,1.0809581680529365,6.827730208996058,9.773118769879606,2.0657130114487035
-2.0,4,112,0.00027277066680952977,0.00020831862618147669,SC,SC,plateau_recentred,plateau_recentred,0.19669315149418812,0.19669315149418812,0.0,850.0769990679199,850.0769990679199,0.0,7773943.561234879,7773943.561234879,2.792566936627266,1.0721793386475937,6.828702409551168,9.621269346178433,2.1422399068285336
-2.0,4,126,0.0003092234160142482,0.00023615808092815387,SC,SC,plateau_recentred,plateau_recentred,0.18831302493556804,0.18831302493556804,0.0,621.2670120669559,621.2670120669559,0.0,7811316.986895805,7811316.986895805,2.6564599580887087,1.065262498253064,6.828629416791509,9.485089374880218,2.258971681216563
-2.0,4,140,0.0003505476674960928,0.0002677179674708184,SC,SC,plateau_recentred,plateau_recentred,0.18083106034792024,0.18083106034792024,0.0,455.9988309659961,455.9988309659961,0.0,7890220.178556823,7890220.178556823,2.5243791222797882,1.0616632020068748,6.826395687746492,9.35077481002628,2.368408745744475
-2.0,4,154,0.0003973944430566423,0.0003034954799136069,SC,SC,plateau_recentred,plateau_recentred,0.1697347277900549,0.1697347277900549,0.0,354.1968664245156,354.1968664245156,0.0,7703661.0765414145,7703661.0765414145,2.4149237176258844,1.052497428820942,6.826132077798494,9.241055795424378,2.4826280014317827
-2.0,4,168,0.00045050176627992045,0.00034405425679181925,SC,SC,plateau_recentred,plateau_recentred,0.1551325842794289,0.1551325842794289,0.0,282.5516141212394,282.5516141212394,0.0,7859552.032193419,7859552.032193419,2.31482617709119,1.0368703028762662,6.828082696277898,9.142908873369088,2.635786892951973
-2.0,4,182,0.0005107062893487946,0.00039003326062794845,MC,MC,tangent,tangent,0.25,0.25,0.0,113.34091071675361,113.34091071675361,0.0,7831503.715955165,7831503.715955165,2.00505243523623,3.1428169968406383,6.74114534347725,8.74619777871348,0.603908268358662
-2.0,4,196,0.0005789564736542463,0.0004421568441402191,MC,MC,tangent,tangent,0.25,0.25,0.0,87.60427545975989,87.60427545975989,0.0,7598545.746507812,7598545.746507812,1.9040643208113064,3.4425651383965783,6.730272062035988,8.634336382847295,0.6099979417857511
-2.0,4,210,0.0006563275318451911,0.0005012461616869606,MC,MC,tangent,tangent,0.25,0.25,0.0,67.82505430960934,67.82505430960934,0.0,7857568.84147749,7857568.84147749,1.8060312917704282,3.8823730487511967,6.717169939167776,8.523201230938204,0.6139574072301163
-2.0,4,224,0.0007440383667169925,0.0005682321057235415,MC,MC,tangent,tangent,0.25,0.25,0.0,52.97911531855628,52.97911531855628,0.0,7906699.961420075,7906699.961420075,1.7122821348959736,4.553089363692431,6.703633647731445,8.415915782627419,0.6147859989562493
-2.0,4,238,0.000843470773792987,0.0006441699720720973,MC,MC,tangent,tangent,0.25,0.25,0.0,42.22139353349892,42.22139353349892,0.0,7717603.914976596,7717603.914976596,1.629556663838926,5.205901987479045,6.687786980178856,8.317343644017782,0.6190587438669046
-2.0,4,252,0.0009561912101145875,0.0007302560850392562,MC,MC,tangent,tangent,0.25,0.25,0.0,33.836823538200626,33.836823538200626,0.0,7585718.078647237,7585718.078647237,1.550537462292509,6.212295203994321,6.67066320496007,8.221200667252578,0.6209855103050994
-2.0,4,266,0.0010839754721896355,0.0008278466442971395,MC,MC,tangent,tangent,0.5,0.5,0.0,13.722731324783414,13.722731324783414,0.0,7692201.795481616,7692201.795481616,1.3512177677892372,9.999999999999998,6.47803387340187,7.829251641191107,0.6093224200517767
-2.0,4,280,0.001228836671870237,0.0009384790904374559,MC,MC,tangent,tangent,0.5,0.5,0.0,11.845946209226446,11.845946209226446,0.0,7543826.291228617,7543826.291228617,1.3062818082404553,9.999999999996833,6.45909902875033,7.7653808369907855,0.6190095707532038
-2.0,4,294,0.0013930569508946444,0.0010638963257936006,MC,MC,tangent,tangent,0.5,0.5,0.0,10.178262515557341,10.178262515557341,0.0,7684637.180299892,7684637.180299892,1.264067996947996,9.999999999999627,6.435416731715055,7.699484728663051,0.6288439784838946
-2.0,4,308,0.001579223433723298,0.0012060741721049975,MC,MC,tangent,tangent,0.5,0.5,0.0,8.846713030428377,8.846713030428377,0.0,7557557.067375135,7557557.067375135,1.2278006581033913,9.999999999999998,6.4107923625088015,7.638593020612193,0.6365163181220137
-2.0,4,322,0.0017902689850683995,0.0013672524975904996,MC,MC,tangent,tangent,0.5,0.5,0.0,7.7178285089173775,7.7178285089173775,0.0,7642474.63436005,7642474.63436005,1.1963723707358591,5.480854876679302,6.3829338342823,7.579306205018159,0.6716662150476078
-2.0,4,336,0.0020295184142127276,0.0015499705038079766,MC,MC,tangent,tangent,0.5,0.5,0.0,6.781753601033977,6.781753601033977,0.0,7406320.891082331,7406320.891082331,1.1717104537195397,5.336243435609732,6.351442633698525,7.5231530874180645,0.6894534114348849
-2.0,4,350,0.002300740854018324,0.0017571067282075867,MC,MC,tangent,tangent,0.5,0.5,0.0,6.015627044615836,6.015627044615836,0.0,7799859.21367784,7799859.21367784,1.1521838247777476,5.616050570286615,6.318908159108137,7.471091983885884,0.7004510558947282
-2.0,4,364,0.002608209139803419,0.0019919243925785525,MC,MC,tangent,tangent,0.5,0.5,0.0,5.353631164020749,5.353631164020749,0.0,7799859.21367784,7799859.21367784,1.139490871143796,4.670261908019446,6.280968656968808,7.420459528112604,0.7356377626133579
-2.0,4,378,0.0029567671235433135,0.002258122811809544,MC,MC,tangent,tangent,0.5,0.5,0.0,4.8236293288456205,4.8236293288456205,0.0,7400600.257365978,7400600.257365978,1.1348217512617587,4.192667022916071,6.240363256602308,7.375185007864066,0.7573379850060638
-2.0,4,392,0.0033519059838602594,0.002559895672854091,MC,MC,tangent,tangent,0.5,0.5,0.0,4.361190656583157,4.361190656583157,0.0,7400600.257365978,7400600.257365978,1.133461543775124,3.509340908051947,6.197954609958434,7.331416153733558,0.7980775580812922
-2.0,4,406,0.0037998507339918053,0.0029019971020292764,MC,MC,tangent,tangent,0.5,0.5,0.0,3.960905108094835,3.960905108094835,0.0,7504755.9552224,7504755.9552224,1.1402349851953024,2.944326388034057,6.149370533637197,7.2896055188324995,0.8457930197321918
-2.0,4,420,0.004307658290578997,0.003289816561468016,MC,MC,tangent,tangent,0.5,0.5,0.0,3.622766985274274,3.622766985274274,0.0,7311436.820290185,7311436.820290185,1.1517963871122774,2.5739026907070115,6.099055094948365,7.250851482060642,0.8913002510671081
-2.0,4,434,0.004883328648255025,0.003729463754647366,MC,MC,tangent,tangent,0.5,0.5,0.0,3.3330307919151894,3.3330307919151894,0.0,7311436.820290185,7311436.820290185,1.1682886181856955,2.271298980637089,6.046361788436647,7.214650406622343,0.9450655659933662
-2.0,4,448,0.005535930911470199,0.004227864878588006,MC,MC,tangent,tangent,0.5,0.5,0.0,3.074726149136774,3.074726149136774,0.0,7420833.533304627,7420833.533304627,1.1916492403596881,2.035104603465113,5.987968281734126,7.179617522093814,1.0032829892552029
-2.0,4,462,0.006275746169065011,0.004792871739086915,MC,MC,tangent,tangent,0.5,0.5,0.0,2.8530756299612134,2.8530756299612134,0.0,7420833.533304627,7420833.533304627,1.2196439371757342,1.8848941397391357,5.927480427759791,7.147124364935525,1.0466549544736121
-2.0,4,476,0.007114429462428795,0.005433385447978123,MC,MC,tangent,tangent,0.5,0.5,0.0,2.6477126871603205,2.6477126871603205,0.0,7420833.533304627,7420833.533304627,1.248484653311777,1.7039986410883112,5.866197283905734,7.114681937217512,1.1530959877751614
-2.0,4,490,0.008065193398893555,0.006159496651150619,MC,MC,tangent,tangent,0.5,0.5,0.0,2.5023218484922563,2.5023218484922563,0.0,7420833.533304627,7420833.533304627,1.2852313642686246,1.6220946657835456,5.804922884364126,7.090154248632751,1.1996868570302168
-2.0,4,504,0.009143016303003959,0.00698264449647225,MC,MC,tangent,tangent,0.5,0.5,0.0,2.354886234238812,2.354886234238812,0.0,7537145.716649725,7537145.716649725,1.3228214314536046,1.5403844795305282,5.740959580280505,7.063781011734109,1.2683109865056363
-2.0,4,518,0.010364878184875526,0.007915796845997927,MC,MC,tangent,tangent,0.5,0.5,0.0,2.2369057920698308,2.2369057920698308,0.0,7537145.716649725,7537145.716649725,1.3647311333027883,1.4891420343407575,5.676727641493559,7.0414587747963475,1.3170799792748304
-2.0,4,532,0.011750028243087796,0.008973654571526248,MC,MC,tangent,tangent,0.5,0.5,0.0,2.1195008487018647,2.1195008487018647,0.0,7345564.915809434,7345564.915809434,1.4064779931162674,1.448371836544603,5.611566682441993,7.018044675558261,1.3598609273205209
-2.0,4,546,0.013320288116345003,0.010172883151970562,MC,MC,tangent,tangent,0.5,0.5,0.0,1.9992214159680142,1.9992214159680142,0.0,7345564.915809434,7345564.915809434,1.4486384185019432,1.4106109188089864,5.544033557622278,6.992671976124221,1.4487000576115117
-2.0,4,560,0.015100395661331367,0.011532375221129829,MC,MC,tangent,tangent,0.5,0.5,0.0,1.930605535950792,1.930605535950792,0.0,7345564.915809434,7345564.915809434,1.5059217725478322,1.3857453080158875,5.471582855385307,6.977504627933139,1.437324215967494
-2.0,4,574,0.01711839467263121,0.013073548202032166,MC,MC,tangent,tangent,0.5,0.5,0.0,1.840811629506507,1.8408116295065118,-1.157192959863946e-15,7345564.915809434,7345564.915809434,1.5597775749317353,1.3535397460414036,5.397042855186616,6.956820430118351,1.5134866598653227
-2.0,4,588,0.019406076684359785,0.01482068171678121,MC,MC,tangent,tangent,0.5,0.5,0.0,1.7732763507561269,1.773276350756128,-2.892982399659862e-16,7467233.872869448,7467233.872869448,1.622165087277962,1.3320865423625952,5.3184224156260775,6.94058750290404,1.5654926897578332
-2.0,4,602,0.02199948181363931,0.016801300087453574,MC,MC,tangent,tangent,0.5,0.5,0.0,1.6981259558328667,1.6981259558328692,-6.268128532596371e-16,7467233.872869448,7467233.872869448,1.680684542026231,1.3135234992826583,5.241096438940834,6.921780980967065,1.6190138572799253
-2.0,4,616,0.02493946653620638,0.019046605953965113,MC,MC,tangent,tangent,0.5,0.5,0.0,1.648719320729249,1.6487193207292512,-5.785964799319727e-16,7467233.872869448,7467233.872869448,1.7508226675199323,1.2931969644583927,5.158135140535338,6.90895780805527,1.6418620100278043
-2.0,4,630,0.028272347338879067,0.02159197184011521,MC,MC,tangent,tangent,0.5,0.5,0.0,1.5857323254428441,1.5857323254428461,-5.303801066043082e-16,7467233.872869448,7467233.872869448,1.8183073343089218,1.2763679427006016,5.0737336258969306,6.892040960205852,1.695304904762133
-2.0,4,644,0.03205063038897715,0.02447749741193485,MC,MC,tangent,tangent,0.5,0.5,0.0,1.5292490261181575,1.5292490261181575,0.0,7467233.872869448,7467233.872869448,1.8881959835197542,1.2605744353680697,4.9880933098269935,6.876289293346748,1.7638027610970348
-2.0,4,658,0.036333838715903344,0.027748641207383285,MC,MC,tangent,tangent,0.5,0.5,0.0,1.4875007953997248,1.4875007953997248,0.0,7467233.872869448,7467233.872869448,1.9618329324864539,1.2454591673633106,4.902435354892572,6.8642682873790255,1.757088761385329
-2.0,4,672,0.04118944993628881,0.031456936789651245,MC,MC,tangent,tangent,0.5,0.5,0.0,1.4256828788209328,1.4256828788209386,-1.7357894397959202e-15,7467233.872869448,7467233.872869448,2.030259381508306,1.2328558359942106,4.815574633388522,6.845834014896828,1.8354325610019628
-2.0,4,686,0.04669395929562081,0.03566080460634663,MC,MC,tangent,tangent,0.5,0.5,0.0,1.3906892373032262,1.3906892373032271,-2.892982399659862e-16,7467233.872869448,7467233.872869448,2.1110682726300984,1.219254107383616,4.723972901734842,6.835041174364941,1.8211962183151704
-2.0,4,700,0.05293408477349404,0.04042647234458,MC,MC,tangent,tangent,0.5,0.5,0.0,1.3360986424438617,1.3360986424438617,0.0,7278704.849516369,7278704.849516369,2.185753209238869,1.2087502119964078,4.631896394238656,6.817649603477525,1.8731664881753558
-2.0,4,714,0.060008133237702044,0.04582901828121483,MC,MC,tangent,tangent,0.5,0.5,0.0,1.3056590260726237,1.3056590260726284,-1.5429239464852621e-15,6963208.452616216,6963208.452616216,2.2650376761866977,1.1969103921242201,4.542603179949875,6.807640856136572,1.828257509272674
-2.0,4,728,0.06802754916954634,0.051953554065211696,FC,FC,plateau_recentred,plateau_recentred,0.536735889755818,0.536735889755818,0.0,1.1291179580763075,1.1291179580763075,0.0,6963208.452616216,6963208.452616216,2.3510435264460297,1.3130383250059041,4.393506869007766,6.744550395453795,1.836175612035165
-2.0,4,742,0.07711867035896258,0.05889656556560496,FC,FC,plateau_recentred,plateau_recentred,0.5429197741234583,0.5429197741234583,0.0,1.0637195240232806,1.0637195240232806,0.0,6963208.452616216,6963208.452616216,2.4300749922356335,1.3204219851701708,4.288563219081456,6.7186382113170895,1.7614198138096406
-2.0,4,756,0.08742471822866626,0.06676743290881665,FC,FC,plateau_recentred,plateau_recentred,0.5401906530799067,0.5401906530799067,0.0,1.0323644798139178,1.0323644798139178,0.0,6963208.452616216,6963208.452616216,2.5114350015448013,1.2992313569590794,4.194209132724573,6.705644134269375,1.7485242168875024
-2.0,4,770,0.09910805414286328,0.07569015365195925,FC,FC,plateau_recentred,plateau_recentred,0.5372054272692649,0.5372054272692649,0.0,1.0014973211214842,1.0014973211214842,0.0,7083505.137549642,7083505.137549642,2.5878219526568076,1.2760369391401074,4.1046389200430635,6.692460872699871,1.7400043581700526
-2.0,4,784,0.11235273724638661,0.08580529623897953,FC,FC,plateau_recentred,plateau_recentred,0.5352549298311896,0.5352549298311896,0.0,0.963506863427166,0.963506863427166,0.0,7083505.137549642,7083505.137549642,2.660126112645401,1.260898511382317,4.015539780753924,6.675665893399326,1.7324284243531731
-2.0,4,798,0.127367424130429,0.0972722145143704,FC,FC,plateau_recentred,plateau_recentred,0.5352897903826223,0.5352897903826223,0.0,0.9253967819046045,0.9253967819046045,0.0,6905873.755297473,6905873.755297473,2.7385652627764974,1.2495576141079787,3.9195738028692326,6.65813906564573,1.698414645889984
-2.0,4,812,0.14438865600617423,0.1102715581818755,FC,FC,plateau_recentred,plateau_recentred,0.5372778034126572,0.5372778034126572,0.0,0.875073693314152,0.875073693314152,0.0,6905873.755297473,6905873.755297473,2.8133869303604437,1.2475748710569359,3.820468778558521,6.633855708918965,1.6635162699934098
-2.0,4,826,0.1636845851724229,0.12500811875792486,FC,FC,plateau_recentred,plateau_recentred,0.5348368145562322,0.5348368145562322,0.0,0.8357278522939741,0.8357278522939741,0.0,6905873.755297473,6905873.755297473,2.8823769656486546,1.2287763596660661,3.731498991239133,6.613875956887788,1.6774145917744643
-2.0,4,840,0.18555919948394317,0.14171405585492053,FC,FC,plateau_recentred,plateau_recentred,0.5300641471056147,0.5300641471056147,0.0,0.8097517152827702,0.8097517152827702,0.0,6732696.793187312,6732696.793187312,2.9526662298533664,1.1963252889571003,3.647496727539628,6.600162957392994,1.687275247516612
-2.0,4,854,0.2103571113727749,0.1606525546212045,FC,FC,plateau_recentred,plateau_recentred,0.5249138737552478,0.5249138737552478,0.0,0.7829084067203408,0.7829084067203408,0.0,6563862.54877928,6563862.54877928,3.019301649953773,1.1646485588160234,3.566220387258311,6.585522037212084,1.7077480247636727
-2.0,4,868,0.23846898686867357,0.1821219719569755,FC,FC,plateau_recentred,plateau_recentred,0.526362594577083,0.526362594577083,0.0,0.7310007232526711,0.7310007232526711,0.0,6563862.54877928,6563862.54877928,3.083291525473182,1.1593453376523737,3.4724373619276485,6.55572888740083,1.6928228046856326
-2.0,4,882,0.27033770014742475,0.20646053682559679,FC,FC,plateau_recentred,plateau_recentred,0.527302582119167,0.527302582119167,0.0,0.680041059249713,0.680041059249713,0.0,6556731.880783413,6556731.880783413,3.1419954275215343,1.1482264649816454,3.382350788388007,6.524346215909541,1.6741228861388453
-2.0,4,896,0.30646531056571247,0.23405167870894525,FC,FC,plateau_recentred,plateau_recentred,0.5278384945579293,0.5278384945579293,0.0,0.6342398642569081,0.6342398642569081,0.0,6234195.253147125,6234195.253147125,3.201775849001478,1.1339858418716042,3.29228876726935,6.494064616270828,1.6568537389120277
-2.0,4,910,0.3474209720986756,0.26533006815123095,FC,FC,plateau_recentred,plateau_recentred,0.5277543551795715,0.5277543551795715,0.0,0.5861456564786469,0.5861456564786469,0.0,6234195.253147125,6234195.253147125,3.25233300616752,1.11873956010986,3.207483625660972,6.459816631828492,1.6648561264376294
-2.0,4,924,0.3938498997853399,0.30078846455394537,FC,FC,plateau_recentred,plateau_recentred,0.5294550481298526,0.5294550481298526,0.0,0.535563566492623,0.535563566492623,0.0,6078926.435945124,6078926.435945124,3.30070414019098,1.1122153886443675,3.119917965567001,6.420622105757981,1.647180978943446
-2.0,4,938,0.44648353443920774,0.340985479102023,FC,FC,plateau_recentred,plateau_recentred,0.5282947969633072,0.5282947969633072,0.0,0.49097410308366063,0.49097410308366063,0.0,6196957.207663018,6196957.207663018,3.3326435002790578,1.0936058955700911,3.050226165906023,6.382869666185081,1.660333070388422
-2.0,4,952,0.5016364722968638,0.38310651938382895,FC,FC,plateau_recentred,plateau_recentred,0.5312420472828411,0.5312420472828411,0.0,0.4427628023828221,0.4427628023828221,0.0,6043674.289142767,6043674.289142767,3.3637487790018064,1.0929106424813493,2.9742334293166426,6.337982208318449,1.6436820236192653
-2.0,4,966,0.5437616319255452,0.41527807024802077,FC,FC,plateau_recentred,plateau_recentred,0.5340063842294267,0.5340063842294267,0.0,0.4095712519499614,0.4095712519499614,0.0,5894182.85284883,5894182.85284883,3.381405127251303,1.0923992784530254,2.9227354191494426,6.304140546400745,1.630697871205962
-2.0,4,980,0.5841669263524998,0.44613613693067766,FC,FC,plateau_recentred,plateau_recentred,0.5356132620769336,0.5356132620769336,0.0,0.38317444860254507,0.38317444860254507,0.0,5748389.115745164,5748389.115745164,3.397181929350642,1.0868846552381926,2.878025692514798,6.27520762186544,1.6236743594987317
-2.0,4,994,0.6278195488721805,0.47947423174447373,FC,FC,plateau_recentred,plateau_recentred,0.5367271576709483,0.5367271576709483,0.0,0.3569594087001594,0.3569594087001594,0.0,6014944.305345132,6014944.305345132,3.410356757345454,1.0799977384532642,2.834073156941723,6.244429914287177,1.631647605749975
-2.0,4,1008,0.674207802630171,0.5149015649209189,FC,FC,plateau_recentred,plateau_recentred,0.5368054418074792,0.5368054418074792,0.0,0.33458445037247014,0.33458445037247014,0.0,5867191.0508184275,5867191.0508184275,3.4204739617999667,1.065760735467963,2.7958428724507,6.216316834250667,1.635505672567627
-2.0,4,1022,0.724306160386226,0.5531623544103438,FC,FC,plateau_recentred,plateau_recentred,0.5384679192340369,0.5384679192340369,0.0,0.3097791973362344,0.3097791973362344,0.0,5723067.260359053,5723067.260359053,3.4265196201775696,1.057438461425928,2.756343710712957,6.182863330890527,1.633527778111376
-2.0,4,1036,0.771186703589626,0.5889656556560497,FC,FC,plateau_recentred,plateau_recentred,0.5420771386455456,0.5420771386455456,0.0,0.28707200698547736,0.28707200698547736,0.0,5582483.778506708,5582483.778506708,3.4353814379397547,1.059727378792352,2.7144204883752416,6.149801926314996,1.6169829564565688
-2.0,4,1050,0.8233082706766917,0.6287715973176031,FC,FC,plateau_recentred,plateau_recentred,0.5440869230091622,0.5440869230091622,0.0,0.2659233264143853,0.2659233264143853,0.0,5846463.626240797,5846463.626240797,3.4398133879046746,1.0561420174195613,2.676754127540974,6.116567515445649,1.619321964983235
-2.0,4,1064,0.8759398496240602,0.6689670418949843,FC,FC,plateau_recentred,plateau_recentred,0.5466244436588642,0.5466244436588642,0.0,0.24661187060205975,0.24661187060205975,0.0,5451837.405021494,5451837.405021494,3.4425432229865693,1.0506334404812272,2.641281835186387,6.083825058172956,1.6085516551649481
-2.0,4,1078,0.9308326223135523,0.7108893905394301,FC,FC,plateau_recentred,plateau_recentred,0.5506459403005872,0.5506459403005872,0.0,0.2266398597527036,0.2266398597527036,0.0,5711639.77645267,5711639.77645267,3.4441809023434273,1.055294791417825,2.60296647117419,6.0471473735176176,1.6033251956254744
-2.0,4,1092,0.9887218045112784,0.7551001374179438,FC,FC,plateau_recentred,plateau_recentred,0.5514010813331813,0.5514010813331813,0.0,0.21161894687237565,0.21161894687237565,0.0,5573288.968714178,5573288.968714178,3.442303738860101,1.042879370652496,2.5750618906692075,6.0173656295293085,1.6107772348007754
-2.0,4,1106,1.045815930351596,0.7987036890652053,FC,FC,plateau_recentred,plateau_recentred,0.5592927397391781,0.5592927397391781,0.0,0.19179831256470425,0.19179831256470425,0.0,5438289.378270749,5438289.378270749,3.4431490451737066,1.061320643247807,2.5315068175205324,5.974655862694239,1.5686896670985468
-2.0,4,1120,1.1035742449353014,0.8428144905871184,FC,FC,plateau_recentred,plateau_recentred,0.5587134056889071,0.5587134056889071,0.0,0.18093856109773312,0.18093856109773312,0.0,5306559.829901593,5306559.829901593,3.4392154397547543,1.0443333488153475,2.510126773292196,5.94934221304695,1.584856377931665
-2.0,4,1134,1.1645224352961225,0.8893614431341795,FC,FC,plateau_recentred,plateau_recentred,0.5562903612538206,0.5562903612538206,0.0,0.1714755622705243,0.1714755622705243,0.0,5564309.90168096,5564309.90168096,3.4307333812597096,1.0203931670928703,2.4952799350816828,5.926013316341392,1.6228471460393625
-2.0,4,1148,1.2288366718702433,0.9384790904374607,FC,FC,plateau_recentred,plateau_recentred,0.5667039247508364,0.5667039247508364,0.0,0.15381554986647716,0.15381554986647716,0.0,5430478.86497387,5430478.86497387,3.4308286109282284,1.0486003011274203,2.4479827121796647,5.878811323107893,1.5667923971580549
-2.0,4,1162,1.2894736842105265,0.9847883921458354,FC,FC,plateau_recentred,plateau_recentred,0.5623703241086527,0.5623703241086527,0.0,0.14783011459579323,0.14783011459579323,0.0,5430478.86497387,5430478.86497387,3.4236871146910692,1.0154736567299987,2.4378868796223223,5.8615739943133915,1.6135199295414377
-2.0,4,1176,1.3561125023080152,1.0356813536170912,FC,FC,plateau_recentred,plateau_recentred,0.5712514956830735,0.5712514956830735,0.0,0.13280648705167747,0.13280648705167747,0.0,5172395.958867939,5172395.958867939,3.418362475495602,1.0377303192073604,2.396667894308494,5.815030369804096,1.5645689083916456
-2.0,4,1190,1.4182440582626876,1.0831320583808584,FC,FC,plateau_recentred,plateau_recentred,0.5446523837986695,0.5446523837986695,0.0,0.13915145443963933,0.13915145443963933,0.0,5172395.958867939,5172395.958867939,3.4214378560103462,0.964000484703505,2.413860974770209,5.835298830780555,1.6687938909350442
-2.0,4,1204,1.4849624060150375,1.1340857577189647,FC,FC,plateau_recentred,plateau_recentred,0.5533235462024879,0.5533235462024879,0.0,0.1299251566529572,0.1299251566529572,0.0,4942134.820545498,4942134.820545498,3.471846132798957,1.0248703492789502,2.3336581970839196,5.805504329882877,1.601809225623772
-2.0,4,1218,1.5526315789473681,1.18576561503274,FC,FC,plateau_recentred,plateau_recentred,0.5507577899641606,0.5507577899641606,0.0,0.12736601552686777,0.12736601552686777,0.0,4823268.1437667655,4823268.1437667655,3.4989832347557916,1.0218221051024137,2.2978814087041934,5.796864643459985,1.6116145168120448
-2.0,4,1232,1.6222460729620618,1.238931140215791,FC,FC,plateau_recentred,plateau_recentred,0.5500356339156559,0.5500356339156559,0.0,0.12401912661417032,0.12401912661417032,0.0,4608549.235537383,4608549.235537383,3.52080299917805,1.0220492089897029,2.2644967501423072,5.785299749320357,1.6075749740510779
-2.0,4,1246,1.6954887218045114,1.294867536028489,FC,FC,plateau_recentred,plateau_recentred,0.5510034847042105,0.5510034847042105,0.0,0.11966063763593375,0.11966063763593375,0.0,4497705.854631996,4497705.854631996,3.5459505263516515,1.019954370956748,2.2238118671380818,5.769762393489733,1.5925492816065916
-2.0,4,1260,1.763157894736842,1.3465473933422645,FC,FC,plateau_recentred,plateau_recentred,0.550473157055695,0.550473157055695,0.0,0.11653107065195861,0.11653107065195861,0.0,4297480.102743924,4297480.102743924,3.5623257620817643,1.0073738236360916,2.1959270553073527,5.758252817389117,1.5816257937995617
-2.0,4,1274,1.8383458646616542,1.4039694570242374,FC,FC,plateau_recentred,plateau_recentred,0.551576307034781,0.551576307034781,0.0,0.11241841910173164,0.11241841910173164,0.0,4297480.102743924,4297480.102743924,3.578526244077237,1.0018958041817458,2.1641223103528895,5.742648554430127,1.5679310080162374
-2.0,4,1288,1.9061437174542544,1.455747588877655,FC,FC,plateau_recentred,plateau_recentred,0.5495221568340247,0.5495221568340247,0.0,0.11053627666995142,0.11053627666995142,0.0,4007407.6004368463,4007407.6004368463,3.586580148735928,0.9864570916034533,2.1487357636297757,5.735315912365704,1.5676753255078608
-2.0,4,1302,1.981203007518797,1.5130713780199858,FC,FC,plateau_recentred,plateau_recentred,0.5507961772407199,0.5507961772407199,0.0,0.1067422107469953,0.1067422107469953,0.0,4007407.6004368463,4007407.6004368463,3.594170011366104,0.9890904344252698,2.1259772626559896,5.720147274022094,1.5537150041459353
-2.0,4,1316,2.056390977443609,1.570493441701959,FC,FC,plateau_recentred,plateau_recentred,0.548702932736904,0.548702932736904,0.0,0.10478005866277586,0.10478005866277586,0.0,3911022.6896121777,3911022.6896121777,3.595990491663577,0.9807170470516775,2.116099226346532,5.712089718010109,1.5578475069166875
-2.0,4,1330,2.1315789473684212,1.6279155053839318,FC,FC,plateau_recentred,plateau_recentred,0.5484455355969218,0.5484455355969218,0.0,0.1021689960687539,0.1021689960687539,0.0,3736914.4922358557,3736914.4922358557,3.5997896645233665,0.9817289091212399,2.1013405421730518,5.701130206696418,1.553892357530048
-2.0,4,1344,2.206766917293233,1.6853375690659045,FC,FC,plateau_recentred,plateau_recentred,0.5465259378807906,0.5465259378807906,0.0,0.10032606607141405,0.10032606607141405,0.0,3736914.4922358557,3736914.4922358557,3.599586865222252,0.9774477628912185,2.093637998801501,5.693224864023753,1.5620124835858749
-2.0,4,1358,2.281954887218045,1.7427596327478774,FC,FC,plateau_recentred,plateau_recentred,0.5430333615156088,0.5430333615156088,0.0,0.09947970989089122,0.09947970989089122,0.0,3484679.2027744055,3484679.2027744055,3.6011967456118645,0.9647800147324656,2.0883488452219323,5.689545590833797,1.5772339068303063
-2.0,4,1372,2.3634197261974306,1.8049754257316994,FC,FC,plateau_recentred,plateau_recentred,0.5444993108891562,0.5444993108891562,0.0,0.09609979338366961,0.09609979338366961,0.0,3484679.2027744055,3484679.2027744055,3.6028918911622885,0.9746443684245942,2.071641643517572,5.674533534679861,1.5636795294634587
-2.0,4,1386,2.439849624060151,1.863345966480021,FC,FC,plateau_recentred,plateau_recentred,0.5427633408510089,0.5427633408510089,0.0,0.09457196817030791,0.09457196817030791,0.0,3249469.3607460954,3249469.3607460954,3.603146351570145,0.9698591711985497,2.0644271565660253,5.6675735081361704,1.5637391271414163
-2.0,4,1400,2.561889013687202,1.9565490893982402,FC,FC,plateau_recentred,plateau_recentred,0.54347780800101,0.54347780800101,0.0,0.09061796206225309,0.09061796206225309,0.0,3249469.3607460954,3249469.3607460954,3.6062443067562517,0.9773581910558236,2.0427810649539184,5.64902537171017,1.5576501247437733
-2.0,4,1414,2.904256830572931,2.2180199949637163,FC,FC,plateau_recentred,plateau_recentred,0.5416958349258093,0.5416958349258093,0.0,0.0826133780211714,0.0826133780211714,0.0,2825606.8337571165,2825606.8337571165,3.609450475572496,0.9807658791375828,1.9994109857962794,5.608861461368775,1.5458596411138659
-2.0,4,1428,3.2923782774609203,2.5144335630096193,FC,FC,plateau_recentred,plateau_recentred,0.5416730590276622,0.5416730590276622,0.0,0.07445833078388946,0.07445833078388946,0.0,2634883.24104508,2634883.24104508,3.614645290512078,0.9914038998341418,1.9490790861632394,5.563724376675317,1.5361610873548528
-2.0,4,1442,3.732367815334758,2.8504594896100905,FC,FC,plateau_recentred,plateau_recentred,0.5400942357167111,0.5400942357167111,0.0,0.0676060515312378,0.0676060515312378,0.0,2291187.657279413,2291187.657279413,3.617756805228054,0.995036185824079,1.9040398476336176,5.5217966528616715,1.5285322924271743
-2.0,4,1456,4.231157034510027,3.2313915234980297,FC,FC,plateau_recentred,plateau_recentred,0.5401484975458665,0.5401484975458665,0.0,0.060675755128663106,0.060675755128663106,0.0,2136536.438166664,2136536.438166664,3.6217740570773036,1.0057342845674042,1.8530522136418077,5.474826270719111,1.5222569444572402
-2.0,4,1470,4.796603854831481,3.663230863724089,FC,FC,plateau_recentred,plateau_recentred,0.5402510033316532,0.5402510033316532,0.0,0.054385642012664714,0.054385642012664714,0.0,1857845.4787672425,1857845.4787672425,3.6255201479436634,1.0154359569459905,1.8017751924746008,5.427295340418264,1.5099792704556634
-2.0,4,1484,5.437616319255451,4.152780702480207,FC,FC,plateau_recentred,plateau_recentred,0.5371755347194167,0.5371755347194167,0.0,0.04937269745509388,0.04937269745509388,0.0,1655320.3639098902,1655320.3639098902,3.6249306631311793,1.0126360584788854,1.760367272971477,5.385297936102656,1.519088477443628
-2.0,4,1498,6.164292931060073,4.70775340251417,FC,FC,plateau_recentred,plateau_recentred,0.5358145214877144,0.5358145214877144,0.0,0.04443203358702161,0.04443203358702161,0.0,1506463.1707532627,1506463.1707532627,3.6272690641549254,1.0159451872034766,1.7122382072943299,5.339507271449255,1.5244804230155067
-2.0,4,1512,6.988081745554302,5.3368919976070845,FC,FC,plateau_recentred,plateau_recentred,0.5360536821323443,0.5360536821323443,0.0,0.039616892729821586,0.039616892729821586,0.0,1309959.3064347215,1309959.3064347215,3.629414070264428,1.0258569349010265,1.6602774200234296,5.289691490287858,1.5154936296670873
-2.0,4,1526,7.921960722614703,6.050107930230924,FC,FC,plateau_recentred,plateau_recentred,0.5363240223829125,0.5363240223829125,0.0,0.0352744330915198,0.0352744330915198,0.0,1167159.6699600094,1167159.6699600094,3.6290223628206046,1.038514615560382,1.6102487607058489,5.2392711235264535,1.5079660686963314
-2.0,4,1540,8.980642181321816,6.858637196303615,FC,FC,plateau_recentred,plateau_recentred,0.5366279431362322,0.5366279431362322,0.0,0.031337283227466504,0.031337283227466504,0.0,1062201.067248516,1062201.067248516,3.629796320070248,1.0498030739529518,1.5580761034690878,5.187872423539336,1.5060458940453065
-2.0,4,1554,10.180804577672388,7.775217356944574,FC,FC,plateau_recentred,plateau_recentred,0.5369666131358077,0.5369666131358077,0.0,0.027829313607014912,0.027829313607014912,0.0,923646.9900896081,923646.9900896081,3.6304948845077205,1.0604740161056154,1.505818691102332,5.136313575610052,1.4998978375581982
-2.0,4,1568,11.541355256790725,8.814288205871739,FC,FC,plateau_recentred,plateau_recentred,0.5341745757090305,0.5341745757090305,0.0,0.025067026551236986,0.025067026551236986,0.0,822959.5460080536,822959.5460080536,3.6273187825956072,1.059092247080962,1.463595119191179,5.090913901786786,1.514983968965592
-2.0,4,1582,13.083728319034787,9.992219253752195,FC,FC,plateau_recentred,plateau_recentred,0.5345686025433245,0.5345686025433245,0.0,0.022218190220118228,0.022218190220118228,0.0,715612.2612499708,715612.2612499708,3.6272571429607345,1.0701006331154046,1.411262618434011,5.0385197613947454,1.5099342905631032
-2.0,4,1596,14.832222292576159,11.327567613292167,FC,FC,plateau_recentred,plateau_recentred,0.5349882364100742,0.5349882364100742,0.0,0.019676526644899796,0.019676526644899796,0.0,620874.5485730611,620874.5485730611,3.6268322429083524,1.0813365838596076,1.3589272758365798,4.985759518744932,1.5054389170455265
-2.0,4,1610,16.814382932144426,12.841370347785583,FC,FC,plateau_recentred,plateau_recentred,0.5323028818882323,0.5323028818882323,0.0,0.017660549849413763,0.017660549849413763,0.0,580265.4356528454,580265.4356528454,3.6220838232877037,1.0817738209537169,1.3167314783841837,4.938815301671887,1.5277664333062864
-2.0,4,1624,19.061437174542544,14.55747588877655,FC,FC,plateau_recentred,plateau_recentred,0.5327665306476567,0.5327665306476567,0.0,0.015616709345537898,0.015616709345537898,0.0,504575.3008722843,504575.3008722843,3.620935722204967,1.0934392541575282,1.264464885934708,4.885400608139675,1.524308238850893
-2.0,4,1638,21.608785087464046,16.502919743986276,FC,FC,plateau_recentred,plateau_recentred,0.5301369226995484,0.5301369226995484,0.0,0.013997297409646807,0.013997297409646807,0.0,459200.60201544245,459200.60201544245,3.6178677929453897,1.0899996798917124,1.2199874782428477,4.837855271188237,1.5463430022113571
-2.0,4,1652,24.496557561768185,18.70835041440287,FC,FC*,plateau_recentred,plateau,0.5306366507420841,0.5516186938205297,-0.020982043078445645,0.01237480754874998,0.012211724029359843,0.005761472380397572,380672.3716491561,380672.3716491561,4.748237704885748,1.2575086503648205,0.03035035705732625,4.778588061943074,1.5301818406711005
-2.0,4,1666,27.770248533090715,21.208512230426948,FC,FC*,plateau_recentred,plateau,0.5311512684558026,0.5522927618133685,-0.021141493357565877,0.010916516210521286,0.010759662786431546,0.00628540349206321,355773.9966691616,355773.9966691616,4.69325938421718,1.2749248161390414,0.03035035705732625,4.723609741274506,1.5296075042766921
-2.0,4,1680,31.4814316928032,24.042792713668874,FC,FC*,plateau_recentred,plateau,0.5316775698326818,0.5510991575482082,-0.01942158771552638,0.009633272621923566,0.009599442944125378,0.001527819354898812,309366.6456453824,309366.6456453824,4.643706755347062,1.2803752630476588,0.03035035705732536,4.6740571124043875,1.5377393973952347
-2.0,4,1694,35.6885729793766,27.255843087528657,FC,FC*,plateau_recentred,plateau,0.532214304646245,0.5517993104583662,-0.019585005812121192,0.00849804694308399,0.008458130590763129,0.0020447395692792442,269012.6943900156,269012.6943900156,4.588735109921195,1.2945918765531843,0.03035035705732625,4.619085466978521,1.5279655673011534
-2.0,4,1708,40.45795165012969,30.898281712075836,FC,FC*,plateau_recentred,plateau,0.52966959725185,0.550575198964472,-0.020905601712622013,0.007606850204346377,0.007506008450206259,0.005795815120548845,233398.92876916606,233398.92876916606,4.536869772696849,1.290380568514431,0.03035035705732536,4.567220129754174,1.5305895980847604
-2.0,4,1722,45.86470444391582,35.02749152513422,FC,FC*,plateau_recentred,plateau,0.5302280510157662,0.5512879318995082,-0.021059880883742,0.006700831584756231,0.006604695679516042,0.006275891046740443,218133.16618374886,218133.16618374886,4.481313535387049,1.3112419970798475,0.03035035705732625,4.511663892444375,1.5310582912103952
-2.0,4,1736,51.99400928447669,39.70852405245033,FC,FC*,plateau_recentred,plateau,0.5307943836367348,0.552007272547926,-0.02121288891119122,0.0059055819526050305,0.005814438851145497,0.006754893130808372,189679.7589426596,189679.7589426596,4.4259685312176735,1.3280161740115997,0.03035035705732625,4.456318888275,1.5222886987832087
-2.0,4,1750,58.942427172510946,45.01512422871065,FC,FC*,plateau_recentred,plateau,0.5313670157378637,0.5508640270531759,-0.01949701131531223,0.005203439459144265,0.005179971562158612,0.001963130515804719,164937.82940939142,164937.82940939142,4.37578809918619,1.3369985112723288,0.03035035705732625,4.406138456243516,1.5313155293306664
-2.0,4,1764,66.81942340661188,51.030892174427464,FC,FC*,plateau_recentred,plateau,0.530451993723663,0.5496717929985505,-0.019219799274887484,0.004620788435132687,0.004592491575794437,0.0026677162731437156,143102.21599376076,143102.21599376076,4.3235090920276,1.333842019003609,0.03035035705732625,4.3538594490849265,1.5341639075959306
-2.0,4,1778,75.7490920983714,57.850600231313365,FC,FC*,plateau_recentred,plateau,0.531042397148348,0.5504089611816221,-0.01936656403327408,0.0040724693329789,0.004043321576232585,0.0031195392991540285,124435.88615493709,124435.88615493709,4.268199007008883,1.3553680501007541,0.03035035705732625,4.29854936406621,1.52666339327157
-2.0,4,1792,85.87211114964163,65.58168600470435,FC,FC*,plateau_recentred,plateau,0.5300401657191702,0.5511501632275702,-0.021109997508399925,0.003606487728908828,0.0035522370174313764,0.00658252314961101,116296.99406505068,116296.99406505068,4.211962659384146,1.382088064175902,0.03035035705732625,4.242313016441472,1.5270890145988845
-2.0,4,1806,97.34795849064635,74.34594493440731,FC,FC*,plateau_recentred,plateau,0.5306354613171542,0.5500272485572738,-0.019391787240119585,0.003175489933042529,0.0031625793601133987,0.0017693079949357014,101127.1517575311,101127.1517575311,4.161502155973476,1.3960093534447457,0.03035035705732625,4.191852513030803,1.536613069018257
-2.0,4,1820,110.35742449353015,84.28144905871186,FC,FC*,plateau_recentred,plateau,0.5312340161869502,0.5507800002981736,-0.019545984111223436,0.002795782721901192,0.0027815125555137998,0.002222391942189132,87936.07182031246,87936.07182031246,4.105741748344187,1.4217163035717857,0.03035035705732625,4.136092105401513,1.5281728347395251
-2.0,4,1834,125.1054601418827,95.54472219975516,FC,FC*,plateau_recentred,plateau,0.5303469624916225,0.5496082334299386,-0.01926127093831609,0.002480729309205077,0.0024642660852267364,0.0028917777164756456,76294.48494825802,76294.48494825802,4.053148323739516,1.4227587376895174,0.03035035705732536,4.083498680796842,1.5317828214594646
-2.0,4,1848,141.82440582626876,108.31320583808584,FC,FC*,plateau_recentred,plateau,0.5309578290272069,0.5503629629390722,-0.01940513391186527,0.002181897085759718,0.0021653407507742483,0.003308013023136865,71304.34424821798,71304.34424821798,3.9969869728991654,1.4616634737576253,0.03035035705732625,4.027337329956492,1.5336926744695936
-2.0,4,1862,160.7776516321715,122.78805452378606,FC,FC*,plateau_recentred,plateau,0.53157108301551,0.5511198855501822,-0.01954880253467217,0.001920364363000281,0.0019039467559215707,0.003728838862907715,62003.367324588624,62003.367324588624,3.941115522819918,1.4953730943808923,0.03035035705732625,3.971465879877244,1.525509533767035
-2.0,4,1876,182.2637867844891,139.19730486303095,FC,FC*,plateau_recentred,plateau,0.5305857972552155,0.5500144779437668,-0.019428680688551303,0.0017018917607774554,0.0016942788632743548,0.0019470428789718174,53915.61482151774,53915.61482151774,3.890445616592014,1.521544681224028,0.03035035705732625,3.9207959736493403,1.5353061147345333
-2.0,4,1890,206.62130361888174,157.7994680042606,FC,FC*,plateau_recentred,plateau,0.5311986047296804,0.5507794020845104,-0.019580797354829982,0.001496977028317289,0.001488795304755787,0.0023801454984573238,48038.23362425152,48038.23362425152,3.834295714175618,1.5668313187327652,0.03035035705732625,3.8646460712329445,1.530842055509603
-2.0,4,1904,234.2339301862863,178.88760221995514,FC,FC*,plateau_recentred,plateau,0.5303269223952309,0.5496186072703607,-0.019291684875129778,0.001328507038434219,0.0013192520751341553,0.003036073667171264,40676.15859822739,40676.15859822739,3.7817885096728108,1.5744683749142985,0.03035035705732625,3.812138866730137,1.5310480629928769
-2.0,4,1918,265.536675500387,202.79392974341852,FC,FC*,plateau_recentred,plateau,0.530948911657865,0.5503828995309547,-0.019433987873089698,0.001168044080095252,0.0011588266047946533,0.003440775308445784,38015.68117735009,38015.68117735009,3.725479181042982,1.6371738668979088,0.03035035705732625,3.755829538100308,1.5327456458119255
-2.0,4,1932,301.0226826648105,229.895070594171,FC,FC*,plateau_recentred,plateau,0.5315716914868585,0.5511483581891542,-0.019576666702295742,0.001027668171043534,0.0010185938038803296,0.0038518757306964515,33056.89532643841,33056.89532643841,3.66946175372322,1.6959086373863026,0.03035035705732625,3.699812110780546,1.524968293287158
-2.0,4,1946,341.25099784412686,260.6179758455719,FC,FC*,plateau_recentred,plateau,0.5305954781877095,0.5500526775137572,-0.019457199326047725,0.0009105102164237406,0.0009061872850400944,0.0020668589983379327,28744.93616266379,28744.93616266379,3.6186786878762343,1.747576498309836,0.03035035705732625,3.6490290449335605,1.5348302555779858
-2.0,4,1960,386.8553774709468,295.44665380730993,FC,FC*,plateau_recentred,plateau,0.5312160727874787,0.5508241945175961,-0.01960812173011739,0.000801111012925062,0.0007965173118175349,0.002497482686778971,24939.482217062185,24939.482217062185,3.5626559430593168,1.8224009812983413,0.03035035705732625,3.593006300116643,1.5264784166908585
-2.0,4,1974,438.5542724377551,334.92979508696345,FC,FC*,plateau_recentred,plateau,0.5303530099918791,0.5496691077811494,-0.019316097789270348,0.0007108656511795581,0.0007057403167038913,0.003142601744936064,21686.362774848534,21686.362774848534,3.5101056517020215,1.86031147176771,0.03035035705732625,3.5404560087593477,1.5314313001561364
-2.0,4,1988,497.16214656432567,379.6894166557646,FC,FC*,plateau_recentred,plateau,0.5309809292240687,0.5504385822194219,-0.01945765299535318,0.0006245017681388172,0.0006194393928339496,0.003534851754642536,20267.937818025028,20267.937818025028,3.4534595442602924,1.9689907832709788,0.03035035705732625,3.4838099013176187,1.5323156115464793
-2.0,4,2002,563.6023076517386,430.43066109709065,FC,FC*,plateau_recentred,plateau,0.5316087599317885,0.5493438346788536,-0.01773507474706515,0.0005493578792580725,0.0005510271874625769,-0.001317669459314406,17624.177133840283,17624.177133840283,3.4026337509918134,2.0591911486748242,0.03035035705732625,3.4329841080491397,1.5422150785144253
-2.0,4,2016,638.9214532632683,487.95290541492545,FC,FC*,plateau_recentred,plateau,0.5306372071471345,0.5501183884036528,-0.01948118125651832,0.00048665982264380086,0.0004842504104853221,0.0021554959817713347,15325.27001186769,15325.27001186769,3.3465307212245454,2.18635500049884,0.03035035705732625,3.3768810782818717,1.5342609580263777
-2.0,4,2030,724.3061603862267,553.1623544103444,FC,FC*,plateau_recentred,plateau,0.5312620252911702,0.5508934724196569,-0.019631447128486745,0.0004281310789633109,0.00042559356802777005,0.002581699488818578,13296.404513470054,13296.404513470054,3.2904557795620653,2.3334096113565344,0.03035035705732625,3.3208061366193915,1.5258007512927356
-2.0,4,2044,821.1015787526973,627.086317021928,FC,FC*,plateau_recentred,plateau,0.53040386536022,0.5497412339708871,-0.01933736861066715,0.000379859290911976,0.0003770537566983531,0.0032194810525436684,11562.014374258837,11562.014374258837,3.2378639958446023,2.423876480447334,0.03035035705732625,3.2682143529019285,1.5307050721096576
-2.0,4,2058,930.8326223135522,710.88939053943,FC,FC*,plateau_recentred,plateau,0.5310349365763297,0.5524456773701979,-0.021410740793868177,0.0003336758423610556,0.00032844717920842034,0.006859229129376322,10805.785682990187,10805.785682990187,3.177926260077616,2.754564594984559,0.03035035705732625,3.2082766171349424,1.5193709659040757
-1.0,4,14,0.00011336388169258527,8.657752084937072e-05,SC,SC,plateau_recentred,plateau_recentred,0.24463979903092234,0.24463979903092234,0.0,4527844.92866494,4527844.92866494,0.0,46298314.86141981,46298314.86141981,6.525053576889201,1.1397045767297058,6.82415968604502,13.34921326293422,1.8006815026200234
-1.0,4,28,0.00012851369672417512,9.814763830810777e-05,SC,SC,plateau_recentred,plateau_recentred,0.2427520018052664,0.2427520018052664,0.0,1423687.8987574398,1423687.8987574398,0.0,45634621.62045828,45634621.62045828,6.020765394237328,1.1299216119821254,6.825971117724846,12.846736511962174,1.7030047910427455
-1.0,4,42,0.00014568811511317392,0.0001112639725756791,SC,SC,plateau_recentred,plateau_recentred,0.2414272922449174,0.2414272922449174,0.0,621898.7049573701,621898.7049573701,0.0,46021752.85638998,46021752.85638998,5.660372486409993,1.1240786539380516,6.826668884409078,12.487041370819071,1.6829060692927988
-1.0,4,56,0.0001651577024572859,0.000126133158237339,SC,SC,plateau_recentred,plateau_recentred,0.24033931652884308,0.24033931652884308,0.0,343877.9664654491,343877.9664654491,0.0,44351468.26528773,44351468.26528773,5.402661804681008,1.1199432556624354,6.8270642635569505,12.229726068237959,1.6780864148554104
-1.0,4,70,0.00018722918241986797,0.00014298944427929713,SC,SC,plateau_recentred,plateau_recentred,0.23911983146866703,0.23911983146866703,0.0,197212.13155411556,197212.13155411556,0.0,45388169.04455862,45388169.04455862,5.160782236966409,1.1161072026827712,6.827473108575316,11.988255345541726,1.6869031143656559
-1.0,4,84,0.00021225026885263176,0.00016209838444580349,SC,SC,plateau_recentred,plateau_recentred,0.23783909898758054,0.23783909898758054,0.0,124801.83539095463,124801.83539095463,0.0,45467544.87571413,45467544.87571413,4.961506599907353,1.1124665394303603,6.8280360907926,11.789542690699953,1.7051785489585263
-1.0,4,98,0.00024061514367423875,0.0001837610207686923,SC,SC,plateau_recentred,plateau_recentred,0.23669682782406673,0.23669682782406673,0.0,82420.81668187224,82420.81668187224,0.0,45177280.905534305,45177280.905534305,4.781147262171085,1.1098721701672771,6.828211369705795,11.60935863187688,1.7090638245951897
-1.0,4,112,0.00027277066680952977,0.00020831862618147669,SC,SC,plateau_recentred,plateau_recentred,0.23571032666052197,0.23571032666052197,0.0,56511.584441032195,56511.584441032195,0.0,43748389.308084056,43748389.308084056,4.617455264320844,1.1081766412152765,6.828003938039922,11.445459202360766,1.7046661397398415
-1.0,4,126,0.0003092234160142482,0.00023615808092815387,SC,SC,plateau_recentred,plateau_recentred,0.2344748243843663,0.2344748243843663,0.0,39469.98506904644,39469.98506904644,0.0,45126246.52196058,45126246.52196058,4.461550992332173,1.1067899730941877,6.8280376881557014,11.289588680487874,1.7333262339335704
-1.0,4,140,0.0003505476674960928,0.0002677179674708184,SC,SC,plateau_recentred,plateau_recentred,0.2329390683301927,0.2329390683301927,0.0,28544.26140345708,28544.26140345708,0.0,43692433.31269368,43692433.31269368,4.320471383975544,1.103677535207055,6.8283691443131485,11.148840528288693,1.7459787655063514
-1.0,4,154,0.0003973944430566423,0.0003034954799136069,SC,SC,plateau_recentred,plateau_recentred,0.2310618320181077,0.2310618320181077,0.0,20943.857547922038,20943.857547922038,0.0,44717149.33160731,44717149.33160731,4.185152016256467,1.0998719004727566,6.829226377435905,11.014378393692372,1.773911374897707
-1.0,4,168,0.00045050176627992045,0.00034405425679181925,SC,SC,plateau_recentred,plateau_recentred,0.22984557908716868,0.22984557908716868,0.0,15388.242750376523,15388.242750376523,0.0,44581988.287700966,44581988.287700966,4.051926348528654,1.0992968371878586,6.828584398559491,10.880510747088145,1.779631280617443
-1.0,4,182,0.0005107062893487946,0.00039003326062794845,SC,SC,plateau_recentred,plateau_recentred,0.22765323536465276,0.22765323536465276,0.0,11556.690068853704,11556.690068853704,0.0,43804939.51965014,43804939.51965014,3.9270651693813123,1.0951759222840662,6.829090015378461,10.756155184759773,1.7941843384463034
-1.0,4,196,0.0005789564736542463,0.0004421568441402191,SC,SC,plateau_recentred,plateau_recentred,0.22605408130578633,0.22605408130578633,0.0,8703.21106233408,8703.21106233408,0.0,44739348.86653426,44739348.86653426,3.8044212781974913,1.094434106072112,6.828579955946051,10.633001234143542,1.8228096047698117
-1.0,4,210,0.0006563275318451911,0.0005012461616869606,SC,SC,plateau_recentred,plateau_recentred,0.22422178635037454,0.22422178635037454,0.0,6603.660171400655,6603.660171400655,0.0,44400421.82687143,44400421.82687143,3.6851513004425067,1.093273177027912,6.827955134029907,10.513106434472414,1.8396554285534754
-1.0,4,224,0.0007440383667169925,0.0005682321057235415,SC,SC,plateau_recentred,plateau_recentred,0.22186560161091606,0.22186560161091606,0.0,5117.458680018189,5117.458680018189,0.0,42445922.233490154,42445922.233490154,3.574513856719449,1.0902444902604091,6.827862206378056,10.402376063097504,1.8545835592304507
-1.0,4,238,0.000843470773792987,0.0006441699720720973,SC,SC,plateau_recentred,plateau_recentred,0.21988420784465526,0.21988420784465526,0.0,3912.2950960528437,3912.2950960528437,0.0,42450107.004739195,42450107.004739195,3.459475140695506,1.0904012218724697,6.826278182939571,10.285753323635078,1.8763021638248858
-1.0,4,252,0.0009561912101145875,0.0007302560850392562,SC,SC,plateau_recentred,plateau_recentred,0.21725054585431647,0.21725054585431647,0.0,3059.2839622955876,3059.2839622955876,0.0,44051856.29398541,44051856.29398541,3.353251831158449,1.0884136835386709,6.825689677228247,10.178941508386696,1.9092580623319493
-1.0,4,266,0.0010839754721896355,0.0008278466442971395,SC,SC,plateau_recentred,plateau_recentred,0.2141749376043797,0.2141749376043797,0.0,2390.768739785394,2390.768739785394,0.0,42356700.817495465,42356700.817495465,3.2468910133504196,1.0855524775560874,6.824968273662057,10.071859287012476,1.9247116917908118
-1.0,4,280,0.001228836671870237,0.0009384790904374559,SC,SC,plateau_recentred,plateau_recentred,0.2111641075684841,0.2111641075684841,0.0,1884.8075169440667,1884.8075169440667,0.0,42890702.99806741,42890702.99806741,3.144719660509539,1.0835825965561623,6.823869063023713,9.968588723533252,1.952227649817344
-1.0,4,294,0.0013930569508946444,0.0010638963257936006,SC,SC,plateau_recentred,plateau_recentred,0.20758411584782804,0.20758411584782804,0.0,1477.5930632223115,1477.5930632223115,0.0,44610490.27980338,44610490.27980338,3.0402652241892736,1.0813882829162227,6.822611337768425,9.862876561957698,1.999136087895758
-1.0,4,308,0.001579223433723298,0.0012060741721049975,SC,SC,plateau_recentred,plateau_recentred,0.20186718731356107,0.20186718731356107,0.0,1190.0945980824288,1190.0945980824288,0.0,44327957.89024737,44327957.89024737,2.9454161229860745,1.073538345982206,6.823487079300996,9.76890320228707,2.057537753423626
-1.0,4,322,0.0017902689850683995,0.0013672524975904996,SC,SC,plateau_recentred,plateau_recentred,0.19767748645139654,0.19767748645139654,0.0,950.3506841785387,950.3506841785387,0.0,42875542.59423828,42875542.59423828,2.849665620606025,1.0710877465921196,6.821539989484268,9.671205610090293,2.0876671122410135
-1.0,4,336,0.0020295184142127276,0.0015499705038079766,SC,SC,plateau_recentred,plateau_recentred,0.19313337646744244,0.19313337646744244,0.0,755.137962740385,755.137962740385,0.0,44137596.97416636,44137596.97416636,2.7522019388193284,1.0686504564965433,6.8191460834854505,9.571348022304779,2.1371992772663058
-1.0,4,350,0.002300740854018324,0.0017571067282075867,SC,SC,plateau_recentred,plateau_recentred,0.18698284610423446,0.18698284610423446,0.0,615.6231425146465,615.6231425146465,0.0,44228164.53875296,44228164.53875296,2.664911813276986,1.0631071772072624,6.817724842574144,9.48263665585113,2.1877248762969246
-1.0,4,364,0.002608209139803419,0.0019919243925785525,SC,SC,plateau_recentred,plateau_recentred,0.17989316402873312,0.17989316402873312,0.0,505.5349693394915,505.5349693394915,0.0,43058118.84405629,43058118.84405629,2.5815962250919977,1.0577846120923664,6.815476695679681,9.397072920771679,2.2430169853801267
-1.0,4,378,0.0029567671235433135,0.002258122811809544,SC,SC,plateau_recentred,plateau_recentred,0.17373421665616676,0.17373421665616676,0.0,409.8735608625523,409.8735608625523,0.0,42123940.694683075,42123940.694683075,2.4944485979648174,1.054681781116466,6.811523025211697,9.305971623176514,2.276984732468241
-1.0,4,392,0.0033519059838602594,0.002559895672854091,SC,SC,plateau_recentred,plateau_recentred,0.16398898335532874,0.16398898335532874,0.0,342.934221254933,342.934221254933,0.0,43752779.29352364,43752779.29352364,2.418175049218605,1.044436734152626,6.81035749449391,9.228532543712515,2.3939782794263644
-1.0,4,406,0.0037998507339918053,0.0029019971020292764,SC,SC,plateau_recentred,plateau_recentred,0.15436901448179852,0.15436901448179852,0.0,284.39066374379564,284.39066374379564,0.0,44005160.307310365,44005160.307310365,2.340325684077406,1.0362714152786514,6.806911369148246,9.147237053225652,2.4845479705335203
-1.0,4,420,0.004307658290578997,0.003289816561468016,MC,MC,tangent,tangent,0.25,0.25,0.0,120.039180315124,120.039180315124,0.0,43390929.904575065,43390929.904575065,2.054037436280626,2.930594237377625,6.718607303292063,8.772644739572689,0.6080963304408666
-1.0,4,434,0.004883328648255025,0.003729463754647366,MC,MC,tangent,tangent,0.25,0.25,0.0,97.20059388133328,97.20059388133328,0.0,42554785.7797702,42554785.7797702,1.9738814198157497,3.1112079989312305,6.707109216974014,8.680990636789764,0.6131013997849358
-1.0,4,448,0.005535930911470199,0.004227864878588006,MC,MC,tangent,tangent,0.25,0.25,0.0,78.64691278658185,78.64691278658185,0.0,43349648.94920762,43349648.94920762,1.8954093873923326,3.34374211409156,6.693594010444505,8.589003397836837,0.6172909078389007
-1.0,4,462,0.006275746169065011,0.004792871739086915,MC,MC,tangent,tangent,0.25,0.25,0.0,63.68121058334864,63.68121058334864,0.0,42633553.95070562,42633553.95070562,1.817769445652955,3.598283202378628,6.679563583497314,8.49733302915027,0.6216565058844206
-1.0,4,476,0.007114429462428795,0.005433385447978123,MC,MC,tangent,tangent,0.25,0.25,0.0,52.202638666571936,52.202638666571936,0.0,43628022.431913465,43628022.431913465,1.7463286832082414,3.9749815179954004,6.664685490843897,8.411014174052138,0.6229460820304006
-1.0,4,490,0.008065193398893555,0.006159496651150619,MC,MC,tangent,tangent,0.25,0.25,0.0,43.426910918956665,43.426910918956665,0.0,43027685.06439293,43027685.06439293,1.682113132282141,4.331425794453653,6.648967523943479,8.33108065622562,0.6259501101844924
-1.0,4,504,0.009143016303003959,0.00698264449647225,MC,MC,tangent,tangent,0.25,0.25,0.0,36.17177178509518,36.17177178509518,0.0,43456988.04772974,43456988.04772974,1.6180072681507554,4.827974557701947,6.633684232356723,8.251691500507478,0.6269881162928027
-1.0,4,518,0.010364878184875526,0.007915796845997927,MC,MC,tangent,tangent,0.25,0.25,0.0,30.42064954106921,30.42064954106921,0.0,41865268.291769266,41865268.291769266,1.559429419031524,5.429176213715395,6.61706078221107,8.176490201242594,0.6282283099603168
-1.0,4,532,0.011750028243087796,0.008973654571526248,MC,MC,tangent,tangent,0.5,0.5,0.0,12.577700125750368,12.577700125750368,0.0,44337378.22977229,44337378.22977229,1.3681369385122288,9.99999999999999,6.424786016047807,7.792922954560035,0.6043421377314648
-1.0,4,546,0.013320288116345003,0.010172883151970562,MC,MC,tangent,tangent,0.5,0.5,0.0,10.966324707485706,10.966324707485706,0.0,43957542.215270594,43957542.215270594,1.3253027455054216,9.999999999999998,6.408080073858588,7.733382819364009,0.6132642130357415
-1.0,4,560,0.015100395661331367,0.011532375221129829,MC,MC,tangent,tangent,0.5,0.5,0.0,9.667954041082682,9.667954041082682,0.0,43626762.23140379,43626762.23140379,1.2911732998561638,9.999999999999998,6.387482995742287,7.678656295598451,0.6212306324983521
-1.0,4,574,0.01711839467263121,0.013073548202032166,MC,MC,tangent,tangent,0.5,0.5,0.0,8.497424091553775,8.497424091553775,0.0,41481644.173068866,41481644.173068866,1.2577921417479327,9.999999999999801,6.364816870302954,7.622609012050887,0.6288043440358327
-1.0,4,588,0.019406076684359785,0.01482068171678121,MC,MC,tangent,tangent,0.5,0.5,0.0,7.525667876897954,7.525667876897954,0.0,42272338.413948365,42272338.413948365,1.229841278647591,9.999999999999998,6.340025487836173,7.569866766483764,0.6349763826290983
-1.0,4,602,0.02199948181363931,0.016801300087453574,MC,MC,tangent,tangent,0.5,0.5,0.0,6.680552133945971,6.680552133945971,0.0,42049831.61125219,42049831.61125219,1.2063221425178499,4.548377327082114,6.311811933370107,7.518134075887957,0.6759629677555499
-1.0,4,616,0.02493946653620638,0.019046605953965113,MC,MC,tangent,tangent,0.5,0.5,0.0,5.949320156912321,5.949320156912321,0.0,42918926.80374705,42918926.80374705,1.1861260545285075,4.554873119118197,6.281663004542956,7.467789059071464,0.6888699362801977
-1.0,4,630,0.028272347338879067,0.02159197184011521,MC,MC,tangent,tangent,0.5,0.5,0.0,5.300978827032659,5.300978827032659,0.0,42918926.80374705,42918926.80374705,1.1713463429040245,4.735308479944643,6.24633144506339,7.417677787967414,0.697182634881642
-1.0,4,644,0.03205063038897715,0.02447749741193485,MC,MC,tangent,tangent,0.5,0.5,0.0,4.758207431924145,4.758207431924145,0.0,42775312.07010576,42775312.07010576,1.1609476901931306,5.01537293175497,6.209817399174416,7.370765089367547,0.7022287017477448
-1.0,4,658,0.036333838715903344,0.027748641207383285,MC,MC,tangent,tangent,0.5,0.5,0.0,4.297461393854897,4.297461393854897,0.0,42775312.07010576,42775312.07010576,1.1564835098888344,4.901354490224521,6.17005019239331,7.326533702282144,0.7081661904005861
-1.0,4,672,0.04118944993628881,0.031456936789651245,MC,MC,tangent,tangent,0.5,0.5,0.0,3.8764711995448504,3.8764711995448504,0.0,40729062.734222084,40729062.734222084,1.1542804400409992,4.717521904270404,6.127477840041837,7.281758280082836,0.722383750330338
-1.0,4,686,0.04669395929562081,0.03566080460634663,MC,MC,tangent,tangent,0.5,0.5,0.0,3.542052490978205,3.542052490978205,0.0,41782451.45902798,41782451.45902798,1.1620280118058144,4.528053523252533,6.080548699445509,7.242576711251323,0.7251000939673149
-1.0,4,700,0.05293408477349404,0.04042647234458,MC,MC,tangent,tangent,0.5,0.5,0.0,3.2087568504140878,3.2087568504140878,0.0,41715606.61902862,41715606.61902862,1.1693997686480062,3.705204783096591,6.030258758593034,7.19965852724104,0.7613420623672462
-1.0,4,714,0.060008133237702044,0.04582901828121483,MC,MC,tangent,tangent,0.5,0.5,0.0,2.953343262625532,2.953343262625532,0.0,41715606.61902862,41715606.61902862,1.187766704067993,3.837844531167465,5.975868941602242,7.163635645670235,0.7432056261736035
-1.0,4,728,0.06802754916954634,0.051953554065211696,MC,MC,tangent,tangent,0.5,0.5,0.0,2.7170861776954833,2.7170861776954833,0.0,41715606.61902862,41715606.61902862,1.2053786535931477,3.337461347528992,5.922046477920972,7.12742513151412,0.7647357493233663
-1.0,4,742,0.07711867035896258,0.05889656556560496,MC,MC,tangent,tangent,0.5,0.5,0.0,2.502388313527223,2.502388313527223,0.0,39747875.25416838,39747875.25416838,1.2272273393960493,3.0224065952820474,5.864449082157756,7.091676421553805,0.7779974289977746
-1.0,4,756,0.08742471822866626,0.06676743290881665,MC,MC,tangent,tangent,0.5,0.5,0.0,2.306471878026322,2.306471878026322,0.0,38799094.98783578,38799094.98783578,1.2551005775271884,2.6856418244936213,5.801169304634507,7.056269882161695,0.797151938182327
-1.0,4,770,0.09910805414286328,0.07569015365195925,MC,MC,tangent,tangent,0.5,0.5,0.0,2.139335742316307,2.139335742316307,0.0,38799094.98783578,38799094.98783578,1.2881561024661932,2.3551911766035425,5.7354445629879205,7.023600665454113,0.8295963856673524
-1.0,4,784,0.11235273724638661,0.08580529623897953,MC,MC,tangent,tangent,0.5,0.5,0.0,1.9782414166465634,1.9782414166465645,-2.4108186663832183e-16,38799094.98783578,38799094.98783578,1.3198761562202401,2.065667473296948,5.669724852211433,6.9896010084316735,0.8792416889243976
-1.0,4,798,0.127367424130429,0.0972722145143704,MC,MC,tangent,tangent,0.5,0.5,0.0,1.8360612570559565,1.8360612570559565,0.0,39739904.106121026,39739904.106121026,1.3556879079299013,1.8519660380803948,5.601520977052537,6.957208884982439,0.9365091714347576
-1.0,4,812,0.14438865600617423,0.1102715581818755,MC,MC,tangent,tangent,0.5,0.5,0.0,1.7088282129987622,1.7088282129987615,1.9286549331065737e-16,38798105.84600956,38798105.84600956,1.3945941439914322,1.7044734945412892,5.5314259800603445,6.926020124051777,0.9898708892958856
-1.0,4,826,0.1636845851724229,0.12500811875792486,MC,MC,tangent,tangent,0.5,0.5,0.0,1.5810774517085973,1.5810774517085968,9.64327466553287e-17,38798105.84600956,38798105.84600956,1.433383193020761,1.5578339564555765,5.458891670450029,6.89227486347079,1.0902677149297348
-1.0,4,840,0.18555919948394317,0.14171405585492053,MC,MC,tangent,tangent,0.5,0.5,0.0,1.4724416448888793,1.4724416448888793,0.0,38899132.96834643,38899132.96834643,1.4751582662401772,1.478322222562715,5.386201544186409,6.861359810426586,1.1610329812722788
-1.0,4,854,0.2103571113727749,0.1606525546212045,MC,MC,tangent,tangent,0.5,0.5,0.0,1.3679186609304295,1.3679186609304295,0.0,37983909.39898452,37983909.39898452,1.5174648200952408,1.4167985751154484,5.311917172452959,6.8293819925482,1.2330960768342987
-1.0,4,868,0.23846898686867357,0.1821219719569755,MC,MC,tangent,tangent,0.5,0.5,0.0,1.2655660897928291,1.2655660897928287,1.9286549331065737e-16,37983909.39898452,37983909.39898452,1.5576706984870818,1.3642276469391368,5.237935849500065,6.795606547987147,1.3307945950489948
-1.0,4,882,0.27033770014742475,0.20646053682559679,MC,MC,tangent,tangent,0.5,0.5,0.0,1.1685411681985207,1.168541168198521,-9.643274665532873e-17,37090219.32196556,37090219.32196556,1.599366942056399,1.3290669706804938,5.161598793699227,6.760965735755626,1.4050969695716096
-1.0,4,896,0.30646531056571247,0.23405167870894525,MC,MC,tangent,tangent,0.5,0.5,0.0,1.0799978774582937,1.0799978774582937,0.0,35365424.994715154,35365424.994715154,1.640527708980034,1.3001251666121363,5.086216911359981,6.726744620340015,1.460712587557561
-1.0,4,910,0.3474209720986756,0.26533006815123095,MC,MC,tangent,tangent,0.5,0.5,0.0,0.9920017004627611,0.9920017004627611,0.0,35365424.994715154,35365424.994715154,1.6804746142779567,1.275985685700043,5.009359520712805,6.689834134990762,1.5456980865832706
-1.0,4,924,0.3938498997853399,0.30078846455394537,MC,MC,tangent,tangent,0.5,0.5,0.0,0.9091745086734712,0.9091745086734698,6.750292265873004e-16,34533342.93977571,34533342.93977571,1.7147048376427112,1.252949118541915,4.937264131263963,6.651968968906674,1.6049563613386881
-1.0,4,938,0.44648353443920774,0.340985479102023,MC,MC,tangent,tangent,0.5,0.5,0.0,0.8277628275090466,0.827762827509047,-1.9286549331065747e-16,35445100.873647295,35445100.873647295,1.7448148692521723,1.236130917237399,4.866412768691717,6.611227637943889,1.6869920711025568
-1.0,4,952,0.5016364722968638,0.38310651938382895,MC,MC,tangent,tangent,0.5,0.5,0.0,0.7571996002313928,0.7571996002313935,-4.3394735994897945e-16,34617204.04955892,34617204.04955892,1.7716509158053686,1.2197012688710465,4.800881178577737,6.572532094383106,1.7470612043364562
-1.0,4,966,0.5437616319255452,0.41527807024802077,MC,MC,tangent,tangent,0.5,0.5,0.0,0.7101042416220343,0.7101042416220343,0.0,32281632.566485666,32281632.566485666,1.7856014285550934,1.2097463108220072,4.759042396625913,6.544643825181007,1.7651248837748788
-1.0,4,980,0.5841669263524998,0.44613613693067766,MC,MC,tangent,tangent,0.5,0.5,0.0,0.6698521991846695,0.6698521991846696,-4.8216373327664354e-17,33950129.80508275,33950129.80508275,1.802192695744528,1.1979347642334486,4.717108010172748,6.519300705917276,1.8163835144230165
-1.0,4,994,0.6278195488721803,0.47947423174447357,MC,MC,tangent,tangent,0.5,0.5,0.0,0.6298197694758456,0.6298197694758458,-1.4464911998299308e-16,33950129.80508275,33950129.80508275,1.8139120664234536,1.186618433791055,4.678625940584,6.492538007007454,1.8543911987218549
-1.0,4,1008,0.6742078026301712,0.514901564920919,MC,MC,tangent,tangent,0.5,0.5,0.0,0.5926171124741721,0.5926171124741724,-1.4464911998299308e-16,33162956.54048001,33162956.54048001,1.8246372700171918,1.1750928972792063,4.64145863642109,6.466095906438282,1.87270386748227
-1.0,4,1022,0.724306160386226,0.5531623544103438,MC,MC,tangent,tangent,0.5,0.5,0.0,0.5558552703979417,0.5558552703979416,9.64327466553287e-17,32394034.803988013,32394034.803988013,1.834916450447075,1.162832608166248,4.603366995756439,6.438283446203514,1.9041125562663366
-1.0,4,1036,0.771186703589626,0.5889656556560497,MC,MC,tangent,tangent,0.5,0.5,0.0,0.5257964194878182,0.5257964194878182,0.0,31642941.412689794,31642941.412689794,1.8442368258889652,1.1518675106431668,4.569902516859337,6.414139342748302,1.9211720523234301
-1.0,4,1050,0.8233082706766917,0.6287715973176031,MC,MC,tangent,tangent,0.5,0.5,0.0,0.49495277939530585,0.49495277939530585,0.0,30909262.995656725,30909262.995656725,1.8516814863301456,1.141184612561115,4.536203999415154,6.3878854857453,1.939836979654007
-1.0,4,1064,0.8759398496240602,0.6689670418949843,MC,MC,tangent,tangent,0.5,0.5,0.0,0.4660620867992081,0.4660620867992081,0.0,30192595.76644592,30192595.76644592,1.8562853901742828,1.130385661660515,4.505480103604279,6.361765493778562,1.9597272907179606
-1.0,4,1078,0.9308326223135523,0.7108893905394301,MC,MC,tangent,tangent,0.5,0.5,0.0,0.43905361940826737,0.4390536194082672,1.9286549331065737e-16,31792056.446116798,31792056.446116798,1.860471515721801,1.1215474375023924,4.47536776433796,6.335839280059761,1.9934423550587737
-1.0,4,1092,0.9887218045112782,0.7551001374179437,MC,MC,tangent,tangent,0.5,0.5,0.0,0.4137106939062086,0.4137106939062086,0.0,31792056.446116798,31792056.446116798,1.8636514671603905,1.111045930465348,4.446366998231676,6.310018465392067,2.0137615052786315
-1.0,4,1106,1.045815930351596,0.7987036890652053,MC,MC,tangent,tangent,0.5,0.5,0.0,0.3905823254378357,0.3905823254378357,0.0,31060357.840666223,31060357.840666223,1.8657580160280691,1.1023150145007765,4.41927628913146,6.285034305159529,2.0238101218428515
-1.0,4,1120,1.1035742449353014,0.8428144905871184,MC,MC,tangent,tangent,0.5,0.5,0.0,0.3694873916883794,0.3694873916883796,-1.9286549331065747e-16,30345499.380492873,30345499.380492873,1.8674342728641087,1.09185099383184,4.3934870687241405,6.260921341588249,2.032811130774386
-1.0,4,1134,1.1645224352961225,0.8893614431341795,MC,MC,tangent,tangent,0.5,0.5,0.0,0.3496812149171398,0.3496812149171398,0.0,29647093.487308823,29647093.487308823,1.8696146038991914,1.0824898683188624,4.367379416858775,6.236994020757966,2.038434834280997
-1.0,4,1148,1.2288366718702428,0.9384790904374604,MC,MC,tangent,tangent,0.5,0.5,0.0,0.32997005672858415,0.32997005672858415,0.0,28964761.50299403,28964761.50299403,1.8679556650003977,1.0744392492220198,4.343840584810296,6.2117962498106944,2.042293495731323
-1.0,4,1162,1.2894736842105265,0.9847883921458354,MC,MC,tangent,tangent,0.5,0.5,0.0,0.313968252864007,0.313968252864007,0.0,28964761.50299403,28964761.50299403,1.869524182698778,1.0661586217360384,4.320683271961328,6.190207454660106,2.0518296799451345
-1.0,4,1176,1.3561125023080152,1.0356813536170912,MC,MC,tangent,tangent,0.5,0.5,0.0,0.29452150547565714,0.29452150547565714,0.0,30531230.86040477,30531230.86040477,1.8645919775767006,1.057889877637122,4.297846752552587,6.162438730129288,2.1076548856082375
-1.0,4,1190,1.4182440582626876,1.0831320583808584,MC,MC,tangent,tangent,0.5,0.5,0.0,0.2691298988270484,0.26912989882704846,-9.643274665532873e-17,27820932.366939873,27820932.366939873,1.8621970619036812,1.0656412882211048,4.261086604609055,6.123283666512736,2.069723527417954
-1.0,4,1204,1.4849624060150375,1.1340857577189647,MC,MC,tangent,tangent,0.5,0.5,0.0,0.2574205506207136,0.25742055062071356,9.64327466553287e-17,27820932.366939873,27820932.366939873,1.8943795572604043,1.074502118800367,4.209585376045785,6.103964933306189,2.0475896972717114
-1.0,4,1218,1.5526315789473681,1.18576561503274,MC,MC,tangent,tangent,0.5,0.5,0.0,0.2488639552921815,0.2488639552921815,0.0,25943895.26782282,25943895.26782282,1.9185606729803832,1.0743453487441097,4.170723044654652,6.089283717635035,2.037890163437817
-1.0,4,1232,1.6222460729620618,1.238931140215791,MC,MC,tangent,tangent,0.5,0.5,0.0,0.24039940382562017,0.24039940382562017,0.0,25943895.26782282,25943895.26782282,1.9356147881225452,1.0728433642982846,4.138640316568307,6.074255104690852,2.0463659891429673
-1.0,4,1246,1.6954887218045114,1.294867536028489,MC,MC,tangent,tangent,0.5,0.5,0.0,0.23251649916962316,0.23251649916962316,0.0,24193499.081561744,24193499.081561744,1.9555806600914032,1.0605421904985006,4.104194833768684,6.059775493860087,2.0375108934473802
-1.0,4,1260,1.763157894736842,1.3465473933422645,MC,MC,tangent,tangent,0.5,0.5,0.0,0.22530024041332256,0.2253002404133225,9.64327466553287e-17,24193499.081561744,24193499.081561744,1.970914141460764,1.0461400841324635,4.075169232070127,6.046083373530892,2.029263602544204
-1.0,4,1274,1.8383458646616542,1.4039694570242374,MC,MC,tangent,tangent,0.5,0.5,0.0,0.21790421120527378,0.21790421120527378,0.0,24345838.68702163,24345838.68702163,1.9828262406110393,1.0301048442456022,4.048761101248504,6.0315873418595425,2.0147844812274127
-1.0,4,1288,1.9061437174542544,1.455747588877655,MC,MC,tangent,tangent,0.5,0.5,0.0,0.21180618829606762,0.21180618829606762,0.0,22561199.533344146,22561199.533344146,1.990786445752668,1.0187079424274308,4.028473917273052,6.019260363025721,1.9787646050023242
-1.0,4,1302,1.981203007518797,1.5130713780199858,MC,MC,tangent,tangent,0.5,0.5,0.0,0.2053735193239473,0.2053735193239473,0.0,22045809.5759468,22045809.5759468,1.996539007509929,1.0108634119477071,4.009327156202959,6.005866163712888,1.955062720906259
-1.0,4,1316,2.056390977443609,1.570493441701959,MC,MC,tangent,tangent,0.5,0.5,0.0,0.19928133803696946,0.19928133803696946,0.0,21039028.817922965,21039028.817922965,2.0000106342666877,1.0071283167551792,3.9927777146399333,5.992788348906621,1.9304427034600247
-1.0,4,1330,2.1315789473684212,1.6279155053839318,MC,MC,tangent,tangent,0.5,0.5,0.0,0.19349021479902387,0.19349021479902387,0.0,21039028.817922965,21039028.817922965,2.0006930180218756,1.0067991016231221,3.9792877070967787,5.979980725118654,1.9248470188848519
-1.0,4,1344,2.206766917293233,1.6853375690659045,MC,MC,tangent,tangent,0.5,0.5,0.0,0.18825099362168204,0.1882509936216821,-1.4464911998299308e-16,19619556.7060692,19619556.7060692,2.0014207314069172,1.0070525726210928,3.966638264134103,5.96805899554102,1.904065159160819
-1.0,4,1358,2.281954887218045,1.7427596327478774,MC,MC,tangent,tangent,0.5,0.5,0.0,0.18296590596426238,0.18296590596426238,0.0,19619556.7060692,19619556.7060692,2.0022573461090207,1.0088181117087218,3.953434542705957,5.955691888814978,1.897990854007617
-1.0,4,1372,2.3634197261974306,1.8049754257316994,MC,MC,tangent,tangent,0.5,0.5,0.0,0.17765807123797192,0.17765807123797178,3.857309866213147e-16,19743095.492989868,19743095.492989868,2.002417410280183,1.0094233309340772,3.9404892509382887,5.942906661218472,1.8959853037618306
-1.0,4,1386,2.4398496240601504,1.8633459664800205,MC,MC,tangent,tangent,0.5,0.5,0.0,0.17308335128946445,0.17308335128946462,-4.3394735994897945e-16,18295854.275115367,18295854.275115367,2.003708427751508,1.0106957551327014,3.927868586170813,5.931577013922321,1.872130417077237
-1.0,4,1400,2.561889013687202,1.9565490893982402,MC,MC,tangent,tangent,0.5,0.5,0.0,0.16606794246519563,0.16606794246519563,0.0,18411058.083064884,18411058.083064884,2.0039320814006656,1.0115045003854564,3.909675441892081,5.913607523292747,1.8701766816855139
-1.0,4,1414,2.904256830572931,2.2180199949637163,MC,MC,tangent,tangent,0.5,0.5,0.0,0.14934128166159819,0.14934128166159819,0.0,15910348.645517921,15910348.645517921,2.006714905233021,1.0149508097187152,3.8607866873132264,5.8675015925462475,1.8238742293641512
-1.0,4,1428,3.2923782774609203,2.5144335630096193,MC,MC,tangent,tangent,0.5,0.5,0.0,0.1338985353466419,0.1338985353466419,0.0,14930324.748052437,14930324.748052437,2.007762489596747,1.0170899416449701,3.812335055277306,5.820097544874053,1.8036142209200094
-1.0,4,1442,3.732367815334758,2.8504594896100905,MC,MC,tangent,tangent,0.5,0.5,0.0,0.11997283356497511,0.11997283356497514,-9.643274665532873e-17,12902391.109765835,12902391.109765835,2.010065483206785,1.0200072342332478,3.7623391514832356,5.77240463469002,1.7654497857576428
-1.0,4,1456,4.231157034510027,3.2313915234980297,MC,MC,tangent,tangent,0.5,0.5,0.0,0.10723418133929667,0.10723418133929667,0.0,12107647.267016742,12107647.267016742,2.0108221619254616,1.0216788434946775,3.7128327970432906,5.723654958968752,1.7521226145729525
-1.0,4,1470,4.796603854831481,3.663230863724089,MC,MC,tangent,tangent,0.5,0.5,0.0,0.09581639281751436,0.09581639281751432,1.9286549331065737e-16,10224087.882054497,10224087.882054497,2.0127576155841873,1.0239082855467896,3.6620039198195085,5.674761535403696,1.7157352301238502
-1.0,4,1484,5.437616319255451,4.152780702480207,MC,MC,tangent,tangent,0.5,0.5,0.0,0.0854140518390941,0.08541405183909397,6.750292265873004e-16,9098875.288692515,9098875.288692515,2.014031988578536,1.026087549631902,3.6108190540521004,5.624851042630636,1.6945057741575822
-1.0,4,1498,6.164292931060073,4.70775340251417,MC,MC,tangent,tangent,0.5,0.5,0.0,0.07604592088638941,0.07604592088638941,0.0,8538415.211943107,8538415.211943107,2.014175167462114,1.0269422142135223,3.560222474316156,5.57439764177827,1.6895964847608962
-1.0,4,1512,6.988081745554302,5.3368919976070845,MC,MC,tangent,tangent,0.5,0.5,0.0,0.0677142150426062,0.06771421504260625,-2.892982399659862e-16,7210113.2098710835,7210113.2098710835,2.0156413967882982,1.0285138687567952,3.5083601699891473,5.524001566777446,1.661274826455366
-1.0,4,1526,7.921960722614703,6.050107930230924,MC,MC,tangent,tangent,0.5,0.5,0.0,0.06017242283135946,0.06017242283135943,1.9286549331065737e-16,6416603.776374144,6416603.776374144,2.0164554947338442,1.0300488370497463,3.4562637222759887,5.472719217009833,1.6469445883027265
-1.0,4,1540,8.980642181321814,6.858637196303613,MC,MC,tangent,tangent,0.5,0.5,0.0,0.05341225179198027,0.05341225179198027,0.0,6021362.592065702,6021362.592065702,2.015986170277789,1.0301191044922822,3.404976435755212,5.420962606033001,1.6484461360129845
-1.0,4,1554,10.180804577672388,7.775217356944574,MC,MC,tangent,tangent,0.5,0.5,0.0,0.0474106179421073,0.0474106179421073,0.0,5236267.010015935,5236267.010015935,2.01676274423892,1.0311979126894308,3.352434590018926,5.369197334257846,1.6326788713749507
-1.0,4,1568,11.541355256790725,8.814288205871739,MC,MC,tangent,tangent,0.5,0.5,0.0,0.04205906272865985,0.04205906272865985,0.0,4525043.22969953,4525043.22969953,2.0174849975057545,1.0321002938622494,3.299696311233397,5.317181308739151,1.6166381269887888
-1.0,4,1582,13.083728319034787,9.992219253752195,MC,MC,tangent,tangent,0.5,0.5,0.0,0.037230770237255385,0.037230770237255385,0.0,4246315.805117322,4246315.805117322,2.0163174474444223,1.0316231305541284,3.247906292013718,5.26422373945814,1.6233071005546404
-1.0,4,1596,14.83222229257616,11.327567613292167,MC,MC,tangent,tangent,0.5,0.5,0.0,0.03301074809551059,0.03301074809551059,0.0,3692659.7633804423,3692659.7633804423,2.0170659901378682,1.032201201417161,3.1949110947435964,5.211977084881465,1.6111765081415816
-1.0,4,1610,16.814382932144426,12.841370347785583,MC,MC,tangent,tangent,0.5,0.5,0.0,0.02924515263750483,0.02924515263750483,0.0,3118201.0102141504,3118201.0102141504,2.017569211710235,1.032515524207235,3.1418063990626335,5.1593756107728685,1.5941236080853696
-1.0,4,1624,19.061437174542544,14.55747588877655,MC,MC,tangent,tangent,0.5,0.5,0.0,0.025875758800865623,0.025875758800865623,0.0,2775027.214585355,2775027.214585355,2.0176465265383148,1.032990390688379,3.0885682860823533,5.106214812620668,1.589445658235332
-1.0,4,1638,21.608785087464042,16.502919743986272,MC,MC,tangent,tangent,0.5,0.5,0.0,0.022863679048410423,0.022863679048410423,0.0,2604094.883245346,2604094.883245346,2.016066406787199,1.0319501359744028,3.0364014266224757,5.052467833409675,1.6004058899695366
-1.0,4,1652,24.496557561768185,18.70835041440287,MC,MC,tangent,tangent,0.5,0.5,0.0,0.020239946483935723,0.020239946483935723,0.0,2264559.8765396625,2264559.8765396625,2.016501801159026,1.0320835979483083,2.9830292770802993,4.999531078239325,1.592077593084557
-1.0,4,1666,27.77024853309071,21.208512230426944,MC,MC,tangent,tangent,0.5,0.5,0.0,0.017905445106530374,0.01790544510653042,-1.1089765865362815e-15,1912267.402684326,1912267.402684326,2.0167013592695655,1.0319744415320997,2.929605480599477,4.946306839869043,1.5784143377084479
-1.0,4,1680,31.4814316928032,24.042792713668874,MC,MC,tangent,tangent,0.5,0.5,0.0,0.015820610237407613,0.015820610237407613,0.0,1701812.701179579,1701812.701179579,2.0163989757934204,1.0320307569797356,2.8761459738106248,4.892544949604045,1.5768901539436542
-1.0,4,1694,35.6885729793766,27.255843087528657,MC,MC,tangent,tangent,0.5,0.5,0.0,0.013963482790594506,0.013963482790594464,1.2536257065192714e-15,1596986.7697480817,1596986.7697480817,2.014477895836865,1.0305933743802096,2.823837576653252,4.838315472490117,1.590868480009432
-1.0,4,1708,40.45795165012969,30.898281712075836,MC,MC,tangent,tangent,0.5,0.5,0.0,0.012347539144914236,0.012347539144914236,0.0,1388763.5912978721,1388763.5912978721,2.0146106668700714,1.030426007054257,2.770291463172259,4.7849021300423304,1.5850405596375805
-1.0,4,1722,45.86470444391583,35.02749152513422,MC,MC,tangent,tangent,0.5,0.5,0.0,0.010909154912268963,0.010909154912268963,0.0,1207689.5995943625,1207689.5995943625,2.0143786540292217,1.0302027497930877,2.7167341732201535,4.731112827249375,1.5802853545698878
-1.0,4,1736,51.99400928447668,39.70852405245032,MC,MC,tangent,tangent,0.5,0.5,0.0,0.00962748494563103,0.00962748494563105,-8.678947198979592e-16,1100674.0434940276,1100674.0434940276,2.0136585487422196,1.0302256643661132,2.663176017832599,4.6768345665748186,1.5867606012078548
-1.0,4,1750,58.942427172510946,45.01512422871065,MC,MC,tangent,tangent,0.5,0.5,0.0,0.008510142431431182,0.008510142431431156,1.3500584531745999e-15,907576.5763423697,907576.5763423697,2.0123130390190234,1.0275631996181815,2.6109455081490545,4.623258547168078,1.5733333726971659
-1.0,4,1764,66.81942340661188,51.030892174427464,MC,MC,tangent,tangent,0.5,0.5,0.0,0.007510832752018468,0.007510832752018468,0.0,851672.9155608034,851672.9155608034,2.0116388483481855,1.0277442421099283,2.5573709614376097,4.569009809785795,1.5864850502859187
-1.0,4,1778,75.7490920983714,57.850600231313365,MC,MC,tangent,tangent,0.5,0.5,0.0,0.0066323732908269255,0.0066323732908269255,0.0,740627.5112798389,740627.5112798389,2.0111718084740717,1.0273801184182652,2.5038188715952705,4.514990680069342,1.5833725658497324
-1.0,4,1792,85.87211114964163,65.58168600470435,MC,MC,tangent,tangent,0.5,0.5,0.0,0.00585841920729365,0.00585841920729365,0.0,625409.7593196683,625409.7593196683,2.0108077760779035,1.0267565625038497,2.4502943873022205,4.461102163380124,1.573922937337035
-1.0,4,1806,97.34795849064635,74.34594493440731,MC,MC,tangent,tangent,0.5,0.5,0.0,0.0051693160430238035,0.005169316043023819,-1.3018420798469394e-15,556580.2514637037,556580.2514637037,2.0099463433713,1.0265197848911283,2.396808460000005,4.406754803371305,1.5764578652705623
-1.0,4,1820,110.35742449353015,84.28144905871186,MC,MC,tangent,tangent,0.5,0.5,0.0,0.004556629910017052,0.004556629910017052,0.0,522296.7822924929,522296.7822924929,2.0071635983927303,1.024637477819662,2.344801876556434,4.351965474949164,1.5951938443994989
-1.0,4,1834,125.1054601418827,95.54472219975516,MC,MC,tangent,tangent,0.5,0.5,0.0,0.004025125507059419,0.004025125507059419,0.0,454197.09720842674,454197.09720842674,2.006725688584145,1.0243017896636348,2.291375456406183,4.298101144990328,1.5929393115472505
-1.0,4,1848,141.82440582626876,108.31320583808584,MC,MC,tangent,tangent,0.5,0.5,0.0,0.0035529546802303756,0.0035529546802303864,-1.3018420798469394e-15,394976.59205764445,394976.59205764445,2.0059047022689196,1.0240175383315342,2.238006683985576,4.243911386254496,1.5916111162873265
-1.0,4,1862,160.7776516321715,122.78805452378606,MC,MC,tangent,tangent,0.5,0.5,0.0,0.0031372355586192905,0.003137235558619281,1.3500584531745999e-15,333530.9742259072,333530.9742259072,2.005170603185913,1.0234496690161765,2.1846982440186005,4.189868847204513,1.583824035382176
-1.0,4,1876,182.2637867844891,139.19730486303095,MC,MC,tangent,tangent,0.5,0.5,0.0,0.0027673375676966453,0.0027673375676966453,0.0,296824.2032352154,296824.2032352154,2.0023591927593785,1.0209972221520862,2.1330246644673565,4.135383857226735,1.591603333284195
-1.0,4,1890,206.62130361888174,157.7994680042606,MC,MC,tangent,tangent,0.5,0.5,0.0,0.0024387101368902936,0.0024387101368903014,-1.3982748265022685e-15,278540.83189007454,278540.83189007454,2.000643195060485,1.0215768591296643,2.079838706810705,4.08048190187119,1.6090159715017291
-1.0,4,1904,234.23393018628636,178.8876022199552,MC,MC,tangent,tangent,0.5,0.5,0.0,0.002153731704881193,0.002153731704881193,0.0,242223.27532480116,242223.27532480116,1.9998273485406282,1.0212638772446736,2.0266859711472476,4.026513319687876,1.60821256195692
-1.0,4,1918,265.536675500387,202.79392974341852,MC,MC,tangent,tangent,0.5,0.5,0.0,0.0019006846033348668,0.0019006846033348668,0.0,210640.9847021261,210640.9847021261,1.9986339919957037,1.0209006579163213,1.9735977830732958,3.9722317750689995,1.6082078331721368
-1.0,4,1932,301.0226826648105,229.895070594171,MC,MC,tangent,tangent,0.5,0.5,0.0,0.001675699544323131,0.0016756995443231275,8.678947198979575e-16,191975.70670106434,191975.70670106434,1.9969409396551359,1.0211102310967806,1.9205769302863818,3.9175178699415176,1.6197602257292611
-1.0,4,1946,341.25099784412686,260.6179758455719,MC,MC,tangent,tangent,0.5,0.5,0.0,0.0014798717943249459,0.0014798717943249459,0.0,158296.3236559725,158296.3236559725,1.9941897529200685,1.0169889935812086,1.869356058267714,3.8635458111877825,1.610837135366816
-1.0,4,1960,386.85537747094673,295.4466538073099,MC,MC,tangent,tangent,0.5,0.5,0.0,0.0013039607739220803,0.0013039607739220764,1.2536257065192714e-15,148545.80319157767,148545.80319157767,1.992109512748855,1.0174403531921359,1.81647673266703,3.808586245415885,1.6296941277980357
-1.0,4,1974,438.5542724377552,334.9297950869635,MC,MC,tangent,tangent,0.5,0.5,0.0,0.0011515843498087646,0.0011515843498087612,1.3500584531745999e-15,129177.65320316592,129177.65320316592,1.9909645761952643,1.0165744797325849,1.7636528963085336,3.754617472503798,1.6298512159504401
-1.0,4,1988,497.16214656432567,379.6894166557646,MC,MC,tangent,tangent,0.5,0.5,0.0,0.0010160350888364805,0.0010160350888364805,0.0,112334.820160193,112334.820160193,1.9893192146032885,1.0155575826802787,1.7109112103711555,3.700230424974444,1.6307841325183032
-1.0,4,2002,563.6023076517386,430.43066109709065,MC,MC,tangent,tangent,0.5,0.5,0.0,0.0008956728905591524,0.0008956728905591524,0.0,102380.62890698422,102380.62890698422,1.987213519862228,1.015255185909992,1.6582576280869654,3.6454711479491935,1.6435632883689788
-1.0,4,2016,638.9214532632683,487.95290541492545,MC,MC,tangent,tangent,0.5,0.5,0.0,0.0007909259983803676,0.0007909259983803676,0.0,84419.41664420033,84419.41664420033,1.9838474722621378,1.009512925343625,1.60761009750615,3.591457569768288,1.6356837684303422
-1.0,4,2030,724.3061603862267,553.1623544103444,MC,MC,tangent,tangent,0.5,0.5,0.0,0.0006968642505386647,0.0006968642505386647,0.0,79219.46486660567,79219.46486660567,1.9813251293603216,1.009428558428827,1.5551447746013594,3.536469903961681,1.6560450121029613
-1.0,4,2044,821.1015787526972,627.0863170219279,MC,MC,tangent,tangent,0.5,0.5,0.0,0.000615389341916125,0.000615389341916125,0.0,68890.43203920683,68890.43203920683,1.9797032998709976,1.0073936200289502,1.502768388829418,3.4824716887004157,1.657163471889961
-1.0,4,2058,930.8326223135522,710.88939053943,MC,MC,tangent,tangent,0.5,0.5,0.0,0.0005429191052177246,0.0005429191052177246,0.0,59908.15053522469,59908.15053522469,1.9775544807116168,1.0050492653538594,1.4505023623312931,3.42805684304291,1.6591105365463423
0.0,4,14,0.00011336388169258527,8.657752084937072e-05,VSC,VSC,plateau,plateau,0.25042185801663674,0.25042185801663674,0.0,nan,nan,nan,274473376.4134176,274473376.4134176,nan,nan,nan,nan,nan
0.0,4,28,0.00012851369672417512,9.814763830810777e-05,VSC,VSC,plateau,plateau,0.24669154911715951,0.24669154911715951,0.0,nan,nan,nan,268335856.50153047,268335856.50153047,nan,nan,nan,nan,nan
0.0,4,42,0.00014568811511317392,0.0001112639725756791,SC,SC,plateau_recentred,plateau_recentred,0.2461177780347265,0.2461177780347265,0.0,31236751.360389024,31236751.360389024,0.0,264710349.3913177,264710349.3913177,7.365973372201828,1.1466188713396386,6.818371339121531,14.184344711323359,1.777086338362971
0.0,4,56,0.0001651577024572859,0.000126133158237339,SC,SC,plateau_recentred,plateau_recentred,0.24551414975293226,0.24551414975293226,0.0,19607399.559036072,19607399.559036072,0.0,261448532.96165034,261448532.96165034,7.162959747454139,1.1423755846049497,6.819139102153152,13.982098849607292,1.693461000771317
0.0,4,70,0.00018722918241986797,0.00014298944427929713,SC,SC,plateau_recentred,plateau_recentred,0.24517185744872036,0.24517185744872036,0.0,12809383.185018588,12809383.185018588,0.0,254720864.87360606,254720864.87360606,6.977899067332856,1.1404573027384015,6.819308000810563,13.797207068143418,1.6673578779037803
0.0,4,84,0.00021225026885263176,0.00016209838444580349,SC,SC,plateau_recentred,plateau_recentred,0.24466552764100433,0.24466552764100433,0.0,8500106.706819715,8500106.706819715,0.0,256659254.40768027,256659254.40768027,6.799345134677005,1.137099607579733,6.819758093663164,13.619103228340169,1.651742150540999
0.0,4,98,0.00024061514367423875,0.0001837610207686923,SC,SC,plateau_recentred,plateau_recentred,0.24429765550179494,0.24429765550179494,0.0,5839797.662091335,5839797.662091335,0.0,251033626.51449764,251033626.51449764,6.636265487842154,1.1348334900254284,6.819811162689717,13.456076650531871,1.6407081378908377
0.0,4,112,0.00027277066680952977,0.00020831862618147669,SC,SC,plateau_recentred,plateau_recentred,0.243855761370424,0.243855761370424,0.0,4100079.7279140293,4100079.7279140293,0.0,258559692.0644898,258559692.0644898,6.482350587162694,1.1322585589778964,6.820120565331335,13.302471152494029,1.647878421018599
0.0,4,126,0.0003092234160142482,0.00023615808092815387,SC,SC,plateau_recentred,plateau_recentred,0.24348604824641518,0.24348604824641518,0.0,2972545.1950417534,2972545.1950417534,0.0,257241530.83555174,257241530.83555174,6.342638561240381,1.1302350148199607,6.820168755820298,13.162807317060679,1.6424887472000989
0.0,4,140,0.0003505476674960928,0.0002677179674708184,SC,SC,plateau_recentred,plateau_recentred,0.24311038421793557,0.24311038421793557,0.0,2169286.789166888,2169286.789166888,0.0,246898104.9509939,246898104.9509939,6.20584951487637,1.1279265733498092,6.82014630719511,13.02599582207148,1.6238055006599958
0.0,4,154,0.0003973944430566423,0.0003034954799136069,SC,SC,plateau_recentred,plateau_recentred,0.24259430410302404,0.24259430410302404,0.0,1606844.6907662838,1606844.6907662838,0.0,249226055.2811762,249226055.2811762,6.075299512948151,1.125233152585256,6.820353239840966,12.895652752789116,1.6303211245290756
0.0,4,168,0.00045050176627992045,0.00034405425679181925,SC,SC,plateau_recentred,plateau_recentred,0.24210296852871288,0.24210296852871288,0.0,1180654.896347928,1180654.896347928,0.0,251689801.2610184,251689801.2610184,5.9413627413969055,1.1230157595727521,6.82043908177982,12.761801823176725,1.6411771539263897
0.0,4,182,0.0005107062893487946,0.00039003326062794845,SC,SC,plateau_recentred,plateau_recentred,0.2418284012941795,0.2418284012941795,0.0,888068.2883615777,888068.2883615777,0.0,246358288.60051596,246358288.60051596,5.818113697394499,1.122004522102721,6.820011515552323,12.638125212946822,1.62644236544498
0.0,4,196,0.0005789564736542463,0.0004421568441402191,SC,SC,plateau_recentred,plateau_recentred,0.24133779923559917,0.24133779923559917,0.0,663596.2355569204,663596.2355569204,0.0,254189291.77696416,254189291.77696416,5.691673996978121,1.1206571684534177,6.819908767357717,12.511582764335838,1.6467776504530656
0.0,4,210,0.0006563275318451911,0.0005012461616869606,SC,SC,plateau_recentred,plateau_recentred,0.2408572436106075,0.2408572436106075,0.0,501776.24949640915,501776.24949640915,0.0,248350936.99035656,248350936.99035656,5.570439292523852,1.118827157206908,6.819749659181073,12.390188951704925,1.6432165973589052
0.0,4,224,0.0007440383667169925,0.0005682321057235415,SC,SC,plateau_recentred,plateau_recentred,0.2403663290085258,0.2403663290085258,0.0,381061.3803240889,381061.3803240889,0.0,247691827.57717296,247691827.57717296,5.451243851741256,1.117520785294034,6.8194299351739955,12.270673786915252,1.6513329336073055
0.0,4,238,0.000843470773792987,0.0006441699720720973,SC,SC,plateau_recentred,plateau_recentred,0.2397164213925951,0.2397164213925951,0.0,294734.74373931484,294734.74373931484,0.0,247047054.82515463,247047054.82515463,5.339653802018997,1.1151164611633393,6.819456382721528,12.159110184740525,1.6541429173604192
0.0,4,252,0.0009561912101145875,0.0007302560850392562,SC,SC,plateau_recentred,plateau_recentred,0.23893080268944167,0.23893080268944167,0.0,227622.8544912744,227622.8544912744,0.0,246188129.489451,246188129.489451,5.227489478084328,1.1123104218857216,6.8194052378394066,12.046894715923735,1.6622417706509942
0.0,4,266,0.0010839754721896355,0.0008278466442971395,SC,SC,plateau_recentred,plateau_recentred,0.23839784713606946,0.23839784713606946,0.0,175313.61329649173,175313.61329649173,0.0,243246738.46390405,243246738.46390405,5.114758643877577,1.1110900141478395,6.818735847612331,11.933494491489908,1.65967427512191
0.0,4,280,0.001228836671870237,0.0009384790904374559,SC,SC,plateau_recentred,plateau_recentred,0.2379243376484595,0.2379243376484595,0.0,135296.9994269308,135296.9994269308,0.0,247583814.81968975,247583814.81968975,5.0030463350585395,1.1109046763391541,6.81792068064198,11.82096701570052,1.6743405514067848
0.0,4,294,0.0013930569508946444,0.0010638963257936006,SC,SC,plateau_recentred,plateau_recentred,0.2369752429732996,0.2369752429732996,0.0,106179.47361256614,106179.47361256614,0.0,246087798.11637872,246087798.11637872,4.89819574333078,1.1079516768104098,6.817523675292354,11.715719418623134,1.675109550052961
0.0,4,308,0.001579223433723298,0.0012060741721049975,SC,SC,plateau_recentred,plateau_recentred,0.2364132217981151,0.2364132217981151,0.0,82098.40771933727,82098.40771933727,0.0,253212091.34566984,253212091.34566984,4.787669640152641,1.10796066928133,6.816343944640554,11.604013584793195,1.6925391775044838
0.0,4,322,0.0017902689850683995,0.0013672524975904996,SC,SC,plateau_recentred,plateau_recentred,0.2354616940362494,0.2354616940362494,0.0,64697.01580907125,64697.01580907125,0.0,248843853.64490157,248843853.64490157,4.685012944412253,1.1055147296911874,6.8155501552483,11.500563099660553,1.6979205245366595
0.0,4,336,0.0020295184142127276,0.0015499705038079766,SC,SC,plateau_recentred,plateau_recentred,0.23478336911294106,0.23478336911294106,0.0,50603.13583448133,50603.13583448133,0.0,245298679.8100532,245298679.8100532,4.579820004177702,1.1043462552571317,6.814036277004489,11.393856281182192,1.686968605596558
0.0,4,350,0.002300740854018324,0.0017571067282075867,SC,SC,plateau_recentred,plateau_recentred,0.2337360563393983,0.2337360563393983,0.0,39735.13502887618,39735.13502887618,0.0,246393896.73966768,246393896.73966768,4.476043763780546,1.1021958414848547,6.812809780043231,11.288853543823777,1.6977197884294941
0.0,4,364,0.002608209139803419,0.0019919243925785525,SC,SC,plateau_recentred,plateau_recentred,0.2325832284654671,0.2325832284654671,0.0,31418.480161700103,31418.480161700103,0.0,244978447.30337432,244978447.30337432,4.375511008569079,1.0997481702394478,6.811353014710059,11.186864023279139,1.702520188103206
0.0,4,378,0.0029567671235433135,0.002258122811809544,SC,SC,plateau_recentred,plateau_recentred,0.23176343598365554,0.23176343598365554,0.0,24671.54218582901,24671.54218582901,0.0,247412809.24044538,247412809.24044538,4.272927460704588,1.0991228162408093,6.80894768745218,11.081875148156769,1.6995948447063645
0.0,4,392,0.0033519059838602594,0.002559895672854091,SC,SC,plateau_recentred,plateau_recentred,0.23052727303263276,0.23052727303263276,0.0,19581.676207168544,19581.676207168544,0.0,244855160.75211495,244855160.75211495,4.1746072624260275,1.096929935909062,6.806921453226424,10.981528715652452,1.7086124658194184
0.0,4,406,0.0037998507339918053,0.0029019971020292764,SC,SC,plateau_recentred,plateau_recentred,0.2291381098387665,0.2291381098387665,0.0,15544.798187641769,15544.798187641769,0.0,246022087.26885962,246022087.26885962,4.076764585198719,1.0947583433964236,6.804499353571233,10.881263938769951,1.7181907692070202
0.0,4,420,0.004307658290578997,0.003289816561468016,SC,SC,plateau_recentred,plateau_recentred,0.22766334039707034,0.22766334039707034,0.0,12403.62610609457,12403.62610609457,0.0,250127115.4814323,250127115.4814323,3.981927812043414,1.0935188059808885,6.8012997050199,10.783227517063315,1.7370407629302185
0.0,4,434,0.004883328648255025,0.003729463754647366,SC,SC,plateau_recentred,plateau_recentred,0.22616505836002931,0.22616505836002931,0.0,9960.384650649234,9960.384650649234,0.0,239505831.32368684,239505831.32368684,3.889602097098841,1.0909667916775625,6.798352863894028,10.687954960992869,1.7354772571487929
0.0,4,448,0.005535930911470199,0.004227864878588006,SC,SC,plateau_recentred,plateau_recentred,0.22555226507267304,0.22555226507267304,0.0,7831.786232771147,7831.786232771147,0.0,238321235.06776136,238321235.06776136,3.790020624392845,1.0925515559505312,6.793519051211019,10.583539675603864,1.731566464183239
0.0,4,462,0.006275746169065011,0.004792871739086915,SC,SC,plateau_recentred,plateau_recentred,0.22384715590272034,0.22384715590272034,0.0,6232.963728446371,6232.963728446371,0.0,248216798.64937177,248216798.64937177,3.694235747209096,1.090842583451044,6.790137703034224,10.48437345024332,1.7587154028492182
0.0,4,476,0.007114429462428795,0.005433385447978123,SC,SC,plateau_recentred,plateau_recentred,0.22089121328823025,0.22089121328823025,0.0,5077.629810190166,5077.629810190166,0.0,239684533.83144152,239684533.83144152,3.6068134439787087,1.0840987997788196,6.788526441667017,10.395339885645726,1.775765462479934
0.0,4,490,0.008065193398893555,0.006159496651150619,SC,SC,plateau_recentred,plateau_recentred,0.21910979950510187,0.21910979950510187,0.0,4116.84909007285,4116.84909007285,0.0,246432539.53860262,246432539.53860262,3.518841224197578,1.082283373635792,6.785402573946168,10.304243798143746,1.7881231828320994
0.0,4,504,0.009143016303003959,0.00698264449647225,SC,SC,plateau_recentred,plateau_recentred,0.2173932879379557,0.2173932879379557,0.0,3366.5188317114826,3366.5188317114826,0.0,246419983.42722005,246419983.42722005,3.4340795836219247,1.0809015299180613,6.782780315193996,10.21685989881592,1.798258131944663
0.0,4,518,0.010364878184875526,0.007915796845997927,SC,SC,plateau_recentred,plateau_recentred,0.21450586194556315,0.21450586194556315,0.0,2729.327697158544,2729.327697158544,0.0,239467751.67430043,239467751.67430043,3.3436048068823374,1.0770153601168166,6.782129726191863,10.125734533074201,1.820547727103368
0.0,4,532,0.011750028243087796,0.008973654571526248,SC,SC,plateau_recentred,plateau_recentred,0.21223772643449657,0.21223772643449657,0.0,2197.5643368469196,2197.5643368469196,0.0,248102998.64567265,248102998.64567265,3.2507500264137494,1.0770757447386057,6.78087042275042,10.03162044916417,1.850435621132585
0.0,4,546,0.013320288116345003,0.010172883151970562,SC,SC,plateau_recentred,plateau_recentred,0.20883999540900747,0.20883999540900747,0.0,1773.7446012344446,1773.7446012344446,0.0,241949889.2630329,241949889.2630329,3.1571163268917837,1.0739435066414682,6.781453610347535,9.938569937239318,1.8884515853262993
0.0,4,560,0.015100395661331367,0.011532375221129829,SC,SC,plateau_recentred,plateau_recentred,0.206155763367699,0.206155763367699,0.0,1443.0266463461624,1443.0266463461624,0.0,244225712.4532587,244225712.4532587,3.068799683943523,1.0731137610958337,6.78015351736876,9.848953201312282,1.8933373236402815
0.0,4,574,0.01711839467263121,0.013073548202032166,SC,SC,plateau_recentred,plateau_recentred,0.20185302378543662,0.20185302378543662,0.0,1173.8608667236144,1173.8608667236144,0.0,238837568.35763115,238837568.35763115,2.9799727902847364,1.0693418888717552,6.7793226850379975,9.759295475322734,1.9237196640179597
0.0,4,588,0.019406076684359785,0.01482068171678121,SC,SC,plateau_recentred,plateau_recentred,0.1983095731477575,0.1983095731477575,0.0,953.7282232000507,953.7282232000507,0.0,233814040.6105355,233814040.6105355,2.891990279802737,1.0682588153233314,6.777113205518797,9.669103485321534,1.9331462752774735
0.0,4,602,0.02199948181363931,0.016801300087453574,SC,SC,plateau_recentred,plateau_recentred,0.1932806231143539,0.1932806231143539,0.0,778.0228892846172,778.0228892846172,0.0,246269359.98202947,246269359.98202947,2.8052615609702425,1.0646024794926616,6.775409663706572,9.580671224676815,1.9852801044878752
0.0,4,616,0.02493946653620638,0.019046605953965113,SC,SC,plateau_recentred,plateau_recentred,0.18808603074465316,0.18808603074465316,0.0,644.2483554068463,644.2483554068463,0.0,241936074.41783562,241936074.41783562,2.725356506330854,1.061033325169837,6.7733756628948125,9.498732169225667,2.0145934504854943
0.0,4,630,0.028272347338879067,0.02159197184011521,SC,SC,plateau_recentred,plateau_recentred,0.18307811744995856,0.18307811744995856,0.0,522.985829638062,522.985829638062,0.0,244438320.51441163,244438320.51441163,2.6390159329549645,1.0595225176090075,6.769152839450748,9.408168772405713,2.045844809852805
0.0,4,644,0.03205063038897715,0.02447749741193485,SC,SC,plateau_recentred,plateau_recentred,0.1763658442222173,0.1763658442222173,0.0,432.7884807130153,432.7884807130153,0.0,233157868.43005174,233157868.43005174,2.560468595196975,1.0556265472329447,6.765485948322571,9.325954543519545,2.092171800300588
0.0,4,658,0.036333838715903344,0.027748641207383285,SC,SC,plateau_recentred,plateau_recentred,0.16543737088465324,0.16543737088465324,0.0,366.9411191215726,366.9411191215726,0.0,245547707.78172264,245547707.78172264,2.4889066190250397,1.042438292961763,6.765368612780753,9.254275231805792,2.1762401778090092
0.0,4,672,0.04118944993628881,0.031456936789651245,SC,SC,plateau_recentred,plateau_recentred,0.1570522087766125,0.1570522087766125,0.0,305.74511663623406,305.74511663623406,0.0,242498794.92228767,242498794.92228767,2.4141451520675554,1.0362698235611287,6.760893227779342,9.175038379846898,2.2512188501498414
0.0,4,686,0.04669395929562081,0.03566080460634663,MC,MC,tangent,tangent,0.25,0.25,0.0,128.52015717193805,128.52015717193805,0.0,233601132.10981354,233601132.10981354,2.125490690158999,2.70336637965655,6.67315940847377,8.79865009863277,0.6111453684636534
0.0,4,700,0.05293408477349404,0.04042647234458,MC,MC,tangent,tangent,0.25,0.25,0.0,103.29690834174433,103.29690834174433,0.0,231226784.4632981,231226784.4632981,2.0437900839024485,2.8441069363477403,6.659976090092979,8.703766173995428,0.6175913896511793
0.0,4,714,0.060008133237702044,0.04582901828121483,MC,MC,tangent,tangent,0.25,0.25,0.0,83.91201082134282,83.91201082134282,0.0,229117375.98780248,229117375.98780248,1.9680512992268724,2.959996754311086,6.6454516798220356,8.613502979048908,0.6254020124992666
0.0,4,728,0.06802754916954634,0.051953554065211696,MC,MC,tangent,tangent,0.25,0.25,0.0,68.85051362385653,68.85051362385653,0.0,231434683.76634365,231434683.76634365,1.8978995836565338,3.1032627138424878,6.629686451417747,8.52758603507428,0.6319488848404368
0.0,4,742,0.07711867035896258,0.05889656556560496,MC,MC,tangent,tangent,0.25,0.25,0.0,55.9033305901868,55.9033305901868,0.0,230007653.91598666,230007653.91598666,1.8247571055123986,3.2835178312964546,6.612359428036754,8.437116533549153,0.6377832798120301
0.0,4,756,0.08742471822866626,0.06676743290881665,MC,MC,tangent,tangent,0.25,0.25,0.0,45.94190654433593,45.94190654433593,0.0,234596303.2366444,234596303.2366444,1.7594953004018083,3.4836575079896526,6.592392564267379,8.351887864669187,0.6430467560152735
0.0,4,770,0.09910805414286328,0.07569015365195925,MC,MC,tangent,tangent,0.25,0.25,0.0,37.81673331315306,37.81673331315306,0.0,228045957.76161438,228045957.76161438,1.6972131248997655,3.695667764664544,6.570149736621562,8.267362861521327,0.6481173409531442
0.0,4,784,0.11235273724638661,0.08580529623897953,MC,MC,tangent,tangent,0.25,0.25,0.0,31.166790921274195,31.166790921274195,0.0,227475505.51455128,227475505.51455128,1.6370762251325028,3.968634477738298,6.546294713091527,8.18337093822403,0.651339422775484
0.0,4,798,0.127367424130429,0.0972722145143704,MC,MC,tangent,tangent,0.25,0.25,0.0,25.950339997959627,25.950339997959627,0.0,227145213.50747997,227145213.50747997,1.5830777679856518,4.3285189435696125,6.520744134944154,8.103821902929806,0.6523475294076293
0.0,4,812,0.14438865600617423,0.1102715581818755,MC,MC,tangent,tangent,0.5,0.5,0.0,10.449051028011827,10.449051028011827,0.0,227054038.51999798,227054038.51999798,1.39028166186363,9.576700982973227,6.318474038838076,7.7087557007017065,0.6060627251509847
0.0,4,826,0.1636845851724229,0.12500811875792486,MC,MC,tangent,tangent,0.5,0.5,0.0,9.077525434854214,9.077525434854214,0.0,221850244.26212382,221850244.26212382,1.3593042995252196,9.99999999999937,6.288342025575323,7.647646325100543,0.609968518205681
0.0,4,840,0.18555919948394317,0.14171405585492053,MC,MC,tangent,tangent,0.5,0.5,0.0,7.89537232420943,7.89537232420943,0.0,222267031.15751144,222267031.15751144,1.3314683398890361,9.999999999999906,6.2555831257191725,7.587051465608209,0.6153755554637973
0.0,4,854,0.2103571113727749,0.1606525546212045,MC,MC,tangent,tangent,0.5,0.5,0.0,6.903381597570831,6.903381597570831,0.0,222918892.39867437,222918892.39867437,1.308392801423305,9.999999999999998,6.220347929722045,7.5287407311453505,0.6200432414104387
0.0,4,868,0.23846898686867357,0.1821219719569755,MC,MC,tangent,tangent,0.5,0.5,0.0,6.047245753624726,6.047245753624726,0.0,207862888.36288282,207862888.36288282,1.2890990443123258,9.999999999999833,6.18213742455587,7.471236468868195,0.623840812364442
0.0,4,882,0.27033770014742475,0.20646053682559679,MC,MC,tangent,tangent,0.5,0.5,0.0,5.278895634730512,5.278895634730512,0.0,208691843.83914527,208691843.83914527,1.2711533480874286,9.999999999999998,6.141068578511431,7.4122219265988605,0.6273805158008013
0.0,4,896,0.30646531056571247,0.23405167870894525,MC,MC,tangent,tangent,0.5,0.5,0.0,4.641957168037254,4.641957168037254,0.0,214653451.60224906,214653451.60224906,1.258812878164352,9.999999999999709,6.0975671013190444,7.356379979483396,0.629737513532545
0.0,4,910,0.3474209720986756,0.26533006815123095,MC,MC,tangent,tangent,0.5,0.5,0.0,4.096306785189388,4.096306785189388,0.0,204947910.02185866,204947910.02185866,1.2500444163714244,9.999999999999941,6.052026909121043,7.302071325492467,0.6309339972081687
0.0,4,924,0.3938498997853399,0.30078846455394537,MC,MC,tangent,tangent,0.5,0.5,0.0,3.6152786424489354,3.6152786424489354,0.0,200260964.148681,200260964.148681,1.2453063561939675,9.999999999999952,6.002514269993389,7.247820626187357,0.6313067682121948
0.0,4,938,0.44648353443920774,0.340985479102023,MC,MC,tangent,tangent,0.5,0.5,0.0,3.1946545084685654,3.1946545084685654,0.0,191206177.9341288,191206177.9341288,1.240364449347109,9.999999999994884,5.953738298784691,7.1941027481318,0.6316346650678492
0.0,4,952,0.5016364722968638,0.38310651938382895,MC,MC,tangent,tangent,0.5,0.5,0.0,2.850469436251709,2.850469436251709,0.0,196978740.51629272,196978740.51629272,1.2398122339259556,9.99999999999999,5.904783005417651,7.144595239343607,0.630756252998773
0.0,4,966,0.5437616319255452,0.41527807024802077,MC,MC,tangent,tangent,0.5,0.5,0.0,2.649056446169548,2.649056446169548,0.0,192507777.511708,192507777.511708,1.2407948504269202,9.999999999999925,5.871975212566556,7.1127700629934765,0.629827542918161
0.0,4,980,0.5841669263524998,0.44613613693067766,MC,MC,tangent,tangent,0.5,0.5,0.0,2.472146596525117,2.472146596525117,0.0,188138295.0533798,188138295.0533798,1.2421133296783062,9.999999999999998,5.840639741492824,7.08275307117113,0.6287988512219794
0.0,4,994,0.6278195488721803,0.47947423174447357,MC,MC,tangent,tangent,0.5,0.5,0.0,2.3058309846832112,2.3058309846832112,0.0,189352626.53431293,189352626.53431293,1.2443526495924055,9.999999999999998,5.808153671780413,7.052506321372819,0.6275294737677036
0.0,4,1008,0.674207802630171,0.5149015649209189,MC,MC,tangent,tangent,0.5,0.5,0.0,2.1636089569518906,2.1636089569518906,0.0,185087194.53401333,185087194.53401333,1.2484595627632173,9.999999999999998,5.776398058550136,7.024857621313353,0.6261521524378064
0.0,4,1022,0.724306160386226,0.5531623544103438,MC,MC,tangent,tangent,0.5,0.5,0.0,2.019714292051157,2.019714292051157,0.0,180917847.33846155,180917847.33846155,1.2538550816736005,9.999999999999767,5.741113707638595,6.994968789312196,0.6243156589549048
0.0,4,1036,0.7711867035896258,0.5889656556560495,MC,MC,tangent,tangent,0.5,0.5,0.0,1.903430719668632,1.903430719668632,0.0,190976022.64355695,190976022.64355695,1.2579453336766315,9.999999999997847,5.711270591118272,6.969215924794904,0.6228568305641539
0.0,4,1050,0.8233082706766917,0.6287715973176031,MC,MC,tangent,tangent,0.5,0.5,0.0,1.7897614440510985,1.7897614440510985,0.0,186706741.01035047,186706741.01035047,1.2625240389877415,9.999999999999998,5.679949959705278,6.9424739986930195,0.6213173565218958
0.0,4,1064,0.8759398496240602,0.6689670418949843,MC,MC,tangent,tangent,0.5,0.5,0.0,1.6938828527855117,1.6938828527855117,0.0,172858798.34178826,172858798.34178826,1.2691604149957396,9.999999999998039,5.6494018073116266,6.918562222307366,0.6194507690674531
0.0,4,1078,0.9308326223135523,0.7108893905394301,MC,MC,tangent,tangent,0.5,0.5,0.0,1.6009740016391891,1.6009740016391891,0.0,182532899.45077902,182532899.45077902,1.2742962997156626,9.999999999999966,5.619766830352316,6.894063130067979,0.6179084671352599
0.0,4,1092,0.9887218045112782,0.7551001374179437,MC,MC,tangent,tangent,0.5,0.5,0.0,1.517835591375349,1.517835591375349,0.0,178452364.39567766,178452364.39567766,1.2812487970342175,9.999999999995902,5.5896547858849175,6.870903582919135,0.615925612649555
0.0,4,1106,1.045815930351596,0.7987036890652053,MC,MC,tangent,tangent,0.5,0.5,0.0,1.438531532255294,1.438531532255294,0.0,174463049.97195703,174463049.97195703,1.286325103686626,9.99999999999536,5.561273132910223,6.847598236596849,0.6145092568255125
0.0,4,1120,1.1035742449353014,0.8428144905871184,MC,MC,tangent,tangent,0.5,0.5,0.0,1.3727238871937235,1.3727238871937233,9.64327466553287e-17,170562916.93636313,170562916.93636313,1.2938645585309556,9.999999999999769,5.533397483148263,6.8272620416792185,0.6124531596046727
0.0,4,1134,1.1645224352961225,0.8893614431341795,MC,MC,tangent,tangent,0.5,0.5,0.0,1.3055288501063744,1.3055288501063744,0.0,170562916.93636313,170562916.93636313,1.300024571939496,9.999999999999995,5.505440752179799,6.805465324119295,0.6107182324017252
0.0,4,1148,1.2288366718702428,0.9384790904374604,MC,MC,tangent,tangent,0.5,0.5,0.0,1.2422261844220504,1.2422261844220497,1.9286549331065737e-16,180266427.85781205,180266427.85781205,1.3056349349486804,9.999999999995845,5.478244595027176,6.783879529975857,0.6093240466047624
0.0,4,1162,1.2894736842105265,0.9847883921458354,MC,MC,tangent,tangent,0.5,0.5,0.0,1.1882529945662224,1.1882529945662224,0.0,176267450.108808,176267450.108808,1.3125381987169973,9.999999999999591,5.452049569373491,6.764587768090489,0.607388420342829
0.0,4,1176,1.3561125023080152,1.0356813536170912,MC,MC,tangent,tangent,0.5,0.5,0.0,1.131371817406349,1.131371817406349,0.0,176267450.108808,176267450.108808,1.3179579615935633,9.999999999928136,5.425326245261886,6.743284206855448,0.6060311259350912
0.0,4,1190,1.4182440582626876,1.0831320583808584,MC,MC,tangent,tangent,0.5,0.5,0.0,1.0152676708956825,1.0152676708956825,0.0,164362297.46938762,164362297.46938762,1.2984531028683695,9.999999999999604,5.397806304962758,6.6962594078311275,0.6091934608213405
0.0,4,1204,1.4849624060150375,1.1340857577189647,MC,MC,tangent,tangent,0.5,0.5,0.0,0.9360387968701934,0.9360387968701934,0.0,160716132.30060917,160716132.30060917,1.292987917732721,9.999999999999481,5.367984782624138,6.660972700356859,0.6098988836034075
0.0,4,1218,1.5526315789473681,1.18576561503274,MC,MC,tangent,tangent,0.5,0.5,0.0,0.8825625266530798,0.8825625266530798,0.0,149861319.99422446,149861319.99422446,1.2933948825027028,9.999999999921913,5.3420294516217455,6.6354243341244485,0.6090320667932293
0.0,4,1232,1.6222460729620618,1.238931140215791,MC,MC,tangent,tangent,0.5,0.5,0.0,0.8411209170077831,0.8411209170077831,0.0,146536840.2715443,146536840.2715443,1.2950432519751176,9.999999999998307,5.319494031815074,6.614537283790192,0.6083362327123134
0.0,4,1246,1.6954887218045114,1.294867536028489,MC,MC,tangent,tangent,0.5,0.5,0.0,0.8028547414295382,0.8028547414295379,9.64327466553287e-17,147793159.45080066,147793159.45080066,1.301018210519847,9.99999999999905,5.293297616652492,6.5943158271723386,0.6051452755575031
0.0,4,1260,1.7631578947368416,1.346547393342264,MC,MC,tangent,tangent,0.5,0.5,0.0,0.7746405988724774,0.7746405988724776,-1.4464911998299308e-16,136639701.295208,136639701.295208,1.308902320045373,9.999999999999998,5.269876785190379,6.5787791052357525,0.5999878199218802
0.0,4,1274,1.8383458646616537,1.4039694570242371,MC,MC,tangent,tangent,0.5,0.5,0.0,0.7472902575573308,0.7472902575573308,0.0,133608526.09745573,133608526.09745573,1.3156510204262992,9.999999999999998,5.247517150596806,6.563168171023105,0.5944324741551645
0.0,4,1288,1.9061437174542544,1.455747588877655,MC,MC,tangent,tangent,0.5,0.5,0.0,0.7227070278162673,0.7227070278162675,-1.4464911998299308e-16,137811168.3274364,137811168.3274364,1.318927292614705,9.999999999999998,5.2297138359700215,6.548641128584727,0.589657682495745
0.0,4,1302,1.981203007518797,1.5130713780199858,MC,MC,tangent,tangent,0.5,0.5,0.0,0.7001599281845934,0.7001599281845932,9.64327466553287e-17,124584569.05866948,124584569.05866948,1.321620192219795,9.999999999999998,5.21325590985449,6.534876102074285,0.585206367291327
0.0,4,1316,2.056390977443609,1.570493441701959,MC,MC,tangent,tangent,0.5,0.5,0.0,0.6771313218832483,0.6771313218832481,9.64327466553287e-17,118805642.23375204,118805642.23375204,1.3220397588830164,4.708997235153396,5.1983119950618235,6.52035175394484,0.6115084216201593
0.0,4,1330,2.1315789473684212,1.6279155053839318,MC,MC,tangent,tangent,0.5,0.5,0.0,0.6557076148827644,0.6557076148827644,0.0,125674706.60347927,125674706.60347927,1.3206389590916041,4.9645655458620634,5.18575011880409,6.506389077895694,0.6101286107842886
0.0,4,1344,2.206766917293233,1.6853375690659045,MC,MC,tangent,tangent,0.5,0.5,0.0,0.6353419152796556,0.6353419152796556,0.0,119824210.71568201,119824210.71568201,1.3193208888833936,4.810495744200182,5.173365469654861,6.492686358538255,0.6121771402239164
0.0,4,1358,2.281954887218045,1.7427596327478774,MC,MC,tangent,tangent,0.5,0.5,0.0,0.6178170959417253,0.6178170959417253,0.0,110781476.09108546,110781476.09108546,1.318759131192821,4.565849997973288,5.161779641168428,6.480538772361249,0.6150319288822792
0.0,4,1372,2.3634197261974306,1.8049754257316994,MC,MC,tangent,tangent,0.5,0.5,0.0,0.5982013253952232,0.5982013253952232,0.0,108323932.20365995,108323932.20365995,1.3168414165272502,4.529817374874736,5.149684805045325,6.466526221572575,0.6161593583210712
0.0,4,1386,2.4398496240601504,1.8633459664800205,MC,MC,tangent,tangent,0.5,0.5,0.0,0.5818864276581684,0.5818864276581682,1.9286549331065737e-16,103299264.36299528,103299264.36299528,1.3165109913779458,4.393211176518439,5.13800608677212,6.454517078150066,0.6181293840121976
0.0,4,1400,2.561889013687202,1.9565490893982402,MC,MC,tangent,tangent,0.5,0.5,0.0,0.5565131794273911,0.5565131794273909,1.9286549331065737e-16,101007703.6737141,101007703.6737141,1.3142704972216355,4.385952586483686,5.120883807235577,6.435154304457212,0.6192705205640366
0.0,4,1414,2.904256830572931,2.2180199949637163,MC,MC,tangent,tangent,0.5,0.5,0.0,0.495792587802264,0.495792587802264,0.0,97148213.94298519,97148213.94298519,1.3099207351983444,4.425756314749147,5.075058145131733,6.3849788803300775,0.6215092214954158
0.0,4,1428,3.2923782774609203,2.5144335630096193,MC,MC,tangent,tangent,0.5,0.5,0.0,0.441953997297063,0.441953997297063,0.0,84468539.0845704,84468539.0845704,1.3060052447082107,4.15043628792995,5.029050672203008,6.335055916911219,0.6265687286637559
0.0,4,1442,3.732367815334758,2.8504594896100905,MC,MC,tangent,tangent,0.5,0.5,0.0,0.39318999809997157,0.39318999809997157,0.0,77029742.91209492,77029742.91209492,1.3027324080508333,4.065800096681808,4.981548904379476,6.28428131243031,0.6296138895554719
0.0,4,1456,4.231157034510027,3.2313915234980297,MC,MC,tangent,tangent,0.5,0.5,0.0,0.3500089302042978,0.3500089302042978,0.0,68483386.26582189,68483386.26582189,1.3002868811836334,3.9147897139581427,4.933471094630846,6.23375797581448,0.6332053308614555
0.0,4,1470,4.796603854831481,3.663230863724089,MC,MC,tangent,tangent,0.5,0.5,0.0,0.3108937280948432,0.3108937280948432,0.0,62452336.632983945,62452336.632983945,1.2970811013852417,3.8778128520863135,4.885209710018695,6.182290811403937,0.6353890872227941
0.0,4,1484,5.437616319255451,4.152780702480207,MC,MC,tangent,tangent,0.5,0.5,0.0,0.27598018046756934,0.27598018046756917,2.8929823996598605e-16,54301128.386178255,54301128.386178255,1.294728713090734,3.6964034408552444,4.83582803184988,6.130556744940614,0.639052958109041
0.0,4,1498,6.164292931060073,4.70775340251417,MC,MC,tangent,tangent,0.5,0.5,0.0,0.24478125853705593,0.24478125853705593,0.0,48276483.9833928,48276483.9833928,1.2918670541344832,3.600009730358916,4.786589959873357,6.07845701400784,0.6416241283253933
0.0,4,1512,6.988081745554303,5.336891997607085,MC,MC,tangent,tangent,0.5,0.5,0.0,0.2172145280497687,0.2172145280497687,0.0,44024972.969135955,44024972.969135955,1.290491003693898,3.6027978509797696,4.736076715931665,6.026567719625563,0.6428544909488149
0.0,4,1526,7.921960722614703,6.050107930230924,MC,MC,tangent,tangent,0.5,0.5,0.0,0.19243931406078502,0.19243931406078502,0.0,38278883.357784405,38278883.357784405,1.2887292119186258,3.465161858716818,4.685243438934742,5.9739726508533675,0.6456565922712483
0.0,4,1540,8.980642181321814,6.858637196303613,MC,MC,tangent,tangent,0.5,0.5,0.0,0.17037984423605684,0.17037984423605684,0.0,34031887.62822506,34031887.62822506,1.2863622770722736,3.402714838137905,4.63473479043591,5.9210970675081835,0.6474246519900614
0.0,4,1554,10.180804577672388,7.775217356944574,MC,MC,tangent,tangent,0.5,0.5,0.0,0.15072506380870235,0.1507250638087026,-7.232455999149659e-16,31034839.518070295,31034839.518070295,1.2848307122630989,3.4316223504176704,4.583033614769299,5.867864327032398,0.6479156467998689
0.0,4,1568,11.541355256790725,8.814288205871739,MC,MC,tangent,tangent,0.5,0.5,0.0,0.13335884244858695,0.13335884244858714,-6.268128532596371e-16,26984207.412747487,26984207.412747487,1.2835897455008436,3.322046246447874,4.531110922308809,5.814700667809652,0.6500492091754393
0.0,4,1582,13.083728319034785,9.992219253752193,MC,MC,tangent,tangent,0.5,0.5,0.0,0.11810177337692485,0.11810177337692467,6.750292265873004e-16,23462259.222259305,23462259.222259305,1.282944001967906,3.2278904288346393,4.478991267554546,5.761935269522453,0.6519119045253027
0.0,4,1596,14.832222292576159,11.327567613292167,MC,MC,tangent,tangent,0.5,0.5,0.0,0.10443272273996017,0.10443272273996002,6.750292265873004e-16,20859149.98860182,20859149.98860182,1.2813083889556018,3.19388786821047,4.427207062635551,5.708515451591153,0.6529038522696935
0.0,4,1610,16.814382932144426,12.841370347785583,MC,MC,tangent,tangent,0.5,0.5,0.0,0.09224808141932281,0.09224808141932281,0.0,19022170.602218024,19022170.602218024,1.2801539876226762,3.243413042430067,4.374482205460369,5.6546361930830455,0.6527091998471373
0.0,4,1624,19.061437174542544,14.55747588877655,MC,MC,tangent,tangent,0.5,0.5,0.0,0.08151520464648308,0.08151520464648308,0.0,16539418.43881773,16539418.43881773,1.2792853984135553,3.158736536275783,4.321632075421285,5.600917473834841,0.6541988163414573
0.0,4,1638,21.608785087464042,16.502919743986272,MC,MC,tangent,tangent,0.5,0.5,0.0,0.07199896561157135,0.07199896561157135,0.0,14380712.275938012,14380712.275938012,1.2775590354446251,3.08638051978958,4.269446072286135,5.54700510773076,0.6554705004039245
0.0,4,1652,24.496557561768185,18.70835041440287,MC,MC,tangent,tangent,0.5,0.5,0.0,0.0637059076062247,0.0637059076062247,0.0,12785189.672703343,12785189.672703343,1.2777016693645165,3.068527639926975,4.216156888677252,5.493858558041768,0.6559569154184267
0.0,4,1666,27.77024853309071,21.208512230426944,MC,MC,tangent,tangent,0.5,0.5,0.0,0.05622467771025142,0.056224677710251504,-6.268128532596371e-16,11659250.70143195,11659250.70143195,1.2768317671178686,3.1306423218109236,4.162774058183098,5.4396058253009665,0.6553200348232967
0.0,4,1680,31.4814316928032,24.042792713668874,MC,MC,tangent,tangent,0.5,0.5,0.0,0.04964658873270177,0.04964658873270177,0.0,10137498.504591107,10137498.504591107,1.2762368485957147,3.061041183995035,4.109331415086537,5.385568263682251,0.6563783756627899
0.0,4,1694,35.6885729793766,27.255843087528657,MC,MC,tangent,tangent,0.5,0.5,0.0,0.043823442150852696,0.04382344215085265,4.821637332766433e-16,8814363.681018094,8814363.681018094,1.2747332052194744,3.001670947096353,4.056652132026033,5.331385337245508,0.6572630726561302
0.0,4,1708,40.45795165012969,30.898281712075836,MC,MC,tangent,tangent,0.5,0.5,0.0,0.0387640644871855,0.03876406448718544,6.750292265873004e-16,7663922.916098639,7663922.916098639,1.2751559867018738,2.9389693019494345,4.002952171319853,5.278108158021727,0.6581564658038883
0.0,4,1722,45.86470444391582,35.02749152513422,MC,MC,tangent,tangent,0.5,0.5,0.0,0.03420760384059803,0.03420760384059803,0.0,6813619.954224941,6813619.954224941,1.2746464514758187,2.9399243121445373,3.949155053141667,5.2238015046174855,0.6581577125063408
0.0,4,1736,51.99400928447668,39.70852405245032,MC,MC,tangent,tangent,0.5,0.5,0.0,0.030168628138960575,0.030168628138960575,0.0,6213572.5213523675,6213572.5213523675,1.2738934057784845,3.01011396065526,3.895341006767742,5.169234412546227,0.6572026531637456
0.0,4,1750,58.942427172510946,45.01512422871065,MC,MC,tangent,tangent,0.5,0.5,0.0,0.026622258485518694,0.026622258485518694,0.0,5402584.073060697,5402584.073060697,1.273407167313444,2.9528000902817078,3.8415165791742334,5.114923746487677,0.6579125693442344
0.0,4,1764,66.81942340661188,51.030892174427464,MC,MC,tangent,tangent,0.5,0.5,0.0,0.023498271531290388,0.023498271531290388,0.0,4697444.918553304,4697444.918553304,1.272222313790652,2.9042336623588354,3.7884924547779324,5.060714768568585,0.6584857155811661
0.0,4,1778,75.7490920983714,57.850600231313365,MC,MC,tangent,tangent,0.5,0.5,0.0,0.020763301451329323,0.020763301451329323,0.0,4176269.096299898,4176269.096299898,1.272536596366976,2.8949258149604105,3.7344386635683566,5.0069752599353325,0.6592407728064082
0.0,4,1792,85.87211114964163,65.58168600470435,MC,MC,tangent,tangent,0.5,0.5,0.0,0.018307947609630427,0.018307947609630427,0.0,3808482.2859031805,3808482.2859031805,1.271922832022131,2.8972614203530416,3.680395679588165,4.952318511610296,0.6636310800205641
0.0,4,1806,97.34795849064635,74.34594493440731,MC,MC,tangent,tangent,0.5,0.5,0.0,0.01615308813498881,0.01615308813498881,0.0,3311403.4912520964,3311403.4912520964,1.271566391644366,2.838664757212152,3.6263680216846,4.897934413328966,0.6651106833283231
0.0,4,1820,110.35742449353015,84.28144905871186,MC,MC,tangent,tangent,0.5,0.5,0.0,0.014248727340215591,0.014248727340215591,0.0,2879202.8579111765,2879202.8579111765,1.270179545875673,2.7847735281132624,3.5732753807702853,4.843454926645959,0.6667821740408627
0.0,4,1834,125.1054601418827,95.54472219975516,MC,MC,tangent,tangent,0.5,0.5,0.0,0.012575801699591016,0.012575801699591016,0.0,2503412.5617441568,2503412.5617441568,1.2700646486334042,2.7330497608135618,3.519149882620634,4.789214531254038,0.668435648998602
0.0,4,1848,141.82440582626876,108.31320583808584,MC,MC,tangent,tangent,0.5,0.5,0.0,0.01110897141936094,0.011108971419360906,1.3500584531745999e-15,2225661.971172392,2225661.971172392,1.2703823346411787,2.6999319108995055,3.46497036543552,4.735352700076699,0.6714434741189756
0.0,4,1862,160.7776516321715,122.78805452378606,MC,MC,tangent,tangent,0.5,0.5,0.0,0.009792862287454728,0.009792862287454728,0.0,2029657.092529873,2029657.092529873,1.2697658606581337,2.6842479230454344,3.4108226372447126,4.680588497902846,0.6765518355518264
0.0,4,1876,182.2637867844891,139.19730486303095,MC,MC,tangent,tangent,0.5,0.5,0.0,0.008638369453958421,0.008638369453958421,0.0,1764748.5475054905,1764748.5475054905,1.2694016030890096,2.6321049904632843,3.356709021975585,4.6261106250645945,0.678423836707425
0.0,4,1890,206.62130361888174,157.7994680042606,MC,MC,tangent,tangent,0.5,0.5,0.0,0.0076184965199481355,0.0076184965199481355,0.0,1534415.565754921,1534415.565754921,1.2679324743142102,2.58305626177054,3.303615649827374,4.571548124141584,0.6805393299083385
0.0,4,1904,234.23393018628633,178.88760221995517,MC,MC,tangent,tangent,0.5,0.5,0.0,0.006724310241408699,0.006724310241408699,0.0,1334145.383918322,1334145.383918322,1.267947997272778,2.534421141422175,3.2493785957631522,4.51732659303593,0.682467910611924
0.0,4,1918,265.536675500387,202.79392974341852,MC,MC,tangent,tangent,0.5,0.5,0.0,0.005938764943933162,0.0059387649439331435,1.3500584531745999e-15,1186123.5700332997,1186123.5700332997,1.2682075888089446,2.4980240928799344,3.195167398089476,4.463374986898421,0.6863247986350732
0.0,4,1932,301.0226826648105,229.895070594171,MC,MC,tangent,tangent,0.5,0.5,0.0,0.005234448190807373,0.005234448190807373,0.0,1081666.5548123703,1081666.5548123703,1.2675478772347306,2.467758674070999,3.141001879033092,4.408549756267822,0.6923713524993886
0.0,4,1946,341.25099784412686,260.6179758455719,MC,MC,tangent,tangent,0.5,0.5,0.0,0.004616783152790796,0.004616783152790805,-9.161110932256239e-16,940488.6611220981,940488.6611220981,1.267135561330941,2.4197276973529895,3.086882765817181,4.354018327148122,0.694803387727102
0.0,4,1960,386.85537747094673,295.4466538073099,MC,MC,tangent,tangent,0.5,0.5,0.0,0.004073005536372714,0.004073005536372714,0.0,817737.146224946,817737.146224946,1.26575213700974,2.3736539486974997,3.0338417140449248,4.299593851054665,0.6975379913845244
0.0,4,1974,438.5542724377551,334.92979508696345,MC,MC,tangent,tangent,0.5,0.5,0.0,0.0035920571184402616,0.0035920571184402616,0.0,727010.2006278501,727010.2006278501,1.265412445916255,2.33238438462822,2.979609638626879,4.245022084543134,0.7018985695887341
0.0,4,1988,497.16214656432567,379.6894166557646,MC,MC,tangent,tangent,0.5,0.5,0.0,0.003170996397441209,0.003170996397441209,0.0,662985.4080081186,662985.4080081186,1.2654426098998859,2.2936064501702416,2.925431989365492,4.190874599265378,0.7088196208845656
0.0,4,2002,563.6023076517386,430.43066109709065,MC,MC,tangent,tangent,0.5,0.5,0.0,0.002796838886207653,0.002796838886207653,0.0,576453.3034204851,576453.3034204851,1.265035431556825,2.247853350543054,2.8713108683469812,4.136346299903806,0.7120737664720432
0.0,4,2016,638.9214532632683,487.95290541492545,MC,MC,tangent,tangent,0.5,0.5,0.0,0.0024666287248834118,0.0024666287248834196,-1.3982748265022685e-15,501215.2711214994,501215.2711214994,1.2645360650462543,2.203072894905486,2.8172465703196448,4.081782635365899,0.7152522623983179
0.0,4,2030,724.3061603862267,553.1623544103444,MC,MC,tangent,tangent,0.5,0.5,0.0,0.0021762005849478307,0.0021762005849478372,-1.3018420798469394e-15,435797.2215871821,435797.2215871821,1.2630581458570673,2.1595760568295104,2.7643196274809836,4.027377773338051,0.7187965190329445
0.0,4,2044,821.1015787526972,627.0863170219279,MC,MC,tangent,tangent,0.5,0.5,0.0,0.001919106655273349,0.001919106655273349,0.0,387446.0478673195,387446.0478673195,1.2626102103755872,2.1169345052791213,2.710167751793418,3.972777962169005,0.7242101158507911
0.0,4,2058,930.8326223135522,710.88939053943,MC,MC,tangent,tangent,0.5,0.5,0.0,0.00169405227368559,0.0016940522736855934,-8.678947198979592e-16,353325.2709585279,353325.2709585279,1.2625246128166752,2.072934482823053,2.6560810451288237,3.918605657945499,0.732510186370774
1.0,4,14,0.00011336388169258527,8.657752084937072e-05,VSC,VSC,plateau,plateau,0.2528937829489867,0.2528937829489867,0.0,nan,nan,nan,16226988.396894112,16226988.396894112,nan,nan,nan,nan,nan
1.0,4,28,0.00012851369672417512,9.814763830810777e-05,VSC,VSC,plateau,plateau,0.2520105269344566,0.2520105269344566,0.0,nan,nan,nan,15678003.897935688,15678003.897935688,nan,nan,nan,nan,nan
1.0,4,42,0.00014568811511317392,0.0001112639725756791,VSC,VSC,plateau,plateau,0.25096642027668253,0.25096642027668253,0.0,nan,nan,nan,15418617.419512397,15418617.419512397,nan,nan,nan,nan,nan
1.0,4,56,0.0001651577024572859,0.000126133158237339,VSC,VSC,plateau,plateau,0.24985622757319184,0.24985622757319184,0.0,nan,nan,nan,15164947.323748916,15164947.323748916,nan,nan,nan,nan,nan
1.0,4,70,0.00018722918241986797,0.00014298944427929713,VSC,VSC,plateau,plateau,0.24871536736082617,0.24871536736082617,0.0,nan,nan,nan,15006574.913057638,15006574.913057638,nan,nan,nan,nan,nan
1.0,4,84,0.00021225026885263176,0.00016209838444580349,VSC,VSC,plateau,plateau,0.2475166329933051,0.2475166329933051,0.0,nan,nan,nan,15115554.272827266,15115554.272827266,nan,nan,nan,nan,nan
1.0,4,98,0.00024061514367423875,0.0001837610207686923,VSC,VSC,plateau,plateau,0.24638314134667935,0.24638314134667935,0.0,nan,nan,nan,15065518.201089252,15065518.201089252,nan,nan,nan,nan,nan
1.0,4,112,0.00027277066680952977,0.00020831862618147669,SC,SC,plateau_recentred,plateau_recentred,0.24697421458491725,0.24697421458491725,0.0,2013889.7400312906,2013889.7400312906,0.0,14704478.199657086,14704478.199657086,8.176703713362798,1.1521864124316024,6.8184910450335146,14.995194758396313,1.7556874159729945
1.0,4,126,0.0003092234160142482,0.00023615808092815387,SC,SC,plateau_recentred,plateau_recentred,0.24676048790623015,0.24676048790623015,0.0,1570227.8901081027,1570227.8901081027,0.0,14753691.401849406,14753691.401849406,8.068545558340963,1.1501360226293025,6.818576197656364,14.887121755997327,1.6808257316680748
1.0,4,140,0.0003505476674960928,0.0002677179674708184,SC,SC,plateau_recentred,plateau_recentred,0.24659760479968446,0.24659760479968446,0.0,1235302.7447132135,1235302.7447132135,0.0,14865438.27006162,14865438.27006162,7.964337332578591,1.148887460635701,6.818595142843044,14.782932475421635,1.6550339834736412
1.0,4,154,0.0003973944430566423,0.0003034954799136069,SC,SC,plateau_recentred,plateau_recentred,0.2464236767075453,0.2464236767075453,0.0,952434.0882463458,952434.0882463458,0.0,14600985.811782327,14600985.811782327,7.851482377713838,1.1474454996634376,6.81851162202816,14.669993999741997,1.6325354257879334
1.0,4,168,0.00045050176627992045,0.00034405425679181925,SC,SC,plateau_recentred,plateau_recentred,0.24613316688320533,0.24613316688320533,0.0,759194.8889992362,759194.8889992362,0.0,14250499.472214315,14250499.472214315,7.752840920677547,1.144826735933292,6.818671424067497,14.571512344745043,1.6257183466671763
1.0,4,182,0.0005107062893487946,0.00039003326062794845,SC,SC,plateau_recentred,plateau_recentred,0.24598779195583934,0.24598779195583934,0.0,589560.46657435,589560.46657435,0.0,14507610.626207612,14507610.626207612,7.643179824390788,1.1438159130875716,6.818507598533711,14.461687422924498,1.6223876374641302
1.0,4,196,0.0005789564736542463,0.0004421568441402191,SC,SC,plateau_recentred,plateau_recentred,0.24578675816362877,0.24578675816362877,0.0,461786.7334097463,461786.7334097463,0.0,14462120.289241975,14462120.289241975,7.53730308237873,1.1421452662680487,6.818297438655539,14.355600521034269,1.6133611303095903
1.0,4,210,0.0006563275318451911,0.0005012461616869606,SC,SC,plateau_recentred,plateau_recentred,0.24550106592428847,0.24550106592428847,0.0,362161.350502485,362161.350502485,0.0,14319773.837304434,14319773.837304434,7.431796928841054,1.1396999208873304,6.8182642411807155,14.25006117002177,1.6152864878428084
1.0,4,224,0.0007440383667169925,0.0005682321057235415,SC,SC,plateau_recentred,plateau_recentred,0.24533818344718653,0.24533818344718653,0.0,280896.2436764675,280896.2436764675,0.0,14638367.189002592,14638367.189002592,7.322320520347971,1.1382209989966836,6.817384480273996,14.139705000621968,1.6184160943957442
1.0,4,238,0.000843470773792987,0.0006441699720720973,SC,SC,plateau_recentred,plateau_recentred,0.24516499891881455,0.24516499891881455,0.0,221918.22329411225,221918.22329411225,0.0,14544567.493631255,14544567.493631255,7.220451387342867,1.1370184897821167,6.816900648426748,14.037352035769615,1.6107164360206703
1.0,4,252,0.0009561912101145875,0.0007302560850392562,SC,SC,plateau_recentred,plateau_recentred,0.24500342370776892,0.24500342370776892,0.0,173653.21078499805,173653.21078499805,0.0,14497010.208566904,14497010.208566904,7.114532167328953,1.1359261270040941,6.816309719383867,13.93084188671282,1.6074978120427488
1.0,4,266,0.0010839754721896355,0.0008278466442971395,SC,SC,plateau_recentred,plateau_recentred,0.2446867449876406,0.2446867449876406,0.0,138390.34919624147,138390.34919624147,0.0,13894700.653830267,13894700.653830267,7.01623170863587,1.132981743907793,6.816033165579822,13.832264874215692,1.5892813942929538
1.0,4,280,0.001228836671870237,0.0009384790904374559,SC,SC,plateau_recentred,plateau_recentred,0.24449224505914877,0.24449224505914877,0.0,106934.41904646077,106934.41904646077,0.0,14564154.011834264,14564154.011834264,6.9050287000302095,1.1320991919843537,6.815247883352949,13.720276583383159,1.602922356247867
1.0,4,294,0.0013930569508946444,0.0010638963257936006,SC,SC,plateau_recentred,plateau_recentred,0.2443407512010976,0.2443407512010976,0.0,84812.22985176192,84812.22985176192,0.0,14046796.632016307,14046796.632016307,6.805327215362108,1.1311004287517472,6.814290335351047,13.619617550713155,1.5921985173296376
1.0,4,308,0.001579223433723298,0.0012060741721049975,SC,SC,plateau_recentred,plateau_recentred,0.24400036287397947,0.24400036287397947,0.0,66217.01982882645,66217.01982882645,0.0,14186034.344131667,14186034.344131667,6.698492652290423,1.1289212877335264,6.813636047699734,13.512128699990157,1.5968685984185078
1.0,4,322,0.0017902689850683995,0.0013672524975904996,SC,SC,plateau_recentred,plateau_recentred,0.24378945440149674,0.24378945440149674,0.0,51164.76776677976,51164.76776677976,0.0,13886239.657924453,13886239.657924453,6.587735117418164,1.127476196991177,6.812394958861871,13.400130076280035,1.5840939401755585
1.0,4,336,0.0020295184142127276,0.0015499705038079766,SC,SC,plateau_recentred,plateau_recentred,0.2436121161815556,0.2436121161815556,0.0,40150.05920914148,40150.05920914148,0.0,14134876.41520183,14134876.41520183,6.483899679374751,1.1269350231474478,6.810945579736925,13.294845259111677,1.5889673172113183
1.0,4,350,0.002300740854018324,0.0017571067282075867,SC,SC,plateau_recentred,plateau_recentred,0.24324647525131712,0.24324647525131712,0.0,31676.988773653153,31676.988773653153,0.0,14328181.22082503,14328181.22082503,6.38222098881356,1.1249780267055067,6.8096819709149345,13.191902959728495,1.5984360842126437
1.0,4,364,0.002608209139803419,0.0019919243925785525,SC,SC,plateau_recentred,plateau_recentred,0.24302869255409987,0.24302869255409987,0.0,24978.42095925998,24978.42095925998,0.0,14235791.033388361,14235791.033388361,6.280867763736323,1.1241383765272406,6.807856285768777,13.0887240495051,1.5924144633595043
1.0,4,378,0.0029567671235433135,0.002258122811809544,SC,SC,plateau_recentred,plateau_recentred,0.24262173506549808,0.24262173506549808,0.0,19787.05800255374,19787.05800255374,0.0,13962957.532002496,13962957.532002496,6.181426739630227,1.1216090240183094,6.806113556250978,12.987540295881205,1.5869087393282948
1.0,4,392,0.0033519059838602594,0.002559895672854091,SC,SC,plateau_recentred,plateau_recentred,0.24242472574913082,0.24242472574913082,0.0,15557.07733954274,15557.07733954274,0.0,13927057.695106056,13927057.695106056,6.0794109029457974,1.1209766642208694,6.8036761768412095,12.883087079787007,1.583825822989878
1.0,4,406,0.0037998507339918053,0.0029019971020292764,SC,SC,plateau_recentred,plateau_recentred,0.24193903168371594,0.24193903168371594,0.0,12308.039271330137,12308.039271330137,0.0,14044840.210986847,14044840.210986847,5.980047429542047,1.1185156453524976,6.801300512785495,12.781347942327542,1.5857908871366075
1.0,4,420,0.004307658290578997,0.003289816561468016,SC,SC,plateau_recentred,plateau_recentred,0.24170772075410915,0.24170772075410915,0.0,9785.884476614996,9785.884476614996,0.0,13889557.968269456,13889557.968269456,5.883457421542259,1.1177084046447063,6.798301732064415,12.681759153606674,1.575621867500649
1.0,4,434,0.004883328648255025,0.003729463754647366,SC,SC,plateau_recentred,plateau_recentred,0.24125271988481176,0.24125271988481176,0.0,7743.6681236272925,7743.6681236272925,0.0,14263216.435070964,14263216.435070964,5.7845787213480175,1.1161453802029033,6.795527079500788,12.580105800848806,1.593003598890518
1.0,4,448,0.005535930911470199,0.004227864878588006,SC,SC,plateau_recentred,plateau_recentred,0.24098218191991608,0.24098218191991608,0.0,6130.259809474446,6130.259809474446,0.0,13874579.824783916,13874579.824783916,5.687031446669925,1.1149725021124606,6.791606503324859,12.478637949994784,1.5819042198260354
1.0,4,462,0.006275746169065011,0.004792871739086915,SC,SC,plateau_recentred,plateau_recentred,0.2404536698169886,0.2404536698169886,0.0,4879.100001047597,4879.100001047597,0.0,13820087.25452297,13820087.25452297,5.590978780098538,1.1125399679375199,6.788520008360946,12.379498788459484,1.585523942163035
1.0,4,476,0.007114429462428795,0.005433385447978123,SC,SC,plateau_recentred,plateau_recentred,0.23995461684790007,0.23995461684790007,0.0,3912.469366570218,3912.469366570218,0.0,13794777.585930267,13794777.585930267,5.4980375859106445,1.1102260650183389,6.785572433309241,12.283610019219886,1.5869162544543352
1.0,4,490,0.008065193398893555,0.006159496651150619,SC,SC,plateau_recentred,plateau_recentred,0.23947442629050691,0.23947442629050691,0.0,3147.9289312260726,3147.9289312260726,0.0,13798490.94815836,13798490.94815836,5.406278157689271,1.1081361525980105,6.7829058303643235,12.189183988053594,1.5892661430862072
1.0,4,504,0.009143016303003959,0.00698264449647225,SC,SC,plateau_recentred,plateau_recentred,0.23900025984830098,0.23900025984830098,0.0,2527.1849567840977,2527.1849567840977,0.0,13628655.440387959,13628655.440387959,5.3128694844677495,1.1062050316289915,6.780926612317859,12.093796096785608,1.5919703498497357
1.0,4,518,0.010364878184875526,0.007915796845997927,SC,SC,plateau_recentred,plateau_recentred,0.23877021797704026,0.23877021797704026,0.0,2029.3731427415494,2029.3731427415494,0.0,14167973.408575693,14167973.408575693,5.219199964266281,1.1067014506490156,6.779321013286836,11.998520977553117,1.5990188355114066
1.0,4,532,0.011750028243087796,0.008973654571526248,SC,SC,plateau_recentred,plateau_recentred,0.23820296126548418,0.23820296126548418,0.0,1624.5953585074528,1624.5953585074528,0.0,13531840.252203818,13531840.252203818,5.122564769523286,1.1044879622490202,6.779339507635231,11.901904277158517,1.594865386732449
1.0,4,546,0.013320288116345003,0.010172883151970562,SC,SC,plateau_recentred,plateau_recentred,0.23758857987652213,0.23758857987652213,0.0,1284.3207775360806,1284.3207775360806,0.0,13654562.980651118,13654562.980651118,5.020126198826092,1.1033211121983875,6.779706378775429,11.79983257760152,1.6084369620699364
1.0,4,560,0.015100395661331367,0.011532375221129829,SC,SC,plateau_recentred,plateau_recentred,0.2369369542057716,0.2369369542057716,0.0,1024.266209279609,1024.266209279609,0.0,13674442.414631769,13674442.414631769,4.922108017974951,1.1016163877352136,6.779463896571995,11.701571914546946,1.6077814407607744
1.0,4,574,0.01711839467263121,0.013073548202032166,SC,SC,plateau_recentred,plateau_recentred,0.2361769832881708,0.2361769832881708,0.0,820.3517659736182,820.3517659736182,0.0,13873597.225141916,13873597.225141916,4.826579559130753,1.1000348933165403,6.778579627251624,11.605159186382377,1.6116153940654954
1.0,4,588,0.019406076684359785,0.01482068171678121,SC,SC,plateau_recentred,plateau_recentred,0.23536327038043545,0.23536327038043545,0.0,656.8389737614395,656.8389737614395,0.0,13339184.85275039,13339184.85275039,4.731071688485581,1.0977500232678126,6.777546294443565,11.508617982929145,1.6035613416648888
1.0,4,602,0.02199948181363931,0.016801300087453574,SC,SC,plateau_recentred,plateau_recentred,0.23490866978348757,0.23490866978348757,0.0,520.0420965774995,520.0420965774995,0.0,13747406.32221074,13747406.32221074,4.631763098401151,1.0981949252562015,6.775434471145661,11.407197569546812,1.6053464438388192
1.0,4,616,0.02493946653620638,0.019046605953965113,SC,SC,plateau_recentred,plateau_recentred,0.23408073606289354,0.23408073606289354,0.0,416.58671683176846,416.58671683176846,0.0,13681979.795235937,13681979.795235937,4.537217578584562,1.0967764964830433,6.7736469084988915,11.310864487083453,1.6084550950127559
1.0,4,630,0.028272347338879067,0.02159197184011521,SC,SC,plateau_recentred,plateau_recentred,0.23306073801452812,0.23306073801452812,0.0,332.34469940616987,332.34469940616987,0.0,13217318.094356725,13217318.094356725,4.441446338132074,1.094183344893709,6.7713014874778175,11.212747825609892,1.5971056016396425
1.0,4,644,0.03205063038897715,0.02447749741193485,SC,SC,plateau_recentred,plateau_recentred,0.23235110252230995,0.23235110252230995,0.0,264.3135133756147,264.3135133756147,0.0,13517764.925513735,13517764.925513735,4.345528774060831,1.0945633931414465,6.767749662558508,11.11327843661934,1.6059698460869045
1.0,4,658,0.036333838715903344,0.027748641207383285,SC,SC,plateau_recentred,plateau_recentred,0.23120323207575036,0.23120323207575036,0.0,209.266271568288,209.266271568288,0.0,13898454.347215312,13898454.347215312,4.247698702517254,1.093363450336071,6.764159603216371,11.011858305733625,1.6142612864266523
1.0,4,672,0.04118944993628881,0.031456936789651245,SC,SC,plateau_recentred,plateau_recentred,0.2300759457452562,0.2300759457452562,0.0,167.5407793547638,167.5407793547638,0.0,13494824.863378672,13494824.863378672,4.154997198171792,1.0919301323590354,6.760282402204783,10.915279600376575,1.6205591271926434
1.0,4,686,0.04669395929562081,0.03566080460634663,SC,SC,plateau_recentred,plateau_recentred,0.22890555373875,0.22890555373875,0.0,134.4948846748797,134.4948846748797,0.0,13139161.817183513,13139161.817183513,4.063964849030303,1.0900230966414934,6.755899986882155,10.819864835912458,1.6161991536644913
1.0,4,700,0.05293408477349404,0.04042647234458,SC,SC,plateau_recentred,plateau_recentred,0.22742341202688823,0.22742341202688823,0.0,105.9438836798862,105.9438836798862,0.0,13597036.870833691,13597036.870833691,3.965442158690529,1.0886074845296547,6.750792799566941,10.71623495825747,1.6359761731367728
1.0,4,714,0.060008133237702044,0.04582901828121483,SC,SC,plateau_recentred,plateau_recentred,0.22592423938032669,0.22592423938032669,0.0,85.21304848910043,85.21304848910043,0.0,13262430.781393863,13262430.781393863,3.8768310205599708,1.0864115127985587,6.744834150914082,10.621665171474053,1.6332817107267794
1.0,4,728,0.06802754916954634,0.051953554065211696,SC,SC,plateau_recentred,plateau_recentred,0.22444210783945176,0.22444210783945176,0.0,68.73115390362288,68.73115390362288,0.0,13322434.7441376,13322434.7441376,3.7907034313633643,1.0853184599950403,6.737609272871141,10.528312704234505,1.6395800550685606
1.0,4,742,0.07711867035896258,0.05889656556560496,SC,SC,plateau_recentred,plateau_recentred,0.22291813159300394,0.22291813159300394,0.0,55.21192188929323,55.21192188929323,0.0,13369907.297096264,13369907.297096264,3.703191704127038,1.0841084504135088,6.730000229814593,10.43319193394163,1.6527189933262048
1.0,4,756,0.08742471822866626,0.06676743290881665,SC,SC,plateau_recentred,plateau_recentred,0.22173277506111602,0.22173277506111602,0.0,44.21347667806728,44.21347667806728,0.0,13095835.050318822,13095835.050318822,3.6163303624459564,1.0847141090975656,6.720383373115237,10.336713735561194,1.65947706050611
1.0,4,770,0.09910805414286328,0.07569015365195925,SC,SC,plateau_recentred,plateau_recentred,0.21982688197142136,0.21982688197142136,0.0,35.68075429421098,35.68075429421098,0.0,12840870.992076628,12840870.992076628,3.5336110013379805,1.083468950157748,6.70998209452987,10.243593095867851,1.6685760755920995
1.0,4,784,0.11235273724638661,0.08580529623897953,SC,SC,plateau_recentred,plateau_recentred,0.2169834914880368,0.2169834914880368,0.0,28.951696641034967,28.951696641034967,0.0,12604112.057054894,12604112.057054894,3.453198690940317,1.0791952752392973,6.699634397643832,10.15283308858415,1.6887647744283387
1.0,4,798,0.127367424130429,0.0972722145143704,SC,SC,plateau_recentred,plateau_recentred,0.21560625103464368,0.21560625103464368,0.0,23.33809903210021,23.33809903210021,0.0,12515083.22023477,12515083.22023477,3.3733666055892435,1.0799207897578829,6.685857941835492,10.059224547424735,1.7003454562018971
1.0,4,812,0.14438865600617423,0.1102715581818755,SC,SC,plateau_recentred,plateau_recentred,0.21351960190614677,0.21351960190614677,0.0,19.09486831759645,19.09486831759645,0.0,12320969.784229707,12320969.784229707,3.300727614046307,1.0788975666509184,6.671348122727338,9.972075736773645,1.7129191330891
1.0,4,826,0.1636845851724229,0.12500811875792486,SC,SC,plateau_recentred,plateau_recentred,0.21031901519753704,0.21031901519753704,0.0,15.684332527892204,15.684332527892204,0.0,12142623.505953366,12142623.505953366,3.230417040171379,1.0751229485324918,6.656208070196452,9.88662511036783,1.7427373705083555
1.0,4,840,0.18555919948394317,0.14171405585492053,SC,SC,plateau_recentred,plateau_recentred,0.20865622668992534,0.20865622668992534,0.0,12.84997047411748,12.84997047411748,0.0,11979443.75426173,11979443.75426173,3.162614035427791,1.075443819106796,6.637447163389221,9.800061198817012,1.745361308567559
1.0,4,854,0.2103571113727749,0.1606525546212045,SC,SC,plateau_recentred,plateau_recentred,0.20495431592937655,0.20495431592937655,0.0,10.647733278190117,10.647733278190117,0.0,12107161.20468964,12107161.20468964,3.099817490238566,1.0708058669477645,6.6185987424910255,9.718416232729592,1.77697181228984
1.0,4,868,0.23846898686867357,0.1821219719569755,SC,SC,plateau_recentred,plateau_recentred,0.2032425005675999,0.2032425005675999,0.0,8.751987179192145,8.751987179192145,0.0,11973788.508132208,11973788.508132208,3.0381877917240874,1.0718891931757402,6.595077950110728,9.633265741834816,1.7922750363230167
1.0,4,882,0.27033770014742475,0.20646053682559679,SC,SC,plateau_recentred,plateau_recentred,0.2003493932413004,0.2003493932413004,0.0,7.308547636222459,7.308547636222459,0.0,12163575.118365387,12163575.118365387,2.9844740333335524,1.0697693496047855,6.570516117696795,9.554990151030347,1.8154855087552522
1.0,4,896,0.30646531056571247,0.23405167870894525,SC,SC,plateau_recentred,plateau_recentred,0.19634393912590184,0.19634393912590184,0.0,6.225788935198245,6.225788935198245,0.0,12052784.485658254,12052784.485658254,2.940284158098178,1.0638994495034404,6.545069304222595,9.485353462320774,1.8399059145797372
1.0,4,910,0.3474209720986756,0.26533006815123095,SC,SC,plateau_recentred,plateau_recentred,0.19438864947670903,0.19438864947670903,0.0,5.224352452696808,5.224352452696808,0.0,11162562.185455075,11162562.185455075,2.8950046625045114,1.063600929379923,6.5141868747870415,9.409191537291553,1.8335616426095813
1.0,4,924,0.3938498997853399,0.30078846455394537,SC,SC,plateau_recentred,plateau_recentred,0.1911001638962665,0.1911001638962665,0.0,4.453859451616872,4.453859451616872,0.0,11078342.054462766,11078342.054462766,2.8579150024917306,1.0600813358616514,6.481980574636451,9.339895577128182,1.846901732764157
1.0,4,938,0.44648353443920774,0.340985479102023,SC,SC,plateau_recentred,plateau_recentred,0.18853996629184339,0.18853996629184339,0.0,3.821664813519598,3.821664813519598,0.0,11006320.002924107,11006320.002924107,2.8263260172741016,1.0568947164612652,6.447085645524437,9.273411662798539,1.8633167223500768
1.0,4,952,0.5016364722968638,0.38310651938382895,SC,SC,plateau_recentred,plateau_recentred,0.18607956494690642,0.18607956494690642,0.0,3.349540897658932,3.349540897658932,0.0,10731707.532636669,10731707.532636669,2.8043512920981497,1.053992496409582,6.4117930618105055,9.216144353908655,1.8642047143475085
1.0,4,966,0.5437616319255452,0.41527807024802077,SC,SC,plateau_recentred,plateau_recentred,0.18436096678247801,0.18436096678247801,0.0,3.0627134513180247,3.0627134513180247,0.0,10949656.956302539,10949656.956302539,2.7915568553995254,1.0519048588388737,6.385708579588288,9.177265434987813,1.8778985656321343
1.0,4,980,0.5841669263524998,0.44613613693067766,SC,SC,plateau_recentred,plateau_recentred,0.18156775529484132,0.18156775529484132,0.0,2.8652069683879,2.8652069683879,0.0,10680633.291000603,10680633.291000603,2.785503988219908,1.0466614787706259,6.362811079547209,9.148315067767117,1.8839994232682675
1.0,4,994,0.6278195488721805,0.47947423174447373,SC,SC,plateau_recentred,plateau_recentred,0.18210121019331874,0.18210121019331874,0.0,2.6373683399788637,2.6373683399788637,0.0,10418219.306055008,10418219.306055008,2.7766500509627603,1.0490866474276146,6.335679806520564,9.112329857483324,1.8688954648081622
1.0,4,1008,0.674207802630171,0.5149015649209189,SC,SC,plateau_recentred,plateau_recentred,0.18068077495730672,0.18068077495730672,0.0,2.4525396351180007,2.4525396351180007,0.0,10640980.964961676,10640980.964961676,2.7716346338157716,1.047309764128054,6.309140469903701,9.080775103719473,1.8711839416448022
1.0,4,1022,0.724306160386226,0.5531623544103438,SC,SC,plateau_recentred,plateau_recentred,0.17927710643318243,0.17927710643318243,0.0,2.2892576471873465,2.2892576471873465,0.0,10381359.682992227,10381359.682992227,2.7693830118740066,1.0454157794417618,6.281470730777253,9.05085374265126,1.862855151374219
1.0,4,1036,0.771186703589626,0.5889656556560497,SC,SC,plateau_recentred,plateau_recentred,0.1783660670567003,0.1783660670567003,0.0,2.1442503728766455,2.1442503728766455,0.0,10612624.90413693,10612624.90413693,2.7667301947612684,1.0444278302159464,6.255704368554581,9.02243456331585,1.8602538368222292
1.0,4,1050,0.8233082706766917,0.6287715973176031,SC,SC,plateau_recentred,plateau_recentred,0.17607224689698753,0.17607224689698753,0.0,2.0545558011120493,2.0545558011120493,0.0,10355509.41159792,10355509.41159792,2.773489049905877,1.0392636667372288,6.23038796020259,9.003877010108466,1.8587803527517734
1.0,4,1064,0.8759398496240602,0.6689670418949843,SC,SC,plateau_recentred,plateau_recentred,0.17537576798221077,0.17537576798221077,0.0,1.9401987282486644,1.9401987282486644,0.0,10355509.41159792,10355509.41159792,2.775133720138545,1.0375388518338582,6.20387156448605,8.979005284624595,1.8459785502709376
1.0,4,1078,0.9308326223135523,0.7108893905394301,SC,SC,plateau_recentred,plateau_recentred,0.17510766355958327,0.17510766355958327,0.0,1.8428185981093212,1.8428185981093212,0.0,10104623.139171798,10104623.139171798,2.779874571076913,1.0371701887863236,6.176767084560325,8.956641655637238,1.830489217278913
1.0,4,1092,0.9887218045112784,0.7551001374179438,SC,SC,plateau_recentred,plateau_recentred,0.17465203750533514,0.17465203750533514,0.0,1.7611464878615601,1.7611464878615601,0.0,10340586.774617756,10340586.774617756,2.787724348078869,1.036330539264102,6.1492302019887095,8.936954550067579,1.820969174955765
1.0,4,1106,1.045815930351596,0.7987036890652053,SC,SC,plateau_recentred,plateau_recentred,0.1730346632927574,0.1730346632927574,0.0,1.6954815265737164,1.6954815265737164,0.0,10340586.774617756,10340586.774617756,2.796070477304983,1.0320391833267002,6.12438165394472,8.920452131249704,1.817325186457989
1.0,4,1120,1.1035742449353014,0.8428144905871184,SC,SC,plateau_recentred,plateau_recentred,0.17287039414773078,0.17287039414773078,0.0,1.6285233185446624,1.6285233185446624,0.0,10091829.800830232,10091829.800830232,2.8049711494631717,1.0319357386570172,6.097981901114125,8.902953050577297,1.7980163299491538
1.0,4,1134,1.1645224352961225,0.8893614431341795,SC,SC,plateau_recentred,plateau_recentred,0.1730585940020162,0.1730585940020162,0.0,1.5668871569525802,1.5668871569525802,0.0,9849057.016659455,9849057.016659455,2.8151507474534956,1.0321363378585175,6.0710460424513375,8.886196789904833,1.7771184305972405
1.0,4,1148,1.2288366718702428,0.9384790904374604,SC,SC,plateau_recentred,plateau_recentred,0.16959631744390177,0.16959631744390177,0.0,1.5414771239764855,1.5414771239764855,0.0,9612124.464230316,9612124.464230316,2.8319999740922355,1.0236804512984126,6.047096178990353,8.879096153082589,1.779957517166917
1.0,4,1162,1.2894736842105265,0.9847883921458354,SC,SC,plateau_recentred,plateau_recentred,0.17012936214422628,0.17012936214422628,0.0,1.4836631181276096,1.4836631181276096,0.0,9612124.464230316,9612124.464230316,2.841130307270355,1.0245154924673971,6.0213640626175575,8.862494369887912,1.7618385670076513
1.0,4,1176,1.3561125023080152,1.0356813536170912,SC,SC,plateau_recentred,plateau_recentred,0.17038598238569083,0.17038598238569083,0.0,1.4235590797975166,1.4235590797975166,0.0,10089652.307221947,10089652.307221947,2.8500841330086395,1.0245144898157192,5.994450431752766,8.844534564761405,1.7668632056752989
1.0,4,1190,1.4182440582626876,1.0831320583808584,SC,SC,plateau_recentred,plateau_recentred,0.1699801565270646,0.1699801565270646,0.0,1.2129596201936375,1.2129596201936375,0.0,9408488.572327973,9408488.572327973,2.802827615119192,1.0225914131508043,5.972177797232515,8.775005412351707,1.837521915077043
1.0,4,1204,1.4849624060150375,1.1340857577189647,SC,SC,plateau_recentred,plateau_recentred,0.16670140347064133,0.16670140347064133,0.0,1.0924882024236733,1.0924882024236733,0.0,8964405.47228018,8964405.47228018,2.775243694434651,1.0174675826547688,5.95433213041209,8.72957582484674,1.8501848368896106
1.0,4,1218,1.5526315789473681,1.18576561503274,SC,SC,plateau_recentred,plateau_recentred,0.16596096694143334,0.16596096694143334,0.0,1.0015669196636992,1.0015669196636992,0.0,8780642.4368143,8780642.4368143,2.755627069773978,1.0185301103664064,5.936211971241904,8.691839041015882,1.845876545395272
1.0,4,1232,1.6222460729620618,1.238931140215791,SC,SC,plateau_recentred,plateau_recentred,0.16415422706448443,0.16415422706448443,0.0,0.9440241469595362,0.9440241469595362,0.0,8572415.01825693,8572415.01825693,2.7449844793702467,1.015209425416009,5.921157692824808,8.666142172195055,1.8461762348299835
1.0,4,1246,1.6954887218045114,1.294867536028489,SC,SC,plateau_recentred,plateau_recentred,0.15992908934469405,0.15992908934469405,0.0,0.9132443742776827,0.9132443742776827,0.0,7993681.673132886,7993681.673132886,2.7450513104458083,1.006947306634565,5.906694764171304,8.651746074617112,1.8575573026816568
1.0,4,1260,1.763157894736842,1.3465473933422645,SC,SC,plateau_recentred,plateau_recentred,0.1603735334073812,0.1603735334073812,0.0,0.8677676998066208,0.8677676998066208,0.0,7804116.534642894,7804116.534642894,2.740751914453398,1.0072422405106585,5.888810635303404,8.629562549756802,1.851357432555079
1.0,4,1274,1.8383458646616542,1.4039694570242374,SC,SC,plateau_recentred,plateau_recentred,0.15747578228207743,0.15747578228207743,0.0,0.8445260106950729,0.8445260106950729,0.0,8022817.549023062,8022817.549023062,2.7432615826914217,0.997275702019755,5.874510516372612,8.617772099064034,1.8792323393589403
1.0,4,1288,1.9061437174542544,1.455747588877655,SC,SC,plateau_recentred,plateau_recentred,0.15916503461782944,0.15916503461782944,0.0,0.8005465501986908,0.8005465501986908,0.0,7833933.724064063,7833933.724064063,2.736799882656914,0.9984573425018156,5.857745776741952,8.594545659398866,1.869287976944091
1.0,4,1302,1.981203007518797,1.5130713780199858,SC,SC,plateau_recentred,plateau_recentred,0.1571794215255876,0.1571794215255876,0.0,0.783812528328173,0.783812528328173,0.0,7481188.1449895995,7481188.1449895995,2.739970879036107,0.9911326925193109,5.845400390895778,8.585371269931885,1.8807515344344539
1.0,4,1316,2.056390977443609,1.570493441701959,SC,SC,plateau_recentred,plateau_recentred,0.1553855750685693,0.1553855750685693,0.0,0.7642551861304484,0.7642551861304484,0.0,7305056.078738682,7305056.078738682,2.740687029378953,0.9859215692262518,5.833710434135784,8.574397463514737,1.8973054202215291
1.0,4,1330,2.1315789473684212,1.6279155053839318,SC,SC,plateau_recentred,plateau_recentred,0.15753273059720863,0.15753273059720863,0.0,0.724407411156392,0.724407411156392,0.0,6785956.450961023,6785956.450961023,2.731976995905142,0.990138476507963,5.819164957917139,8.551141953822281,1.8742387920897752
1.0,4,1344,2.2067669172932334,1.6853375690659047,SC,SC,plateau_recentred,plateau_recentred,0.15591104731432884,0.15591104731432884,0.0,0.7088329133172718,0.7088329133172718,0.0,6811883.555970786,6811883.555970786,2.732823484402668,0.9870357852407121,5.808879459632421,8.54170294403509,1.8951315820188692
1.0,4,1358,2.281954887218045,1.7427596327478774,SC,SC,plateau_recentred,plateau_recentred,0.15630181519673148,0.15630181519673148,0.0,0.6801893354986686,0.6801893354986686,0.0,6811883.555970786,6811883.555970786,2.7264729032077044,0.9872156753243421,5.797315984302824,8.523788887510529,1.8960652466537116
1.0,4,1372,2.3634197261974306,1.8049754257316994,SC,SC,plateau_recentred,plateau_recentred,0.15651235478477787,0.15651235478477787,0.0,0.6581987696626068,0.6581987696626068,0.0,6352005.662921221,6352005.662921221,2.7250380984797977,0.9886391655557853,5.784478036718852,8.50951613519865,1.8927394564378974
1.0,4,1386,2.4398496240601504,1.8633459664800205,SC,SC,plateau_recentred,plateau_recentred,0.15696422669672525,0.15696422669672525,0.0,0.6323377955891732,0.6323377955891732,0.0,6352005.662921221,6352005.662921221,2.7188401040599164,0.9889602602186052,5.7732681058757365,8.492108209935653,1.89302008025079
1.0,4,1400,2.561889013687202,1.9565490893982402,SC,SC,plateau_recentred,plateau_recentred,0.15846877098074372,0.15846877098074372,0.0,0.5947655302721732,0.5947655302721732,0.0,5923174.641823883,5923174.641823883,2.710757569626703,0.9918987696398177,5.7547472903930785,8.46550486001978,1.8775492268958762
1.0,4,1414,2.904256830572931,2.2180199949637163,SC,SC,plateau_recentred,plateau_recentred,0.15625738700437897,0.15625738700437897,0.0,0.5320814105270807,0.5320814105270807,0.0,5393257.749947822,5393257.749947822,2.70476713371435,0.9873589745777371,5.712370021455078,8.417137155169428,1.9021483661963496
1.0,4,1428,3.2923782774609203,2.5144335630096193,SC,SC,plateau_recentred,plateau_recentred,0.1539320506137368,0.1539320506137368,0.0,0.47735944963773014,0.47735944963773014,0.0,4689629.128100744,4689629.128100744,2.7003793543934416,0.9818898544463193,5.669625238775597,8.370004593169039,1.915563617514656
1.0,4,1442,3.732367815334758,2.8504594896100905,SC,SC,plateau_recentred,plateau_recentred,0.15541215880354933,0.15541215880354933,0.0,0.4142865497500296,0.4142865497500296,0.0,4373027.009920894,4373027.009920894,2.687124501487597,0.985321109959991,5.62133540125504,8.308459902742637,1.9191970778775822
1.0,4,1456,4.231157034510027,3.2313915234980297,SC,SC,plateau_recentred,plateau_recentred,0.15291166004293205,0.15291166004293205,0.0,0.3717959646034697,0.3717959646034697,0.0,3802502.2712653866,3802502.2712653866,2.6847552287086565,0.9801476496399201,5.576708512054353,8.26146374076301,1.9377060334659868
1.0,4,1470,4.796603854831481,3.663230863724089,SC,SC,plateau_recentred,plateau_recentred,0.15426917260183068,0.15426917260183068,0.0,0.32440002487336655,0.32440002487336655,0.0,3559962.0765550355,3559962.0765550355,2.6747672108965586,0.9824761860772816,5.527472736986148,8.202239947882706,1.9391042281322892
1.0,4,1484,5.437616319255451,4.152780702480207,SC,SC,plateau_recentred,plateau_recentred,0.1516182539086702,0.1516182539086702,0.0,0.2915183265486426,0.2915183265486426,0.0,3083191.2562847487,3083191.2562847487,2.674190174403856,0.9769497470179536,5.48163475688709,8.155824931290946,1.9572450622017052
1.0,4,1498,6.164292931060073,4.70775340251417,SC,SC,plateau_recentred,plateau_recentred,0.15287362663587564,0.15287362663587564,0.0,0.2543418887712618,0.2543418887712618,0.0,2680944.2814258914,2680944.2814258914,2.665313674634176,0.9791080692973996,5.431263286493037,8.096576961127212,1.9454549762108027
1.0,4,1512,6.988081745554302,5.3368919976070845,SC,SC,plateau_recentred,plateau_recentred,0.15408553032713268,0.15408553032713268,0.0,0.22126602123152006,0.22126602123152006,0.0,2509941.9514763886,2509941.9514763886,2.6561069881233204,0.9817657389486539,5.379966807434266,8.036073795557586,1.951027806342876
1.0,4,1526,7.921960722614703,6.050107930230924,SC,SC,plateau_recentred,plateau_recentred,0.15525865962343727,0.15525865962343727,0.0,0.1932736799149596,0.1932736799149596,0.0,2122617.540974374,2122617.540974374,2.649097250275876,0.9844863141578897,5.328234534431623,7.9773317847074985,1.9380319413545524
1.0,4,1540,8.980642181321814,6.858637196303613,SC,SC,plateau_recentred,plateau_recentred,0.1524029374228152,0.1524029374228152,0.0,0.17395469432906857,0.17395469432906857,0.0,1890192.753972585,1890192.753972585,2.6506066316856693,0.9776315743667875,5.280988590440289,7.931595222125958,1.9578897140473235
1.0,4,1554,10.180804577672388,7.775217356944574,SC,SC,plateau_recentred,plateau_recentred,0.1535062730366955,0.1535062730366955,0.0,0.15151748350359523,0.15151748350359523,0.0,1769628.0084751302,1769628.0084751302,2.643130707833748,0.9799884256971357,5.228491109897114,7.871621817730862,1.9636520507511952
1.0,4,1568,11.541355256790725,8.814288205871739,SC,SC,plateau_recentred,plateau_recentred,0.1545808545492089,0.1545808545492089,0.0,0.13249692671907853,0.13249692671907853,0.0,1496545.9458452351,1496545.9458452351,2.637686207819418,0.9824293199702125,5.175678666105587,7.813364873925005,1.95054964307897
1.0,4,1582,13.083728319034785,9.992219253752193,SC,SC,plateau_recentred,plateau_recentred,0.15366854192852794,0.15366854192852794,0.0,0.11737333527993263,0.11737333527993263,0.0,1301299.842241879,1301299.842241879,2.635306742620462,0.9794082893828415,5.1254217720908155,7.7607285147112774,1.949853259176083
1.0,4,1596,14.832222292576159,11.327567613292167,SC,SC,plateau_recentred,plateau_recentred,0.15468599742036934,0.15468599742036934,0.0,0.10278895947691584,0.10278895947691584,0.0,1218510.7012449675,1218510.7012449675,2.6310302790988715,0.9815207963849211,5.072075259704162,7.703105538803034,1.9561720634224995
1.0,4,1610,16.814382932144426,12.841370347785583,SC,SC,plateau_recentred,plateau_recentred,0.15363819937846543,0.15363819937846543,0.0,0.09133222962817328,0.09133222962817328,0.0,1084894.7602677464,1084894.7602677464,2.6312256715402786,0.979622718715923,5.020557457400603,7.651783128940881,1.9682280979272975
1.0,4,1624,19.061437174542544,14.55747588877655,SC,SC,plateau_recentred,plateau_recentred,0.15265641952729248,0.15265641952729248,0.0,0.08103920954525713,0.08103920954525713,0.0,917478.0503991168,917478.0503991168,2.630704188328836,0.9772524271989499,4.969150076988883,7.599854265317719,1.9666406165697061
1.0,4,1638,21.608785087464042,16.502919743986272,SC,SC,plateau_recentred,plateau_recentred,0.153617890139436,0.153617890139436,0.0,0.07096600559554797,0.07096600559554797,0.0,797779.7444571182,797779.7444571182,2.626534911366268,0.978523466430256,4.915674518822812,7.5422094301890805,1.9539406334623808
1.0,4,1652,24.496557561768185,18.70835041440287,SC,SC,plateau_recentred,plateau_recentred,0.15456409931200427,0.15456409931200427,0.0,0.061921242049754875,0.061921242049754875,0.0,747024.7242808689,747024.7242808689,2.621443640380325,0.9804437078114495,4.861555087739492,7.482998728119817,1.9601058495050534
1.0,4,1666,27.77024853309071,21.208512230426944,SC,SC,plateau_recentred,plateau_recentred,0.1514762732299813,0.1514762732299813,0.0,0.05585570793094214,0.05585570793094214,0.0,649564.5246016415,649564.5246016415,2.626483072780241,0.9738476994730358,4.81174355681743,7.438226629597671,1.979081196290142
1.0,4,1680,31.4814316928032,24.042792713668874,SC,SC,plateau_recentred,plateau_recentred,0.15239885733258393,0.15239885733258393,0.0,0.04906841746681637,0.04906841746681637,0.0,562472.522344602,562472.522344602,2.6246158618616713,0.9758145158758944,4.757345258713094,7.381961120574766,1.9702020882025248
1.0,4,1694,35.6885729793766,27.255843087528657,SC,SC,plateau_recentred,plateau_recentred,0.15331049541120478,0.15331049541120478,0.0,0.042875010538468886,0.042875010538468886,0.0,526687.8281122197,526687.8281122197,2.620011869602335,0.9768111860640679,4.703351439240039,7.3233633088423735,1.9718481996108683
1.0,4,1708,40.45795165012969,30.898281712075836,SC,SC,plateau_recentred,plateau_recentred,0.15421221829754234,0.15421221829754234,0.0,0.03753879038686167,0.03753879038686167,0.0,457973.76922233496,457973.76922233496,2.6168861045084233,0.9787131914151261,4.648753238767293,7.2656393432757165,1.9631204274726974
1.0,4,1722,45.86470444391582,35.02749152513422,SC,SC,plateau_recentred,plateau_recentred,0.15107311983364297,0.15107311983364297,0.0,0.033875975068209614,0.033875975068209614,0.0,398224.4549821355,398224.4549821355,2.6225192447029944,0.9719846749342355,4.59853162890688,7.221050873609874,1.9823820842831426
1.0,4,1736,51.99400928447669,39.70852405245033,SC,SC,plateau_recentred,plateau_recentred,0.1519613588606172,0.1519613588606172,0.0,0.029614627573754326,0.029614627573754326,0.0,362660.8257196466,362660.8257196466,2.618906499718496,0.9737907244492283,4.5437588447566775,7.162665344475173,1.9826446282917698
1.0,4,1750,58.942427172510946,45.01512422871065,SC,SC,plateau_recentred,plateau_recentred,0.15284231796975473,0.15284231796975473,0.0,0.02607376645636378,0.02607376645636378,0.0,299843.2399526426,299843.2399526426,2.617901630643475,0.9748107255212101,4.489461209617407,7.107362840260882,1.9598229160578482
1.0,4,1764,66.81942340661188,51.030892174427464,SC,SC,plateau_recentred,plateau_recentred,0.15371687389393573,0.15371687389393573,0.0,0.022796589417886273,0.022796589417886273,0.0,280767.11048301647,280767.11048301647,2.6144566865334324,0.9765433369879809,4.434572259871305,7.0490289464047375,1.965200598017195
1.0,4,1778,75.7490920983714,57.850600231313365,SC,SC,plateau_recentred,plateau_recentred,0.15054467815941855,0.15054467815941855,0.0,0.020579271273214673,0.020579271273214673,0.0,244136.97260186987,244136.97260186987,2.620480281355527,0.9697263834729074,4.384108779707514,7.004589061063041,1.9842489670644057
1.0,4,1792,85.87211114964163,65.58168600470435,SC,SC,plateau_recentred,plateau_recentred,0.15141230777140732,0.15141230777140732,0.0,0.018026221010294937,0.018026221010294937,0.0,212285.76697843504,212285.76697843504,2.6179529483242954,0.9715053053885091,4.329110812145841,6.947063760470137,1.9751673724238559
1.0,4,1806,97.34795849064635,74.34594493440731,SC,SC,plateau_recentred,plateau_recentred,0.15227478852635595,0.15227478852635595,0.0,0.01579089264927952,0.01579089264927952,0.0,183823.0172490504,183823.0172490504,2.615488078735676,0.9732654391963426,4.274077671405898,6.889565750141574,1.9659195796198632
1.0,4,1820,110.35742449353015,84.28144905871186,SC,SC,plateau_recentred,plateau_recentred,0.1531330264235257,0.1531330264235257,0.0,0.01385753459361523,0.01385753459361523,0.0,172128.13402575665,172128.13402575665,2.6132600005527267,0.9740623795953142,4.219585039919462,6.832845040472189,1.966790607127615
1.0,4,1834,125.1054601418827,95.54472219975516,SC,SC,plateau_recentred,plateau_recentred,0.15398721631609041,0.15398721631609041,0.0,0.012140452154905964,0.012140452154905964,0.0,149671.52480346846,149671.52480346846,2.610895729946739,0.9757907526430992,4.164498200855002,6.775393930801741,1.9577136582361039
1.0,4,1848,141.82440582626876,108.31320583808584,SC,SC,plateau_recentred,plateau_recentred,0.1507944879208466,0.1507944879208466,0.0,0.010962051448359163,0.010962051448359163,0.0,130144.7056507519,130144.7056507519,2.6171942482084014,0.9689034146256004,4.113856656857381,6.731050905065782,1.97638550655799
1.0,4,1862,160.7776516321715,122.78805452378606,SC,SC,plateau_recentred,plateau_recentred,0.15164625428691347,0.15164625428691347,0.0,0.009604113647720845,0.009604113647720845,0.0,113165.44300034025,113165.44300034025,2.6149064495208387,0.9706090757452738,4.058709910046701,6.673616359567539,1.9671582686481146
1.0,4,1876,182.2637867844891,139.19730486303095,SC,SC,plateau_recentred,plateau_recentred,0.15249476614019947,0.15249476614019947,0.0,0.00841470723057123,0.00841470723057123,0.0,97992.50075376547,97992.50075376547,2.612043861592179,0.9713793531474882,4.004154217798277,6.616198079390456,1.95264507024203
1.0,4,1890,206.62130361888174,157.7994680042606,SC,SC,plateau_recentred,plateau_recentred,0.15334059852391643,0.15334059852391643,0.0,0.007406812978248002,0.007406812978248002,0.0,85207.95911798182,85207.95911798182,2.611806378736913,0.9730550502987704,3.9489840691776856,6.560790447914599,1.9434574171979762
1.0,4,1904,234.23393018628633,178.88760221995517,SC,SC,plateau_recentred,plateau_recentred,0.1501343634665181,0.1501343634665181,0.0,0.006670374616120406,0.006670374616120406,0.0,79786.99961849819,79786.99961849819,2.617023502789145,0.966096475062755,3.898285791347675,6.51530929413682,1.9761406609777687
1.0,4,1918,265.536675500387,202.79392974341852,SC,SC,plateau_recentred,plateau_recentred,0.15098017143935477,0.15098017143935477,0.0,0.005844038672097932,0.005844038672097932,0.0,69377.6294037295,69377.6294037295,2.6147931573200505,0.9677579697270137,3.843078992877985,6.457872150198035,1.9672014348883322
1.0,4,1932,301.0226826648104,229.89507059417093,SC,SC,plateau_recentred,plateau_recentred,0.15182334315362986,0.15182334315362986,0.0,0.005112010750338633,0.005112010750338633,0.0,63181.8263575927,63181.8263575927,2.6118831337966517,0.9694083394070516,3.7878676937013234,6.399750827497975,1.9669663404299373
1.0,4,1946,341.25099784412686,260.6179758455719,SC,SC,plateau_recentred,plateau_recentred,0.15266432089147425,0.15266432089147425,0.0,0.0044869572391100735,0.0044869572391100735,0.0,52237.909853078156,52237.909853078156,2.609808451102078,0.970086763893809,3.733302548650227,6.343110999752305,1.9428810931804807
1.0,4,1960,386.85537747094673,295.4466538073099,SC,SC,plateau_recentred,plateau_recentred,0.153503389570055,0.153503389570055,0.0,0.003939025580573751,0.003939025580573751,0.0,48914.51616330445,48914.51616330445,2.608456224754615,0.971721054692564,3.6780916454758317,6.2865478702304465,1.9477409486682977
1.0,4,1974,438.5542724377551,334.92979508696345,SC,SC,plateau_recentred,plateau_recentred,0.15029087681576822,0.15029087681576822,0.0,0.003557422390508575,0.003557422390508575,0.0,42532.908757903424,42532.908757903424,2.614938698503069,0.9647407769026366,3.6273558047389107,6.24229450324198,1.9656722084104885
1.0,4,1988,497.16214656432567,379.6894166557646,SC,SC,plateau_recentred,plateau_recentred,0.15113138706700655,0.15113138706700655,0.0,0.0031169380106080384,0.0031169380106080384,0.0,36983.874508101326,36983.874508101326,2.612760027509878,0.9663503619584889,3.572127206686043,6.184887234195921,1.9565557055212521
1.0,4,2002,563.6023076517386,430.43066109709065,SC,SC,plateau_recentred,plateau_recentred,0.15196986229860965,0.15196986229860965,0.0,0.002726674795593178,0.002726674795593178,0.0,33681.01154918164,33681.01154918164,2.609889987230828,0.9679751930349131,3.5169024255115953,6.126792412742423,1.9561133422673236
1.0,4,2016,638.9214532632683,487.95290541492545,SC,SC,plateau_recentred,plateau_recentred,0.1528067443176966,0.1528067443176966,0.0,0.0023934042400873723,0.0023934042400873723,0.0,27847.02099475184,27847.02099475184,2.607793663803677,0.9685440803593385,3.462381461318393,6.07017512512207,1.9315657822297392
1.0,4,2030,724.3061603862267,553.1623544103444,SC,SC,plateau_recentred,plateau_recentred,0.15364212240908914,0.15364212240908914,0.0,0.0021012446632414396,0.0021012446632414396,0.0,26075.383995621283,26075.383995621283,2.6064624262227434,0.9701728099925265,3.407173266245534,6.013635692468277,1.9361589986762953
1.0,4,2044,821.1015787526972,627.0863170219279,SC,SC,plateau_recentred,plateau_recentred,0.1504265057997401,0.1504265057997401,0.0,0.0018977486241128082,0.0018977486241128082,0.0,22673.472320780438,22673.472320780438,2.6129580759624824,0.9631518900773581,3.3564396783115376,5.96939775427402,1.9535253751891992
1.0,4,2058,930.8326223135522,710.88939053943,SC,SC,plateau_recentred,plateau_recentred,0.1512641042055665,0.1512641042055665,0.0,0.001662998949102015,0.001662998949102015,0.0,19715.389317661786,19715.389317661786,2.610823821968827,0.9647105686115276,3.3012272218513763,5.912051043820203,1.9436953456237636
2.0,4,14,0.00011336388169258527,8.657752084937072e-05,VSC,VSC,plateau,plateau,0.2527779943332469,0.2527779943332469,0.0,nan,nan,nan,930620.6056581251,930620.6056581251,nan,nan,nan,nan,nan
2.0,4,28,0.00012851369672417512,9.814763830810777e-05,VSC,VSC,plateau,plateau,0.2527779563015548,0.2527779563015548,0.0,nan,nan,nan,930620.6056581251,930620.6056581251,nan,nan,nan,nan,nan
2.0,4,42,0.00014568811511317392,0.0001112639725756791,VSC,VSC,plateau,plateau,0.25248281080972734,0.25248281080972734,0.0,nan,nan,nan,930620.6056581251,930620.6056581251,nan,nan,nan,nan,nan
2.0,4,56,0.0001651577024572859,0.000126133158237339,VSC,VSC,plateau,plateau,0.25236694604505616,0.25236694604505616,0.0,nan,nan,nan,913826.0290891184,913826.0290891184,nan,nan,nan,nan,nan
2.0,4,70,0.00018722918241986797,0.00014298944427929713,VSC,VSC,plateau,plateau,0.25196189099253125,0.25196189099253125,0.0,nan,nan,nan,913826.0290891184,913826.0290891184,nan,nan,nan,nan,nan
2.0,4,84,0.00021225026885263176,0.00016209838444580349,VSC,VSC,plateau,plateau,0.2518044283003217,0.2518044283003217,0.0,nan,nan,nan,882939.4343903902,882939.4343903902,nan,nan,nan,nan,nan
2.0,4,98,0.00024061514367423875,0.0001837610207686923,VSC,VSC,plateau,plateau,0.25140233057369477,0.25140233057369477,0.0,nan,nan,nan,868345.8982097675,868345.8982097675,nan,nan,nan,nan,nan
2.0,4,112,0.00027277066680952977,0.00020831862618147669,VSC,VSC,plateau,plateau,0.2510201900479015,0.2510201900479015,0.0,nan,nan,nan,868345.8982097675,868345.8982097675,nan,nan,nan,nan,nan
2.0,4,126,0.0003092234160142482,0.00023615808092815387,VSC,VSC,plateau,plateau,0.25052831259780356,0.25052831259780356,0.0,nan,nan,nan,870701.2413264328,870701.2413264328,nan,nan,nan,nan,nan
2.0,4,140,0.0003505476674960928,0.0002677179674708184,VSC,VSC,plateau,plateau,0.2500139824537277,0.2500139824537277,0.0,nan,nan,nan,870701.2413264328,870701.2413264328,nan,nan,nan,nan,nan
2.0,4,154,0.0003973944430566423,0.0003034954799136069,VSC,VSC,plateau,plateau,0.24945617100412174,0.24945617100412174,0.0,nan,nan,nan,870799.7388958164,870799.7388958164,nan,nan,nan,nan,nan
2.0,4,168,0.00045050176627992045,0.00034405425679181925,VSC,VSC,plateau,plateau,0.24903042250001883,0.24903042250001883,0.0,nan,nan,nan,845206.7660321651,845206.7660321651,nan,nan,nan,nan,nan
2.0,4,182,0.0005107062893487946,0.00039003326062794845,VSC,VSC,plateau,plateau,0.24842781944757578,0.24842781944757578,0.0,nan,nan,nan,845206.7660321651,845206.7660321651,nan,nan,nan,nan,nan
2.0,4,196,0.0005789564736542463,0.0004421568441402191,VSC,VSC,plateau,plateau,0.2478695972644666,0.2478695972644666,0.0,nan,nan,nan,839938.3085270885,839938.3085270885,nan,nan,nan,nan,nan
2.0,4,210,0.0006563275318451911,0.0005012461616869606,VSC,VSC,plateau,plateau,0.2472547326845802,0.2472547326845802,0.0,nan,nan,nan,848582.2065993838,848582.2065993838,nan,nan,nan,nan,nan
2.0,4,224,0.0007440383667169925,0.0005682321057235415,VSC,VSC,plateau,plateau,0.24655603558508743,0.24655603558508743,0.0,nan,nan,nan,838218.0331568839,838218.0331568839,nan,nan,nan,nan,nan
2.0,4,238,0.000843470773792987,0.0006441699720720973,SC,SC,plateau_recentred,plateau_recentred,0.2474269611095182,0.2474269611095182,0.0,108263.57732070873,108263.57732070873,0.0,818727.6432717891,818727.6432717891,8.911220706409125,1.155120310140778,6.815796122962215,15.72701682937134,1.7061547100672345
2.0,4,252,0.0009561912101145875,0.0007302560850392562,SC,SC,plateau_recentred,plateau_recentred,0.24740308625855825,0.24740308625855825,0.0,89904.9306397577,89904.9306397577,0.0,831073.2815074942,831073.2815074942,8.83131658969659,1.1548743282159277,6.8150013767407795,15.646317966437369,1.6466699259430975
2.0,4,266,0.0010839754721896355,0.0008278466442971395,SC,SC,plateau_recentred,plateau_recentred,0.24729325277070657,0.24729325277070657,0.0,75882.70804914327,75882.70804914327,0.0,822505.7499985305,822505.7499985305,8.75821715964541,1.1539047840479428,6.814460117763971,15.572677277409381,1.6212024599673214
2.0,4,280,0.001228836671870237,0.0009384790904374559,SC,SC,plateau_recentred,plateau_recentred,0.24708968454827038,0.24708968454827038,0.0,62517.66535085745,62517.66535085745,0.0,829781.2508636378,829781.2508636378,8.675103222053107,1.1508984049474962,6.813433985494754,15.48853720754786,1.6218285277593893
2.0,4,294,0.0013930569508946444,0.0010638963257936006,SC,SC,plateau_recentred,plateau_recentred,0.2470449180574904,0.2470449180574904,0.0,51216.12185750251,51216.12185750251,0.0,815612.4585711315,815612.4585711315,8.58950286746083,1.1506608643204812,6.812438278766422,15.401941146227252,1.6017253688788657
2.0,4,308,0.001579223433723298,0.0012060741721049975,SC,SC,plateau_recentred,plateau_recentred,0.2469138075962632,0.2469138075962632,0.0,41666.03248683171,41666.03248683171,0.0,828320.4891307509,828320.4891307509,8.500821102859188,1.149285383484914,6.811495501397355,15.312316604256543,1.598477480199804
2.0,4,322,0.0017902689850683995,0.0013672524975904996,SC,SC,plateau_recentred,plateau_recentred,0.24677639438831922,0.24677639438831922,0.0,34170.76587511605,34170.76587511605,0.0,817319.244522581,817319.244522581,8.415776847908953,1.148014549988373,6.8104123210318,15.226189168940753,1.5947720895327282
2.0,4,336,0.0020295184142127276,0.0015499705038079766,SC,SC,plateau_recentred,plateau_recentred,0.2466246676755594,0.2466246676755594,0.0,27777.67942475494,27777.67942475494,0.0,814788.7780107071,814788.7780107071,8.326987346748547,1.1464978521857296,6.809243070888861,15.136230417637409,1.5919074416988297
2.0,4,350,0.002300740854018324,0.0017571067282075867,SC,SC,plateau_recentred,plateau_recentred,0.2464684796931994,0.2464684796931994,0.0,22393.88759436833,22393.88759436833,0.0,803238.7490554925,803238.7490554925,8.234853116018234,1.1447878274380545,6.807810834045791,15.042663950064025,1.584536142098918
2.0,4,364,0.002608209139803419,0.0019919243925785525,SC,SC,plateau_recentred,plateau_recentred,0.2463938432138147,0.2463938432138147,0.0,18037.60187619338,18037.60187619338,0.0,827117.3078077086,827117.3078077086,8.142867044060907,1.1440155898718216,6.805846209056144,14.94871325311705,1.5789479796639239
2.0,4,378,0.0029567671235433135,0.002258122811809544,SC,SC,plateau_recentred,plateau_recentred,0.24622377656077604,0.24622377656077604,0.0,14648.775994291937,14648.775994291937,0.0,822732.5941870323,822732.5941870323,8.054315589403188,1.1423429119302309,6.804020204637922,14.85833579404111,1.5733245833723264
2.0,4,392,0.0033519059838602594,0.002559895672854091,SC,SC,plateau_recentred,plateau_recentred,0.24603601158599464,0.24603601158599464,0.0,11717.072361208608,11717.072361208608,0.0,818345.7588643284,818345.7588643284,7.959524425552665,1.140276814698159,6.801829142571133,14.761353568123798,1.5685303633673489
2.0,4,406,0.0037998507339918053,0.0029019971020292764,SC,SC,plateau_recentred,plateau_recentred,0.2459865267326174,0.2459865267326174,0.0,9566.62349440072,9566.62349440072,0.0,816552.0219600459,816552.0219600459,7.87422555328726,1.139671376820618,6.799067584964738,14.673293138251998,1.5576116401169617
2.0,4,420,0.004307658290578997,0.003289816561468016,SC,SC,plateau_recentred,plateau_recentred,0.2457830338356001,0.2457830338356001,0.0,7651.886082095796,7651.886082095796,0.0,817334.3865558436,817334.3865558436,7.7799359341566685,1.137514009098599,6.79636701777979,14.576302951936459,1.5527109566471367
2.0,4,434,0.004883328648255025,0.003729463754647366,SC,SC,plateau_recentred,plateau_recentred,0.24569416781078177,0.24569416781078177,0.0,6196.390863388646,6196.390863388646,0.0,785045.7043709792,785045.7043709792,7.691615962529254,1.1360159895277662,6.793057298488889,14.484673261018143,1.5267843252284463
2.0,4,448,0.005535930911470199,0.004227864878588006,SC,SC,plateau_recentred,plateau_recentred,0.24548378768099668,0.24548378768099668,0.0,4974.342821735076,4974.342821735076,0.0,789521.9129775584,789521.9129775584,7.599306304951844,1.1338786673723007,6.789963863836276,14.38927016878812,1.5298736086742595
2.0,4,462,0.006275746169065011,0.004792871739086915,SC,SC,plateau_recentred,plateau_recentred,0.2453453510947518,0.2453453510947518,0.0,3968.521624607973,3968.521624607973,0.0,796530.343232751,796530.343232751,7.505044166379152,1.1321927331115873,6.786119040871929,14.291163207251081,1.5361594423813878
2.0,4,476,0.007114429462428795,0.005433385447978123,SC,SC,plateau_recentred,plateau_recentred,0.24529356172870856,0.24529356172870856,0.0,3152.4532921533837,3152.4532921533837,0.0,806137.9202053781,806137.9202053781,7.408459609396642,1.1315928546673983,6.78272350735547,14.191183116752113,1.5369740632579905
2.0,4,490,0.008065193398893555,0.006159496651150619,SC,SC,plateau_recentred,plateau_recentred,0.24510568630490145,0.24510568630490145,0.0,2580.7255843594903,2580.7255843594903,0.0,791630.309719828,791630.309719828,7.324363337054228,1.1292062671305898,6.77991294633715,14.104276283391378,1.526812713939021
2.0,4,504,0.009143016303003959,0.00698264449647225,SC,SC,plateau_recentred,plateau_recentred,0.24490792964563957,0.24490792964563957,0.0,2063.773461285672,2063.773461285672,0.0,807516.9817070115,807516.9817070115,7.229361898973012,1.1275559880113724,6.77783458056831,14.007196479541323,1.5336269140701682
2.0,4,518,0.010364878184875526,0.007915796845997927,SC,SC,plateau_recentred,plateau_recentred,0.24470363888213328,0.24470363888213328,0.0,1667.5782175545853,1667.5782175545853,0.0,789016.7394407676,789016.7394407676,7.137813881584906,1.125445715656422,6.7768067881292975,13.914620669714203,1.5273995126266646
2.0,4,532,0.011750028243087796,0.008973654571526248,SC,SC,plateau_recentred,plateau_recentred,0.2446615479635105,0.2446615479635105,0.0,1327.164267120609,1327.164267120609,0.0,802342.9464859397,802342.9464859397,7.039021187754465,1.1258100365413457,6.776437948491334,13.8154591362458,1.5370533172326233
2.0,4,546,0.013320288116345003,0.010172883151970562,SC,SC,plateau_recentred,plateau_recentred,0.24444384814192777,0.24444384814192777,0.0,1056.2124455122091,1056.2124455122091,0.0,786987.2191466345,786987.2191466345,6.939533847972938,1.1243462394914105,6.776751888685475,13.716285736658413,1.5367517406672817
2.0,4,560,0.015100395661331367,0.011532375221129829,SC,SC,plateau_recentred,plateau_recentred,0.2441886613620936,0.2441886613620936,0.0,842.1207630156621,842.1207630156621,0.0,784987.2504016504,784987.2504016504,6.841399841842385,1.1228448668008226,6.776508989564322,13.617908831406707,1.5401545795591327
2.0,4,574,0.01711839467263121,0.013073548202032166,SC,SC,plateau_recentred,plateau_recentred,0.24391357396437058,0.24391357396437058,0.0,674.0168399039894,674.0168399039894,0.0,791653.5782779714,791653.5782779714,6.745679619043794,1.1213592365688712,6.77552558433034,13.521205203374134,1.5423045170455183
2.0,4,588,0.019406076684359785,0.01482068171678121,SC,SC,plateau_recentred,plateau_recentred,0.2437969651775696,0.2437969651775696,0.0,538.2243596158341,538.2243596158341,0.0,782919.5583646516,782919.5583646516,6.649321515413492,1.1210870270615936,6.774176290407198,13.42349780582069,1.5315444973094603
2.0,4,602,0.02199948181363931,0.016801300087453574,SC,SC,plateau_recentred,plateau_recentred,0.24350187255128306,0.24350187255128306,0.0,427.57346546906604,427.57346546906604,0.0,775910.6248592914,775910.6248592914,6.550952254753635,1.1195493963439973,6.772592947110529,13.323545201864164,1.5316114582562166
2.0,4,616,0.02493946653620638,0.019046605953965113,SC,SC,plateau_recentred,plateau_recentred,0.243207821265811,0.243207821265811,0.0,340.4605252634463,340.4605252634463,0.0,770581.9792130814,770581.9792130814,6.453714246441297,1.1182985727981367,6.770886974518229,13.224601220959526,1.53555784857814
2.0,4,630,0.028272347338879067,0.02159197184011521,SC,SC,plateau_recentred,plateau_recentred,0.24303869065701567,0.24303869065701567,0.0,268.0187170377857,268.0187170377857,0.0,791685.4503163237,791685.4503163237,6.352546504296359,1.118174922868523,6.7681530757844355,13.120699580080794,1.5326958012411787
2.0,4,644,0.03205063038897715,0.02447749741193485,SC,SC,plateau_recentred,plateau_recentred,0.2426906221305987,0.2426906221305987,0.0,214.3073553217554,214.3073553217554,0.0,790943.5585083762,790943.5585083762,6.258190872942652,1.1166059882307666,6.765380660053728,13.02357153299638,1.5331866031798287
2.0,4,658,0.036333838715903344,0.027748641207383285,SC,SC,plateau_recentred,plateau_recentred,0.24252430311481205,0.24252430311481205,0.0,169.89480339322589,169.89480339322589,0.0,791864.5783559728,791864.5783559728,6.16087864459799,1.11649756666196,6.761835906738619,12.92271455133661,1.530468799057839
2.0,4,672,0.04118944993628881,0.031456936789651245,SC,SC,plateau_recentred,plateau_recentred,0.2421344607975558,0.2421344607975558,0.0,134.4530793933131,134.4530793933131,0.0,753951.8585336492,753951.8585336492,6.063533414569351,1.1143205921754662,6.757571794914746,12.821105209484097,1.52499253791557
2.0,4,686,0.04669395929562081,0.03566080460634663,SC,SC,plateau_recentred,plateau_recentred,0.24190954254172564,0.24190954254172564,0.0,107.41473253982478,107.41473253982478,0.0,788421.4351668514,788421.4351668514,5.9706205360342555,1.1144773769499863,6.752977771483794,12.72359830751805,1.5348544151909393
2.0,4,700,0.05293408477349404,0.04042647234458,SC,SC,plateau_recentred,plateau_recentred,0.24167777071055352,0.24167777071055352,0.0,84.76604532762036,84.76604532762036,0.0,753703.0269502803,753703.0269502803,5.873224322179523,1.113708001249236,6.747532056007204,12.620756378186726,1.5242008516825727
2.0,4,714,0.060008133237702044,0.04582901828121483,SC,SC,plateau_recentred,plateau_recentred,0.24120862992394376,0.24120862992394376,0.0,67.31996519872608,67.31996519872608,0.0,774232.658292365,774232.658292365,5.778945633977465,1.1119467846240827,6.741732704934162,12.520678338911628,1.5286644291812914
2.0,4,728,0.06802754916954634,0.051953554065211696,SC,SC,plateau_recentred,plateau_recentred,0.2407671163659352,0.2407671163659352,0.0,53.97758250429999,53.97758250429999,0.0,742345.6416467769,742345.6416467769,5.689677026999447,1.1097580781841783,6.735070859013592,12.424747886013039,1.522603320966337
2.0,4,742,0.07711867035896258,0.05889656556560496,SC,SC,plateau_recentred,plateau_recentred,0.24031931062420572,0.24031931062420572,0.0,43.16630000932582,43.16630000932582,0.0,746970.6847981365,746970.6847981365,5.600450911400395,1.1083766714866976,6.727228369505217,12.327679280905611,1.5267486662470713
2.0,4,756,0.08742471822866626,0.06676743290881665,SC,SC,plateau_recentred,plateau_recentred,0.24024978673288547,0.24024978673288547,0.0,34.249059570395346,34.249059570395346,0.0,760118.981351388,760118.981351388,5.509268304144065,1.1096083190786126,6.717914802867934,12.227183107012,1.5282100054110843
2.0,4,770,0.09910805414286328,0.07569015365195925,SC,SC,plateau_recentred,plateau_recentred,0.23973481414510525,0.23973481414510525,0.0,27.426304815045818,27.426304815045818,0.0,755583.4483254238,755583.4483254238,5.42238592867278,1.1079298022375772,6.708315825879266,12.130701754552046,1.5331226174358379
2.0,4,784,0.11235273724638661,0.08580529623897953,SC,SC,plateau_recentred,plateau_recentred,0.23915132709743417,0.23915132709743417,0.0,21.88107591525077,21.88107591525077,0.0,728790.6509118692,728790.6509118692,5.335720263136034,1.1054667178774205,6.6968828658792905,12.032603129015325,1.5274668158168685
2.0,4,798,0.127367424130429,0.0972722145143704,SC,SC,plateau_recentred,plateau_recentred,0.23877344027133757,0.23877344027133757,0.0,17.499233205623018,17.499233205623018,0.0,745264.0912163805,745264.0912163805,5.25153671319584,1.105242474889877,6.684016761787451,11.93555347498329,1.537945011371424
2.0,4,812,0.14438865600617423,0.1102715581818755,SC,SC,plateau_recentred,plateau_recentred,0.2382266502857531,0.2382266502857531,0.0,14.182716704755679,14.182716704755679,0.0,720727.8342113273,720727.8342113273,5.173920413760395,1.102970972745637,6.670373470445333,11.844293884205728,1.5339531393182682
2.0,4,826,0.1636845851724229,0.12500811875792486,SC,SC,plateau_recentred,plateau_recentred,0.23764928188143739,0.23764928188143739,0.0,11.482813391234018,11.482813391234018,0.0,709889.3483212166,709889.3483212166,5.098092306787345,1.101187789230997,6.654490456433733,11.752582763221078,1.536831143301776
2.0,4,840,0.18555919948394317,0.14171405585492053,SC,SC,plateau_recentred,plateau_recentred,0.23727523648947607,0.23727523648947607,0.0,9.378317021077759,9.378317021077759,0.0,688805.6442992573,688805.6442992573,5.028248156405389,1.1003564554594658,6.636411209089533,11.664659365494922,1.530213763252343
2.0,4,854,0.2103571113727749,0.1606525546212045,SC,SC,plateau_recentred,plateau_recentred,0.23720777823115438,0.23720777823115438,0.0,7.531022200173187,7.531022200173187,0.0,710196.3299667339,710196.3299667339,4.9532434842604784,1.1014383378427188,6.616144899686778,11.569388383947256,1.5310342997486923
2.0,4,868,0.23846898686867357,0.1821219719569755,SC,SC,plateau_recentred,plateau_recentred,0.23624238280679113,0.23624238280679113,0.0,6.217400975845261,6.217400975845261,0.0,690915.9243932368,690915.9243932368,4.891157967184893,1.0975729480799314,6.594985365948957,11.48614333313385,1.5345508835000283
2.0,4,882,0.27033770014742475,0.20646053682559679,SC,SC,plateau_recentred,plateau_recentred,0.23583523063766818,0.23583523063766818,0.0,5.095642987895617,5.095642987895617,0.0,672865.5258894815,672865.5258894815,4.829386939224531,1.096495992523357,6.5703465096470355,11.399733448871567,1.5300328314239038
2.0,4,896,0.30646531056571247,0.23405167870894525,SC,SC,plateau_recentred,plateau_recentred,0.23541998805398895,0.23541998805398895,0.0,4.2149542331027945,4.2149542331027945,0.0,655975.5461975362,655975.5461975362,4.77411619765924,1.0951022966170743,6.543211121780138,11.317327319439379,1.5218658724556633
2.0,4,910,0.3474209720986756,0.26533006815123095,SC,SC,plateau_recentred,plateau_recentred,0.2350067145700619,0.2350067145700619,0.0,3.48984077179828,3.48984077179828,0.0,640181.7927050737,640181.7927050737,4.721950324348582,1.0935963342675903,6.513389743969891,11.235340068318473,1.512508342477451
2.0,4,924,0.3938498997853399,0.30078846455394537,SC,SC,plateau_recentred,plateau_recentred,0.2346699778139216,0.2346699778139216,0.0,2.924833315329759,2.924833315329759,0.0,665633.8773090263,665633.8773090263,4.677529119916966,1.0928952652809623,6.481106457116321,11.158635577033287,1.512167703339562
2.0,4,938,0.44648353443920774,0.340985479102023,SC,SC,plateau_recentred,plateau_recentred,0.23403176751435034,0.23403176751435034,0.0,2.479118385424923,2.479118385424923,0.0,642368.0359696267,642368.0359696267,4.640530571303392,1.0896008507831942,6.446301150956565,11.086831722259957,1.5057649101422623
2.0,4,952,0.5016364722968638,0.38310651938382895,SC,SC,plateau_recentred,plateau_recentred,0.23389737996090923,0.23389737996090923,0.0,2.1289254093948253,2.1289254093948253,0.0,607362.6851670991,607362.6851670991,4.610037189769667,1.0880344924604137,6.410657711790268,11.020694901559935,1.4864395258606167
2.0,4,966,0.5437616319255452,0.41527807024802077,SC,SC,plateau_recentred,plateau_recentred,0.2334621103807383,0.2334621103807383,0.0,1.9335337888589323,1.9335337888589323,0.0,611719.9881203512,611719.9881203512,4.5941921714451714,1.0861220067261985,6.384694050523975,10.978886221969146,1.4863519903209204
2.0,4,980,0.5841669263524998,0.44613613693067766,SC,SC,plateau_recentred,plateau_recentred,0.23357303253200593,0.23357303253200593,0.0,1.7688164947699767,1.7688164947699767,0.0,594923.0733788561,594923.0733788561,4.580558499708035,1.0859436499871995,6.359658735931825,10.94021723563986,1.471579983856894
2.0,4,994,0.6278195488721805,0.47947423174447373,SC,SC,plateau_recentred,plateau_recentred,0.23297862936734942,0.23297862936734942,0.0,1.6384345536032834,1.6384345536032834,0.0,599715.9852026997,599715.9852026997,4.572025799844931,1.0829469609184625,6.334937754675582,10.906963554520512,1.4711281926083954
2.0,4,1008,0.6742078026301708,0.5149015649209187,SC,SC,plateau_recentred,plateau_recentred,0.23307066871793156,0.23307066871793156,0.0,1.5047680942654202,1.5047680942654202,0.0,621833.9000835528,621833.9000835528,4.56197674617716,1.083130746361315,6.30802728419516,10.87000403037232,1.462834199155003
2.0,4,1022,0.724306160386226,0.5531623544103438,SC,SC,plateau_recentred,plateau_recentred,0.23276284148400034,0.23276284148400034,0.0,1.3963941301281473,1.3963941301281473,0.0,604971.108680889,604971.108680889,4.556971841111122,1.0808528167308495,6.280570629555563,10.837542470666685,1.451113821825553
2.0,4,1036,0.7711867035896258,0.5889656556560495,SC,SC,plateau_recentred,plateau_recentred,0.23258705949469602,0.23258705949469602,0.0,1.3045350117341408,1.3045350117341408,0.0,610699.8906830847,610699.8906830847,4.552738934152792,1.0794060370052574,6.255251261360458,10.80799019551325,1.4432789270278783
2.0,4,1050,0.8233082706766917,0.6287715973176031,SC,SC,plateau_recentred,plateau_recentred,0.23276165828335152,0.23276165828335152,0.0,1.2165921200481185,1.2165921200481185,0.0,594243.0785085232,594243.0785085232,4.549827917775558,1.0783708132799714,6.227851537522576,10.777679455298134,1.4215942508389443
2.0,4,1064,0.8759398496240602,0.6689670418949843,SC,SC,plateau_recentred,plateau_recentred,0.23229910671855392,0.23229910671855392,0.0,1.1468289723012128,1.1468289723012128,0.0,594243.0785085232,594243.0785085232,4.550110603769986,1.0751861091057164,6.201922508327455,10.752033112097442,1.4142651311444334
2.0,4,1078,0.9308326223135523,0.7108893905394301,SC,SC,plateau_recentred,plateau_recentred,0.232237018534076,0.232237018534076,0.0,1.085321004045081,1.085321004045081,0.0,578229.7356567534,578229.7356567534,4.553027777264026,1.073521261181485,6.175064886777241,10.728092664041267,1.4006277203938318
2.0,4,1092,0.9887218045112782,0.7551001374179437,SC,SC,plateau_recentred,plateau_recentred,0.23208754100092302,0.23208754100092302,0.0,1.0282421537996387,1.0282421537996387,0.0,584318.888909462,584318.888909462,4.557182357715683,1.071788811133759,6.1474475026279665,10.70462986034365,1.3900337065667185
2.0,4,1106,1.045815930351596,0.7987036890652053,SC,SC,plateau_recentred,plateau_recentred,0.23206335738277625,0.23206335738277625,0.0,0.9772525285448694,0.9772525285448694,0.0,584318.888909462,584318.888909462,4.561493109060991,1.0705305069694382,6.121048149856757,10.682541258917748,1.3790920477626485
2.0,4,1120,1.1035742449353014,0.8428144905871184,SC,SC,plateau_recentred,plateau_recentred,0.2320809044324993,0.2320809044324993,0.0,0.9356402316196807,0.9356402316196807,0.0,568672.5494678208,568672.5494678208,4.568601995093776,1.068979206972277,6.095041348802758,10.663643343896535,1.364007866572063
2.0,4,1134,1.1645224352961225,0.8893614431341795,SC,SC,plateau_recentred,plateau_recentred,0.23171373486337954,0.23171373486337954,0.0,0.9008067370585451,0.9008067370585451,0.0,553445.1729290903,553445.1729290903,4.578031292885214,1.0655108830033775,6.069134788804176,10.64716608168939,1.348895010205151
2.0,4,1148,1.2288366718702428,0.9384790904374604,SC,SC,plateau_recentred,plateau_recentred,0.2317134398841561,0.2317134398841561,0.0,0.8598647723500119,0.8598647723500119,0.0,575164.4246375265,575164.4246375265,4.585040829240562,1.0644826716469165,6.0419237836556565,10.626964612896218,1.3413366453590456
2.0,4,1162,1.2894736842105265,0.9847883921458354,SC,SC,plateau_recentred,plateau_recentred,0.23182880072310352,0.23182880072310352,0.0,0.8277869272495022,0.8277869272495022,0.0,575164.4246375265,575164.4246375265,4.593804585864536,1.063514575469347,6.01664843381559,10.610453019680126,1.3295392468437064
2.0,4,1176,1.3561125023080152,1.0356813536170912,SC,SC,plateau_recentred,plateau_recentred,0.2318646068074701,0.2318646068074701,0.0,0.7936252463686042,0.7936252463686042,0.0,559861.2436674072,559861.2436674072,4.60228861886685,1.0624537846889417,5.989861312153264,10.592149931020113,1.3207501194062103
2.0,4,1190,1.4182440582626876,1.0831320583808584,SC,SC,plateau_recentred,plateau_recentred,0.2314548505949886,0.2314548505949886,0.0,0.6848252059107152,0.6848252059107152,0.0,557593.6333722221,557593.6333722221,4.559017906628881,1.0620860878906735,5.96909628624333,10.528114192872211,1.3741191349904758
2.0,4,1204,1.4849624060150375,1.1340857577189647,SC,SC,plateau_recentred,plateau_recentred,0.23160233576051698,0.23160233576051698,0.0,0.6006667944848785,0.6006667944848785,0.0,528502.0573511211,528502.0573511211,4.522188465681429,1.0623743521485152,5.948979614774887,10.471168080456316,1.3706457197778696
2.0,4,1218,1.5526315789473681,1.18576561503274,SC,SC,plateau_recentred,plateau_recentred,0.23112246512055282,0.23112246512055282,0.0,0.5493749223393423,0.5493749223393423,0.0,512715.7637537391,512715.7637537391,4.499830608938051,1.060162546524999,5.932572678204849,10.4324032871429,1.3694268995914065
2.0,4,1232,1.6222460729620618,1.238931140215791,SC,SC,plateau_recentred,plateau_recentred,0.231154227117028,0.231154227117028,0.0,0.5106062434467139,0.5106062434467139,0.0,499248.94716349244,499248.94716349244,4.484133629804452,1.0598878560864915,5.91648694715729,10.400620576961742,1.365459008199308
2.0,4,1246,1.6954887218045114,1.294867536028489,SC,SC,plateau_recentred,plateau_recentred,0.23067424275076825,0.23067424275076825,0.0,0.4779755994055683,0.4779755994055683,0.0,465557.61759408924,465557.61759408924,4.472266603764494,1.0569209292888158,5.899673578852374,10.371940182616868,1.3576378586836746
2.0,4,1260,1.763157894736842,1.3465473933422645,SC,SC,plateau_recentred,plateau_recentred,0.23075075632650968,0.23075075632650968,0.0,0.4540209160812067,0.4540209160812067,0.0,453329.440714115,453329.440714115,4.4659136923514104,1.0550213879102932,5.883696624397448,10.349610316748858,1.3521564839991882
2.0,4,1274,1.8383458646616542,1.4039694570242374,SC,SC,plateau_recentred,plateau_recentred,0.23001427857518345,0.23001427857518345,0.0,0.4346748847523065,0.4346748847523065,0.0,463996.85466636583,463996.85466636583,4.4629146883648305,1.0497149897165585,5.867784315400386,10.330699003765217,1.363915575751611
2.0,4,1288,1.9061437174542544,1.455747588877655,SC,SC,plateau_recentred,plateau_recentred,0.23036207718480808,0.23036207718480808,0.0,0.41614867926436283,0.41614867926436283,0.0,422736.9443705807,422736.9443705807,4.458517415555023,1.047408141923104,5.853265561208683,10.311782976763705,1.3523654726028491
2.0,4,1302,1.981203007518797,1.5130713780199858,SC,SC,plateau_recentred,plateau_recentred,0.23035026688773463,0.23035026688773463,0.0,0.399674932791481,0.399674932791481,0.0,432684.4782686778,432684.4782686778,4.455524869302145,1.0454946916611765,5.8387164974181225,10.294241366720268,1.3606419753717998
2.0,4,1316,2.056390977443609,1.570493441701959,SC,SC,plateau_recentred,plateau_recentred,0.22990573610613393,0.22990573610613393,0.0,0.38626113532357426,0.38626113532357426,0.0,421393.5198773342,421393.5198773342,4.453468936806574,1.0424266211228281,5.825946531976723,10.279415468783297,1.367629804567191
2.0,4,1330,2.1315789473684212,1.6279155053839318,SC,SC,plateau_recentred,plateau_recentred,0.23040982635270948,0.23040982635270948,0.0,0.37137764432863823,0.37137764432863823,0.0,394208.95288482524,394208.95288482524,4.449349684994818,1.043568306389747,5.813000528262453,10.262350213257271,1.360199852332383
2.0,4,1344,2.206766917293233,1.6853375690659045,SC,SC,plateau_recentred,plateau_recentred,0.23003772082682217,0.23003772082682217,0.0,0.3593618661981943,0.3593618661981943,0.0,392956.18808672985,392956.18808672985,4.445938669930392,1.041968918278057,5.802127776104495,10.248066446034887,1.3677833170856362
2.0,4,1358,2.281954887218045,1.7427596327478774,SC,SC,plateau_recentred,plateau_recentred,0.2296750857199951,0.2296750857199951,0.0,0.34892597190007635,0.34892597190007635,0.0,367606.1451547118,367606.1451547118,4.444198271399223,1.0403991231585819,5.791069481575869,10.235267752975092,1.368754364789239
2.0,4,1372,2.3634197261974306,1.8049754257316994,SC,SC,plateau_recentred,plateau_recentred,0.23019272023217419,0.23019272023217419,0.0,0.3349029002654525,0.3349029002654525,0.0,366437.92197042523,366437.92197042523,4.439176520768289,1.0424775839862392,5.778276843904015,10.217453364672304,1.3691995112237398
2.0,4,1386,2.4398496240601504,1.8633459664800205,SC,SC,plateau_recentred,plateau_recentred,0.22984407773047288,0.22984407773047288,0.0,0.32481230661243066,0.32481230661243066,0.0,366437.92197042523,366437.92197042523,4.436084577743324,1.0410089907246987,5.768082353970065,10.20416693171339,1.376556904035867
2.0,4,1400,2.561889013687202,1.9565490893982402,SC,SC,plateau_recentred,plateau_recentred,0.23020798229324793,0.23020798229324793,0.0,0.3077624780313867,0.3077624780313867,0.0,341709.21524810564,341709.21524810564,4.430541176264448,1.0424173777220684,5.750208950003556,10.180750126268004,1.3735488589637588
2.0,4,1414,2.9042568305729306,2.218019994963716,SC,SC,plateau_recentred,plateau_recentred,0.2297082293705627,0.2297082293705627,0.0,0.2726569066758791,0.2726569066758791,0.0,310334.1058022019,310334.1058022019,4.4212288439494705,1.0399521371157774,5.706922115449964,10.128150959399434,1.3846088060779391
2.0,4,1428,3.2923782774609194,2.5144335630096184,SC,SC,plateau_recentred,plateau_recentred,0.2300942393636219,0.2300942393636219,0.0,0.239390945276606,0.239390945276606,0.0,269862.20594899415,269862.20594899415,4.4110456141803445,1.0413869899663115,5.660596561563433,10.071642175743778,1.3851198327445253
2.0,4,1442,3.732367815334758,2.8504594896100905,SC,SC,plateau_recentred,plateau_recentred,0.2295473607684642,0.2295473607684642,0.0,0.2117394812082467,0.2117394812082467,0.0,251650.8174811552,251650.8174811552,4.403254265398487,1.039589404175034,5.615082035381088,10.018336300779575,1.4015045253677276
2.0,4,1456,4.231157034510027,3.2313915234980297,SC,SC,plateau_recentred,plateau_recentred,0.22989743752275368,0.22989743752275368,0.0,0.18665525287989856,0.18665525287989856,0.0,218832.0376801141,218832.0376801141,4.395970918049574,1.0403230236769432,5.567603754482377,9.963574672531951,1.3996449550487524
2.0,4,1470,4.796603854831481,3.663230863724089,SC,SC,plateau_recentred,plateau_recentred,0.22983021328788536,0.22983021328788536,0.0,0.16402828457717217,0.16402828457717217,0.0,203451.49341662633,203451.49341662633,4.387602877129254,1.040255717811451,5.519850322015634,9.907453199144888,1.4105086245781715
2.0,4,1484,5.437616319255451,4.152780702480207,SC,SC,plateau_recentred,plateau_recentred,0.2296298832534884,0.2296298832534884,0.0,0.1450921685185248,0.1450921685185248,0.0,172820.90674022696,172820.90674022696,4.382409406614059,1.0388135527878977,5.471769021135204,9.854178427749263,1.4104582982244287
2.0,4,1498,6.164292931060073,4.70775340251417,SC,SC,plateau_recentred,plateau_recentred,0.22953555748722076,0.22953555748722076,0.0,0.12786915413564595,0.12786915413564595,0.0,154309.3711580418,154309.3711580418,4.376582331807162,1.038429494225235,5.422717916605247,9.79930024841241,1.4161135423122742
2.0,4,1512,6.988081745554301,5.336891997607084,SC,SC,plateau_recentred,plateau_recentred,0.22982470681887435,0.22982470681887435,0.0,0.11199389692124471,0.11199389692124471,0.0,143463.78319693723,143463.78319693723,4.369382294992953,1.0399840422510063,5.372346517673122,9.741728812666075,1.4236969061574878
2.0,4,1526,7.921960722614703,6.050107930230924,SC,SC,plateau_recentred,plateau_recentred,0.23010421343224036,0.23010421343224036,0.0,0.09854305963978348,0.09854305963978348,0.0,121864.6306306839,121864.6306306839,4.364141199352704,1.040057071608572,5.322019299218275,9.68616049857098,1.4173935805905564
2.0,4,1540,8.980642181321814,6.858637196303613,SC,SC,plateau_recentred,plateau_recentred,0.22945703758710045,0.22945703758710045,0.0,0.08726556764101415,0.08726556764101415,0.0,113319.25317358902,113319.25317358902,4.360997485693849,1.0378122505576026,5.272379888433287,9.633377374127136,1.43225127438894
2.0,4,1554,10.180804577672388,7.775217356944574,SC,SC,plateau_recentred,plateau_recentred,0.22971767848713387,0.22971767848713387,0.0,0.07677737307076093,0.07677737307076093,0.0,94620.72194131998,94620.72194131998,4.3570160211618845,1.038257975694162,5.22075168365426,9.577767704816145,1.4255065076270492
2.0,4,1568,11.541355256790725,8.814288205871739,SC,SC,plateau_recentred,plateau_recentred,0.22997120303169388,0.22997120303169388,0.0,0.06742270670785387,0.06742270670785387,0.0,85932.8218956519,85932.8218956519,4.352078954144411,1.0387874350147617,5.169261685410253,9.521340639554664,1.4267207156346768
2.0,4,1582,13.083728319034787,9.992219253752195,SC,SC,plateau_recentred,plateau_recentred,0.22929596128933522,0.22929596128933522,0.0,0.05988473448271826,0.05988473448271826,0.0,74725.98224496539,74725.98224496539,4.351275685286185,1.035882633511906,5.118574899149798,9.469850584435983,1.4327001898248017
2.0,4,1596,14.832222292576159,11.327567613292167,SC,SC,plateau_recentred,plateau_recentred,0.2295357759456845,0.2295357759456845,0.0,0.05268407852496207,0.05268407852496207,0.0,69486.05560808428,69486.05560808428,4.348212752748245,1.0371768657274751,5.066001091761005,9.41421384450925,1.4390397823272696
2.0,4,1610,16.814382932144426,12.841370347785583,SC,SC,plateau_recentred,plateau_recentred,0.22977040024509052,0.22977040024509052,0.0,0.04631005243349407,0.04631005243349407,0.0,62032.2640251171,62032.2640251171,4.344524530857541,1.0375098137466865,5.013685197974313,9.358209728831854,1.4376646577705643
2.0,4,1624,19.061437174542544,14.55747588877655,SC,SC,plateau_recentred,plateau_recentred,0.23000051011423953,0.23000051011423953,0.0,0.040746254985933934,0.040746254985933934,0.0,52693.012648556316,52693.012648556316,4.3419830626907405,1.0379708752510064,4.960639092056724,9.302622154747464,1.432165648446556
2.0,4,1638,21.608785087464042,16.502919743986272,SC,SC,plateau_recentred,plateau_recentred,0.22929994182642816,0.22929994182642816,0.0,0.03620716376312715,0.03620716376312715,0.0,45821.10817204526,45821.10817204526,4.342320845821787,1.0349722439142541,4.90900811660242,9.251328962424207,1.4376441493313008
2.0,4,1652,24.49655756176818,18.708350414402865,SC,SC,plateau_recentred,plateau_recentred,0.22952113660177567,0.22952113660177567,0.0,0.03175188942122495,0.03175188942122495,0.0,42608.04575347397,42608.04575347397,4.338715781634444,1.0362170269694635,4.855588247915912,9.194304029550356,1.4434731127729383
2.0,4,1666,27.77024853309071,21.208512230426944,SC,SC,plateau_recentred,plateau_recentred,0.22973906511810058,0.22973906511810058,0.0,0.027992581580945003,0.027992581580945003,0.0,35577.39692765789,35577.39692765789,4.3370348705800685,1.03589857853908,4.8025425381180815,9.13957740869815,1.433315331493899
2.0,4,1680,31.4814316928032,24.042792713668874,SC,SC,plateau_recentred,plateau_recentred,0.22995418835426637,0.22995418835426637,0.0,0.02463838792797855,0.02463838792797855,0.0,33076.85023428265,33076.85023428265,4.335316955640079,1.037123843124836,4.74882978932365,9.084146744963729,1.4387214263565944
2.0,4,1694,35.6885729793766,27.255843087528657,SC,SC,plateau_recentred,plateau_recentred,0.2292376797330953,0.2292376797330953,0.0,0.02192128720620064,0.02192128720620064,0.0,28096.97365009506,28096.97365009506,4.33678851168878,1.0338294962403236,4.696611996528538,9.033400508217317,1.4406917444790925
2.0,4,1708,40.45795165012969,30.898281712075836,SC,SC,plateau_recentred,plateau_recentred,0.22944716433265785,0.22944716433265785,0.0,0.019229117377807876,0.019229117377807876,0.0,26126.760931281224,26126.760931281224,4.33382524796243,1.0350557308746149,4.6426685586056955,8.976493806568126,1.4461952899315207
2.0,4,1722,45.86470444391582,35.02749152513422,SC,SC,plateau_recentred,plateau_recentred,0.22965461196869713,0.22965461196869713,0.0,0.01692931668531188,0.01692931668531188,0.0,22719.466560054567,22719.466560054567,4.331987730462725,1.0350760092527993,4.589186154774717,8.921173885237442,1.4406740998238303
2.0,4,1736,51.99400928447668,39.70852405245032,SC,SC,plateau_recentred,plateau_recentred,0.22986033972887868,0.22986033972887868,0.0,0.014874999323975917,0.014874999323975917,0.0,20282.342058845483,20282.342058845483,4.329926124504693,1.0359008531594809,4.535065286276234,8.864991410780927,1.4407162380257272
2.0,4,1750,58.94242717251095,45.01512422871065,SC,SC,plateau_recentred,plateau_recentred,0.22965778318126812,0.22965778318126812,0.0,0.013193165298569839,0.013193165298569839,0.0,17228.739325334875,17228.739325334875,4.331155453085489,1.0344714173377068,4.481728006826054,8.812883459911543,1.437230719739465
2.0,4,1764,66.81942340661188,51.030892174427464,SC,SC,plateau_recentred,plateau_recentred,0.2293362416638964,0.2293362416638964,0.0,0.011683994942360438,0.011683994942360438,0.0,14981.871193424133,14981.871193424133,4.3318962380189285,1.0331059530069824,4.4282295784077155,8.760125816426644,1.4391499644568455
2.0,4,1778,75.7490920983714,57.850600231313365,SC,SC,plateau_recentred,plateau_recentred,0.2295372221286765,0.2295372221286765,0.0,0.010251091254857469,0.010251091254857469,0.0,13931.314163883872,13931.314163883872,4.329392521076457,1.0343325033513358,4.373912034651257,8.703304555727714,1.4443374392709702
2.0,4,1792,85.87211114964163,65.58168600470435,SC,SC,plateau_recentred,plateau_recentred,0.22973712594954954,0.22973712594954954,0.0,0.009026817272946524,0.009026817272946524,0.0,12114.476307126864,12114.476307126864,4.32793608610813,1.0343407286397213,4.320133021270241,8.64806910737837,1.4384718557148124
2.0,4,1806,97.34795849064635,74.34594493440731,SC,SC,plateau_recentred,plateau_recentred,0.22993616774619424,0.22993616774619424,0.0,0.007932660886984213,0.007932660886984213,0.0,10814.952528724123,10814.952528724123,4.3262290126306135,1.0351506124409735,4.265724332531968,8.591953345162581,1.4382849683011505
2.0,4,1820,110.35742449353015,84.28144905871186,SC,SC,plateau_recentred,plateau_recentred,0.22920259663156098,0.22920259663156098,0.0,0.007085132934222495,0.007085132934222495,0.0,9186.710163582831,9186.710163582831,4.329984402417962,1.0317486241710891,4.21289805677409,8.542882459192052,1.4397027538362042
2.0,4,1834,125.10546014188272,95.54472219975516,SC,SC,plateau_recentred,plateau_recentred,0.22939961719936383,0.22939961719936383,0.0,0.006216870834936921,0.006216870834936921,0.0,8542.52074184116,8542.52074184116,4.327689150699417,1.0330023618846138,4.158417149743693,8.48610630044311,1.444803837113844
2.0,4,1848,141.82440582626876,108.31320583808584,SC,SC,plateau_recentred,plateau_recentred,0.22959596489743234,0.22959596489743234,0.0,0.005474809618627001,0.005474809618627001,0.0,7428.456778217017,7428.456778217017,4.326372597299897,1.0330201754211887,4.104530880409009,8.430903477708906,1.4386786066874613
2.0,4,1862,160.7776516321715,122.78805452378606,SC,SC,plateau_recentred,plateau_recentred,0.22979179379203363,0.22979179379203363,0.0,0.0048161871127309,0.0048161871127309,0.0,6459.682308473421,6459.682308473421,4.325237685599352,1.033548977535889,4.05000012178474,8.375237807384092,1.4351226309134173
2.0,4,1876,182.2637867844891,139.19730486303095,SC,SC,plateau_recentred,plateau_recentred,0.22958060624824697,0.22958060624824697,0.0,0.004253322713163641,0.004253322713163641,0.0,5633.184436048233,5633.184436048233,4.3249574977648875,1.0323590797774296,3.9963052936248546,8.321262791389742,1.4344727523177483
2.0,4,1890,206.62130361888177,157.79946800426063,SC,SC,plateau_recentred,plateau_recentred,0.2292496980479105,0.2292496980479105,0.0,0.0037808231848265104,0.0037808231848265104,0.0,4898.538542838854,4898.538542838854,4.327621836224157,1.0309210635113195,3.9424989873778333,8.27012082360199,1.436000511920383
2.0,4,1904,234.2339301862863,178.88760221995514,SC,SC,plateau_recentred,plateau_recentred,0.22944390632141862,0.22944390632141862,0.0,0.0033177162104668927,0.0033177162104668927,0.0,4555.043792803088,4555.043792803088,4.325460590695401,1.0322226881082346,3.8879131001850213,8.213373690880422,1.4409679194644898
2.0,4,1918,265.536675500387,202.79392974341852,SC,SC,plateau_recentred,plateau_recentred,0.22963776203045294,0.22963776203045294,0.0,0.0029219007283706857,0.0029219007283706857,0.0,3961.002490984968,3961.002490984968,4.32421928625647,1.0322809249480986,3.8339806265474152,8.158199912803886,1.43462815971048
2.0,4,1932,301.0226826648105,229.895070594171,SC,SC,plateau_recentred,plateau_recentred,0.22983139423823729,0.22983139423823729,0.0,0.0025705253095585157,0.0025705253095585157,0.0,3444.4324681089424,3444.4324681089424,4.323179944007051,1.0328056493804318,3.7793763964263443,8.102556340433395,1.430944623756515
2.0,4,1946,341.25099784412686,260.6179758455719,SC,SC,plateau_recentred,plateau_recentred,0.22961722623231448,0.22961722623231448,0.0,0.002270236113593989,0.002270236113593989,0.0,3003.7271871588437,3003.7271871588437,4.322983022460236,1.0316305653156523,3.725622461554729,8.048605484014965,1.4301824166156076
2.0,4,1960,386.85537747094673,295.4466538073099,SC,SC,plateau_recentred,plateau_recentred,0.2292852140404691,0.2292852140404691,0.0,0.002018101178910958,0.002018101178910958,0.0,2611.9992280587467,2611.9992280587467,4.325711886582998,1.0301761217071999,3.671765505638379,7.997477392221377,1.4315370648268457
2.0,4,1974,438.55427243775506,334.92979508696345,SC,SC,plateau_recentred,plateau_recentred,0.22947791029157324,0.22947791029157324,0.0,0.001770970019766551,0.001770970019766551,0.0,2428.8409219457376,2428.8409219457376,4.323604023354925,1.0315553071270132,3.61714164197085,7.940745665325775,1.43641495836807
2.0,4,1988,497.16214656432567,379.6894166557646,SC,SC,plateau_recentred,plateau_recentred,0.229670433692964,0.229670433692964,0.0,0.0015597446790954048,0.0015597446790954048,0.0,2112.086157598263,2112.086157598263,4.322357739751776,1.03169365773162,3.563230229121018,7.885587968872794,1.429889058324968
2.0,4,2002,563.6023076517386,430.43066109709065,SC,SC,plateau_recentred,plateau_recentred,0.22986289479849706,0.22986289479849706,0.0,0.0013723278740771679,0.0013723278740771679,0.0,1836.6406366146682,1836.6406366146682,4.321384483631633,1.0322054153473126,3.5086078571008983,7.829992340732531,1.4258076266439694
2.0,4,2016,638.9214532632683,487.95290541492545,SC,SC,plateau_recentred,plateau_recentred,0.22964692470008383,0.22964692470008383,0.0,0.001211949280539119,0.001211949280539119,0.0,1601.6477211611607,1601.6477211611607,4.321174012470196,1.0311031056513966,3.454844888854945,7.77601890132514,1.4252442124748992
2.0,4,2030,724.3061603862267,553.1623544103444,SC,SC,plateau_recentred,plateau_recentred,0.22931450906418627,0.22931450906418627,0.0,0.0010773659903544409,0.0010773659903544409,0.0,1392.770498326136,1392.770498326136,4.3239136798534785,1.029653495002003,3.400984038141968,7.7248977179954466,1.426435916781999
2.0,4,2044,821.1015787526972,627.0863170219279,SC,SC,plateau_recentred,plateau_recentred,0.22950639288172975,0.22950639288172975,0.0,0.0009454521130363126,0.0009454521130363126,0.0,1295.1068074118155,1295.1068074118155,4.321808606429857,1.0311520208286171,3.3463653864958305,7.668173992925688,1.4312508523286176
2.0,4,2058,930.8326223135522,710.88939053943,SC,SC,plateau_recentred,plateau_recentred,0.22969821114995498,0.22969821114995498,0.0,0.0008327044201645679,0.0008327044201645679,0.0,1126.2067992309935,1126.2067992309935,4.320502200981935,1.0314299627590302,3.2925231251237177,7.613025326105653,1.4245576792981427
3.0,4,14,0.00011336388169258527,8.657752084937072e-05,VSC,VSC,plateau,plateau,0.25249983047888136,0.25249983047888136,0.0,nan,nan,nan,51540.622176807374,51540.622176807374,nan,nan,nan,nan,nan
3.0,4,28,0.00012851369672417512,9.814763830810777e-05,VSC,VSC,plateau,plateau,0.25249979478184015,0.25249979478184015,0.0,nan,nan,nan,51540.622176807374,51540.622176807374,nan,nan,nan,nan,nan
3.0,4,42,0.00014568811511317392,0.0001112639725756791,VSC,VSC,plateau,plateau,0.2524997544417609,0.2524997544417609,0.0,nan,nan,nan,51540.622176807374,51540.622176807374,nan,nan,nan,nan,nan
3.0,4,56,0.0001651577024572859,0.000126133158237339,VSC,VSC,plateau,plateau,0.252499701264476,0.252499701264476,0.0,nan,nan,nan,51540.622176807374,51540.622176807374,nan,nan,nan,nan,nan
3.0,4,70,0.00018722918241986797,0.00014298944427929713,VSC,VSC,plateau,plateau,0.2524996486952523,0.2524996486952523,0.0,nan,nan,nan,51540.622176807374,51540.622176807374,nan,nan,nan,nan,nan
3.0,4,84,0.00021225026885263176,0.00016209838444580349,VSC,VSC,plateau,plateau,0.25249958921777393,0.25249958921777393,0.0,nan,nan,nan,51540.622176807374,51540.622176807374,nan,nan,nan,nan,nan
3.0,4,98,0.00024061514367423875,0.0001837610207686923,VSC,VSC,plateau,plateau,0.25249952180470736,0.25249952180470736,0.0,nan,nan,nan,51540.622176807374,51540.622176807374,nan,nan,nan,nan,nan
3.0,4,112,0.00027277066680952977,0.00020831862618147669,VSC,VSC,plateau,plateau,0.2521595612632221,0.2521595612632221,0.0,nan,nan,nan,52402.548470061054,52402.548470061054,nan,nan,nan,nan,nan
3.0,4,126,0.0003092234160142482,0.00023615808092815387,VSC,VSC,plateau,plateau,0.2521134903827077,0.2521134903827077,0.0,nan,nan,nan,51457.2214925408,51457.2214925408,nan,nan,nan,nan,nan
3.0,4,140,0.0003505476674960928,0.0002677179674708184,VSC,VSC,plateau,plateau,0.25203366488673623,0.25203366488673623,0.0,nan,nan,nan,51457.2214925408,51457.2214925408,nan,nan,nan,nan,nan
3.0,4,154,0.0003973944430566423,0.0003034954799136069,VSC,VSC,plateau,plateau,0.2519837394253858,0.2519837394253858,0.0,nan,nan,nan,51457.2214925408,51457.2214925408,nan,nan,nan,nan,nan
3.0,4,168,0.00045050176627992045,0.00034405425679181925,VSC,VSC,plateau,plateau,0.2516346811927583,0.2516346811927583,0.0,nan,nan,nan,51462.82640374411,51462.82640374411,nan,nan,nan,nan,nan
3.0,4,182,0.0005107062893487946,0.00039003326062794845,VSC,VSC,plateau,plateau,0.251604720904854,0.251604720904854,0.0,nan,nan,nan,49719.55972647907,49719.55972647907,nan,nan,nan,nan,nan
3.0,4,196,0.0005789564736542463,0.0004421568441402191,VSC,VSC,plateau,plateau,0.251482419206121,0.251482419206121,0.0,nan,nan,nan,49719.55972647907,49719.55972647907,nan,nan,nan,nan,nan
3.0,4,210,0.0006563275318451911,0.0005012461616869606,VSC,VSC,plateau,plateau,0.25122287757572015,0.25122287757572015,0.0,nan,nan,nan,49719.55972647907,49719.55972647907,nan,nan,nan,nan,nan
3.0,4,224,0.0007440383667169925,0.0005682321057235415,VSC,VSC,plateau,plateau,0.25102850630968915,0.25102850630968915,0.0,nan,nan,nan,49719.55972647907,49719.55972647907,nan,nan,nan,nan,nan
3.0,4,238,0.000843470773792987,0.0006441699720720973,VSC,VSC,plateau,plateau,0.2507725873816105,0.2507725873816105,0.0,nan,nan,nan,48898.53019621561,48898.53019621561,nan,nan,nan,nan,nan
3.0,4,252,0.0009561912101145875,0.0007302560850392562,VSC,VSC,plateau,plateau,0.2504679852920963,0.2504679852920963,0.0,nan,nan,nan,49032.42887509287,49032.42887509287,nan,nan,nan,nan,nan
3.0,4,266,0.0010839754721896355,0.0008278466442971395,VSC,VSC,plateau,plateau,0.25011033498231355,0.25011033498231355,0.0,nan,nan,nan,49032.42887509287,49032.42887509287,nan,nan,nan,nan,nan
3.0,4,280,0.001228836671870237,0.0009384790904374559,VSC,VSC,plateau,plateau,0.24979743428496684,0.24979743428496684,0.0,nan,nan,nan,49032.42887509287,49032.42887509287,nan,nan,nan,nan,nan
3.0,4,294,0.0013930569508946444,0.0010638963257936006,VSC,VSC,plateau,plateau,0.2494891891281287,0.2494891891281287,0.0,nan,nan,nan,48558.360938729624,48558.360938729624,nan,nan,nan,nan,nan
3.0,4,308,0.001579223433723298,0.0012060741721049975,VSC,VSC,plateau,plateau,0.24909995781641073,0.24909995781641073,0.0,nan,nan,nan,47598.990608185035,47598.990608185035,nan,nan,nan,nan,nan
3.0,4,322,0.0017902689850683995,0.0013672524975904996,VSC,VSC,plateau,plateau,0.24868701044521516,0.24868701044521516,0.0,nan,nan,nan,47598.990608185035,47598.990608185035,nan,nan,nan,nan,nan
3.0,4,336,0.0020295184142127276,0.0015499705038079766,VSC,VSC,plateau,plateau,0.24830976770456667,0.24830976770456667,0.0,nan,nan,nan,47304.09675346411,47304.09675346411,nan,nan,nan,nan,nan
3.0,4,350,0.002300740854018324,0.0017571067282075867,VSC,VSC,plateau,plateau,0.24773499877973962,0.24773499877973962,0.0,nan,nan,nan,47304.09675346411,47304.09675346411,nan,nan,nan,nan,nan
3.0,4,364,0.002608209139803419,0.0019919243925785525,SC,SC,plateau_recentred,plateau_recentred,0.2482456757466501,0.2482456757466501,0.0,7464.957073481622,7464.957073481622,0.0,47792.00102200553,47792.00102200553,9.76330736060901,1.1640390571217065,6.803535721558676,16.566843082167686,1.7624372109367994
3.0,4,378,0.0029567671235433135,0.002258122811809544,SC,SC,plateau_recentred,plateau_recentred,0.2480068693739885,0.2480068693739885,0.0,6513.427184747312,6513.427184747312,0.0,47208.93950136713,47208.93950136713,9.705646112476,1.1602217468959448,6.801979217412288,16.50762532988829,1.6895136226252518
3.0,4,392,0.0033519059838602594,0.002559895672854091,SC,SC,plateau_recentred,plateau_recentred,0.2477377880586783,0.2477377880586783,0.0,5793.96887967888,5793.96887967888,0.0,46112.47411200105,46112.47411200105,9.656451101796085,1.1565186118321973,6.80034082388188,16.456791925677965,1.6803990296025129
3.0,4,406,0.0037998507339918053,0.0029019971020292764,SC,SC,plateau_recentred,plateau_recentred,0.24783342317808313,0.24783342317808313,0.0,4896.727973968975,4896.727973968975,0.0,46326.83954962795,46326.83954962795,9.586571601661955,1.1577258892907123,6.797150144301515,16.38372174596347,1.6104390803723916
3.0,4,420,0.004307658290578997,0.003289816561468016,SC,SC,plateau_recentred,plateau_recentred,0.24769525159053557,0.24769525159053557,0.0,4171.28207834293,4171.28207834293,0.0,46326.83954962795,46326.83954962795,9.519562880504981,1.1559901767850902,6.7945224464866705,16.314085326991652,1.5968160713409048
3.0,4,434,0.004883328648255025,0.003729463754647366,SC,SC,plateau_recentred,plateau_recentred,0.24762136187476305,0.24762136187476305,0.0,3453.5824183123555,3453.5824183123555,0.0,46738.137442482555,46738.137442482555,9.44070686823086,1.154771399048732,6.791378723960856,16.232085592191716,1.5789608313635248
3.0,4,448,0.005535930911470199,0.004227864878588006,SC,SC,plateau_recentred,plateau_recentred,0.24754068273249524,0.24754068273249524,0.0,2893.871413617191,2893.871413617191,0.0,45571.7607883069,45571.7607883069,9.367076489355103,1.1534781949091883,6.788218507868706,16.15529499722381,1.5606108882403225
3.0,4,462,0.006275746169065011,0.004792871739086915,SC,SC,plateau_recentred,plateau_recentred,0.24748936050837494,0.24748936050837494,0.0,2422.9088279269613,2422.9088279269613,0.0,45571.7607883069,45571.7607883069,9.293440180603616,1.1522323988509036,6.784712659164159,16.078152839767775,1.5489501917703645
3.0,4,476,0.007114429462428795,0.005433385447978123,SC,SC,plateau_recentred,plateau_recentred,0.24732609688560953,0.24732609688560953,0.0,1999.7130529244587,1999.7130529244587,0.0,46339.936618141204,46339.936618141204,9.213635650105994,1.148923990617486,6.781147798790055,15.99478344889605,1.5587894658594572
3.0,4,490,0.008065193398893555,0.006159496651150619,SC,SC,plateau_recentred,plateau_recentred,0.24725375946604444,0.24725375946604444,0.0,1689.7097427621272,1689.7097427621272,0.0,46149.679170156596,46149.679170156596,9.143241399377985,1.147465258351428,6.778386476287789,15.921627875665774,1.5484696235576811
3.0,4,504,0.009143016303003959,0.00698264449647225,SC,SC,plateau_recentred,plateau_recentred,0.24717281515833386,0.24717281515833386,0.0,1403.3168709947286,1403.3168709947286,0.0,45665.513263661516,45665.513263661516,9.064717263746601,1.1458480665714321,6.7762542501500835,15.840971513896685,1.540098874239818
3.0,4,518,0.010364878184875526,0.007915796845997927,SC,SC,plateau_recentred,plateau_recentred,0.24709807141566228,0.24709807141566228,0.0,1167.745867509311,1167.745867509311,0.0,45066.94597425077,45066.94597425077,8.985997216833022,1.144714078203516,6.7751668896897215,15.761164106522743,1.533166824596808
3.0,4,532,0.011750028243087796,0.008973654571526248,SC,SC,plateau_recentred,plateau_recentred,0.2470180562466898,0.2470180562466898,0.0,973.8141335210511,973.8141335210511,0.0,44900.59920095283,44900.59920095283,8.907018153697198,1.1434956751799017,6.775273687190582,15.68229184088778,1.5306248433473473
3.0,4,546,0.013320288116345003,0.010172883151970562,SC,SC,plateau_recentred,plateau_recentred,0.24691270730888004,0.24691270730888004,0.0,784.9436610920836,784.9436610920836,0.0,44616.5795676969,44616.5795676969,8.813403718470948,1.1423573594701908,6.7752505356088495,15.588654254079797,1.5347148609802488
3.0,4,560,0.015100395661331367,0.011532375221129829,SC,SC,plateau_recentred,plateau_recentred,0.2468031294327362,0.2468031294327362,0.0,641.4168196940583,641.4168196940583,0.0,44310.10476256161,44310.10476256161,8.726048714492231,1.1410589338413075,6.774907397100522,15.500956111592753,1.5271803544272404
3.0,4,574,0.01711839467263121,0.013073548202032166,SC,SC,plateau_recentred,plateau_recentred,0.24669138735811338,0.24669138735811338,0.0,516.6374670174888,516.6374670174888,0.0,46021.505202150714,46021.505202150714,8.633039109703011,1.1402420825183561,6.773962556174087,15.407001665877099,1.5441434328277017
3.0,4,588,0.019406076684359785,0.01482068171678121,SC,SC,plateau_recentred,plateau_recentred,0.24668173846863126,0.24668173846863126,0.0,425.26649400225494,425.26649400225494,0.0,44118.51262411212,44118.51262411212,8.549931778787348,1.1401307739428064,6.772545155445711,15.322476934233059,1.5218093055642323
3.0,4,602,0.02199948181363931,0.016801300087453574,SC,SC,plateau_recentred,plateau_recentred,0.24653151668636603,0.24653151668636603,0.0,340.9736325339402,340.9736325339402,0.0,44231.579116169574,44231.579116169574,8.455585055207226,1.1386804510270077,6.770951508591363,15.22653656379859,1.5233427220720674
3.0,4,616,0.02493946653620638,0.019046605953965113,SC,SC,plateau_recentred,plateau_recentred,0.24637992571534098,0.24637992571534098,0.0,272.56384781288074,272.56384781288074,0.0,44484.87613650064,44484.87613650064,8.360478078178826,1.1372293064788508,6.7688059408738965,15.129284019052722,1.522794240097631
3.0,4,630,0.028272347338879067,0.02159197184011521,SC,SC,plateau_recentred,plateau_recentred,0.24634366995956097,0.24634366995956097,0.0,216.2966002544772,216.2966002544772,0.0,45225.81684109773,45225.81684109773,8.262637308897524,1.1375927859241528,6.766228151831612,15.028865460729136,1.5258791661579802
3.0,4,644,0.03205063038897715,0.02447749741193485,SC,SC,plateau_recentred,plateau_recentred,0.24619040354346194,0.24619040354346194,0.0,174.59454144796916,174.59454144796916,0.0,43867.18850155704,43867.18850155704,8.172419432970242,1.1360187294770046,6.763426996226659,14.935846429196902,1.517824060018101
3.0,4,658,0.036333838715903344,0.027748641207383285,SC,SC,plateau_recentred,plateau_recentred,0.24603089836919742,0.24603089836919742,0.0,139.08840845500126,139.08840845500126,0.0,44607.614589354256,44607.614589354256,8.076995121591109,1.134811182957439,6.760111583534112,14.83710670512522,1.5239179421066074
3.0,4,672,0.04118944993628881,0.031456936789651245,SC,SC,plateau_recentred,plateau_recentred,0.24604911087283918,0.24604911087283918,0.0,111.28236852471515,111.28236852471515,0.0,44100.04012152506,44100.04012152506,7.984412123111663,1.1355905980782313,6.755830004926632,14.740242128038295,1.5188776997853806
3.0,4,686,0.04669395929562081,0.03566080460634663,SC,SC,plateau_recentred,plateau_recentred,0.24585318253006244,0.24585318253006244,0.0,88.22774425185077,88.22774425185077,0.0,43075.78140752664,43075.78140752664,7.8885667556689665,1.1332175315524242,6.7508541874160635,14.63942094308503,1.514487008942766
3.0,4,700,0.05293408477349404,0.04042647234458,SC,SC,plateau_recentred,plateau_recentred,0.2456662372801235,0.2456662372801235,0.0,70.42949386688711,70.42949386688711,0.0,44172.43309225704,44172.43309225704,7.795873863901897,1.1321180814236564,6.745696470964579,14.541570334866476,1.52321456878844
3.0,4,714,0.060008133237702044,0.04582901828121483,SC,SC,plateau_recentred,plateau_recentred,0.24560106817734093,0.24560106817734093,0.0,55.961684451368,55.961684451368,0.0,44238.175902875584,44238.175902875584,7.702299675754563,1.1320857372904933,6.739406870030235,14.441706545784799,1.5228070834961769
3.0,4,728,0.06802754916954634,0.051953554065211696,SC,SC,plateau_recentred,plateau_recentred,0.2454289190964384,0.2454289190964384,0.0,44.566571957754924,44.566571957754924,0.0,43582.924531256926,43582.924531256926,7.610016088488056,1.130833867222118,6.732808908599422,14.342824997087478,1.5225504087715946
3.0,4,742,0.07711867035896258,0.05889656556560496,SC,SC,plateau_recentred,plateau_recentred,0.24529308643636702,0.24529308643636702,0.0,35.788019276434305,35.788019276434305,0.0,43027.6638252988,43027.6638252988,7.522372832640247,1.129930272716512,6.725180597422458,14.247553430062705,1.5156800000066615
3.0,4,756,0.08742471822866626,0.06676743290881665,SC,SC,plateau_recentred,plateau_recentred,0.24523064009153375,0.24523064009153375,0.0,28.567399448644814,28.567399448644814,0.0,42568.79963421419,42568.79963421419,7.433889526314246,1.129742643759925,6.71579694858222,14.149686474896466,1.5178319311472086
3.0,4,770,0.09910805414286328,0.07569015365195925,SC,SC,plateau_recentred,plateau_recentred,0.24500470714069492,0.24500470714069492,0.0,22.797182014211486,22.797182014211486,0.0,42203.384513822486,42203.384513822486,7.34572517287052,1.12814752865551,6.705971761277261,14.051696934147781,1.5172248413656255
3.0,4,784,0.11235273724638661,0.08580529623897953,SC,SC,plateau_recentred,plateau_recentred,0.24501066588288492,0.24501066588288492,0.0,18.334283812694146,18.334283812694146,0.0,41929.08615399961,41929.08615399961,7.2633087945386166,1.1283984103724374,6.693770922826383,13.957079717365,1.5114376827935734
3.0,4,798,0.127367424130429,0.0972722145143704,SC,SC,plateau_recentred,plateau_recentred,0.2447868499373792,0.2447868499373792,0.0,14.649263339628419,14.649263339628419,0.0,40308.04736370985,40308.04736370985,7.178334502887649,1.12656067829893,6.681297050664602,13.859631553552251,1.5061160584312123
3.0,4,812,0.14438865600617423,0.1102715581818755,SC,SC,plateau_recentred,plateau_recentred,0.24458285202267635,0.24458285202267635,0.0,11.857718509683265,11.857718509683265,0.0,40200.57969657172,40200.57969657172,7.100269043216304,1.1252317729703976,6.66754786066876,13.767816903885064,1.5045396056242168
3.0,4,826,0.1636845851724229,0.12500811875792486,SC,SC,plateau_recentred,plateau_recentred,0.24444725173987172,0.24444725173987172,0.0,9.674664223313307,9.674664223313307,0.0,40177.703619309905,40177.703619309905,7.028141786970632,1.1243966609339016,6.65130988147604,13.679451668446672,1.5058239134887905
3.0,4,840,0.18555919948394317,0.14171405585492053,SC,SC,plateau_recentred,plateau_recentred,0.2442140050098951,0.2442140050098951,0.0,7.803399673958608,7.803399673958608,0.0,40239.27481875893,40239.27481875893,6.952573288732218,1.1225447455664657,6.633526329884404,13.586099618616622,1.50471797703748
3.0,4,854,0.2103571113727749,0.1606525546212045,SC,SC,plateau_recentred,plateau_recentred,0.2440709809273798,0.2440709809273798,0.0,6.38015367662548,6.38015367662548,0.0,40385.681839991514,40385.681839991514,6.884677625692343,1.1218810151173517,6.613969281328733,13.498646907021076,1.5041441650297018
3.0,4,868,0.23846898686867357,0.1821219719569755,SC,SC,plateau_recentred,plateau_recentred,0.2441005751731352,0.2441005751731352,0.0,5.204661151052723,5.204661151052723,0.0,38520.54800439832,38520.54800439832,6.818879813398449,1.1215442340919652,6.591328414137521,13.41020822753597,1.486682837244973
3.0,4,882,0.27033770014742475,0.20646053682559679,SC,SC,plateau_recentred,plateau_recentred,0.24396795517778386,0.24396795517778386,0.0,4.264100760038349,4.264100760038349,0.0,38803.075636492904,38803.075636492904,6.756894117459182,1.1204329192780822,6.566749108459855,13.323643225919037,1.4837406496678955
3.0,4,896,0.30646531056571247,0.23405167870894525,SC,SC,plateau_recentred,plateau_recentred,0.24374395739965773,0.24374395739965773,0.0,3.5456589606355835,3.5456589606355835,0.0,37108.336581111056,37108.336581111056,6.703445947189871,1.1177881175309112,6.540066780917994,13.243512728107865,1.4681381174244306
3.0,4,910,0.3474209720986756,0.26533006815123095,SC,SC,plateau_recentred,plateau_recentred,0.24360085648401175,0.24360085648401175,0.0,2.9232039356441906,2.9232039356441906,0.0,38159.78891377561,38159.78891377561,6.649269846648941,1.116637936934809,6.510405035538743,13.159674882187684,1.4663467813521915
3.0,4,924,0.3938498997853399,0.30078846455394537,SC,SC,plateau_recentred,plateau_recentred,0.24329563476430752,0.24329563476430752,0.0,2.465265713705509,2.465265713705509,0.0,36601.90081655156,36601.90081655156,6.607287697130359,1.1129365786913252,6.478391806030907,13.085679503161266,1.450644811450904
3.0,4,938,0.44648353443920774,0.340985479102023,SC,SC,plateau_recentred,plateau_recentred,0.24321832879965857,0.24321832879965857,0.0,2.0731540814170493,2.0731540814170493,0.0,35144.505404372176,35144.505404372176,6.567358311011423,1.1108754543865615,6.443089037480847,13.01044734849227,1.4321732381727248
3.0,4,952,0.5016364722968638,0.38310651938382895,SC,SC,plateau_recentred,plateau_recentred,0.24332184524568495,0.24332184524568495,0.0,1.7812872742056984,1.7812872742056984,0.0,35725.98136021734,35725.98136021734,6.537330794803664,1.1107998252805056,6.407218937911798,12.944549732715462,1.422931912092682
3.0,4,966,0.5437616319255452,0.41527807024802077,SC,SC,plateau_recentred,plateau_recentred,0.2430422086097202,0.2430422086097202,0.0,1.6247452537446347,1.6247452537446347,0.0,34617.88842738568,34617.88842738568,6.522995723566167,1.1072298656939574,6.381605320868665,12.904601044434832,1.4118568712853141
3.0,4,980,0.5841669263524998,0.44613613693067766,SC,SC,plateau_recentred,plateau_recentred,0.2431349175326417,0.2431349175326417,0.0,1.4891349194157555,1.4891349194157555,0.0,35488.35232811952,35488.35232811952,6.5097279215451005,1.107421427662097,6.35702189364384,12.86674981518894,1.4083286840079112
3.0,4,994,0.6278195488721807,0.4794742317444739,SC,SC,plateau_recentred,plateau_recentred,0.24299011913400198,0.24299011913400198,0.0,1.3704204884293998,1.3704204884293998,0.0,35276.99510942811,35276.99510942811,6.499246348286035,1.1050780331305392,6.331423262094412,12.830669610380447,1.3981350578579241
3.0,4,1008,0.674207802630171,0.5149015649209189,SC,SC,plateau_recentred,plateau_recentred,0.24305375925289788,0.24305375925289788,0.0,1.2599649314075616,1.2599649314075616,0.0,34194.79711979364,34194.79711979364,6.489609983058851,1.1039457538182906,6.304564241980725,12.794174225039576,1.38110096304497
3.0,4,1022,0.724306160386226,0.5531623544103438,SC,SC,plateau_recentred,plateau_recentred,0.24291592443523705,0.24291592443523705,0.0,1.1671941480401016,1.1671941480401016,0.0,33145.79789000644,33145.79789000644,6.483980955680773,1.10103658621388,6.276977913256509,12.760958868937282,1.3642751044973116
3.0,4,1036,0.771186703589626,0.5889656556560497,SC,SC,plateau_recentred,plateau_recentred,0.24294198744941847,0.24294198744941847,0.0,1.0865273882244177,1.0865273882244177,0.0,34020.90638538945,34020.90638538945,6.477674488397175,1.1002940331925495,6.252181957177881,12.729856445575056,1.3570480553913706
3.0,4,1050,0.8233082706766917,0.6287715973176031,SC,SC,plateau_recentred,plateau_recentred,0.24286235556465982,0.24286235556465982,0.0,1.015401939470272,1.015401939470272,0.0,32983.01455122178,32983.01455122178,6.475285149492975,1.0977866010801896,6.225168606569498,12.700453756062473,1.340962623040094
3.0,4,1064,0.8759398496240602,0.6689670418949843,SC,SC,plateau_recentred,plateau_recentred,0.24279097807228422,0.24279097807228422,0.0,0.9567000222537552,0.9567000222537552,0.0,33871.607511149676,33871.607511149676,6.476068511039657,1.0960954946731456,6.198523040493218,12.674591551532876,1.334379717734249
3.0,4,1078,0.9308326223135523,0.7108893905394301,SC,SC,plateau_recentred,plateau_recentred,0.24276530981995884,0.24276530981995884,0.0,0.9037728541124266,0.9037728541124266,0.0,33746.58389363829,33746.58389363829,6.478201220083966,1.094193672534156,6.171673840026379,12.649875060110345,1.3232217221072822
3.0,4,1092,0.9887218045112782,0.7551001374179437,SC,SC,plateau_recentred,plateau_recentred,0.24271457460134746,0.24271457460134746,0.0,0.8588123427814004,0.8588123427814004,0.0,31847.605220754107,31847.605220754107,6.48364632952375,1.0912223704778943,6.144067715398568,12.627714044922318,1.301981257500452
3.0,4,1106,1.045815930351596,0.7987036890652053,SC,SC,plateau_recentred,plateau_recentred,0.24258098178785675,0.24258098178785675,0.0,0.8147841383573486,0.8147841383573486,0.0,32728.516698222924,32728.516698222924,6.48679280939771,1.0889288816982325,6.118065523942346,12.604858333340056,1.2962228248022138
3.0,4,1120,1.1035742449353014,0.8428144905871184,SC,SC,plateau_recentred,plateau_recentred,0.24259457132099127,0.24259457132099127,0.0,0.7819513360747927,0.7819513360747927,0.0,31741.1625615765,31741.1625615765,6.494830590848896,1.0868259297275495,6.092164902656324,12.58699549350522,1.2803113239135082
3.0,4,1134,1.1645224352961225,0.8893614431341795,SC,SC,plateau_recentred,plateau_recentred,0.24278145718014157,0.24278145718014157,0.0,0.7425595039645473,0.7425595039645473,0.0,32636.263506636722,32636.263506636722,6.499564805867567,1.0866089943254835,6.064982222563585,12.564547028431152,1.2691407297315873
3.0,4,1148,1.2288366718702428,0.9384790904374604,SC,SC,plateau_recentred,plateau_recentred,0.24278610226402753,0.24278610226402753,0.0,0.7085046193926927,0.7085046193926927,0.0,31657.23333920659,31657.23333920659,6.5065056821583545,1.0842630736701422,6.037652771467328,12.544158453625682,1.2533124082105478
3.0,4,1162,1.2894736842105265,0.9847883921458354,SC,SC,plateau_recentred,plateau_recentred,0.24262317459715665,0.24262317459715665,0.0,0.6878982344487049,0.6878982344487049,0.0,31657.23333920659,31657.23333920659,6.5176546322874405,1.0813025810816794,6.013685329976774,12.531339962264214,1.2431548057419768
3.0,4,1176,1.3561125023080152,1.0356813536170912,SC,SC,plateau_recentred,plateau_recentred,0.24252036154740142,0.24252036154740142,0.0,0.6569939672217943,0.6569939672217943,0.0,32567.064845197885,32567.064845197885,6.524171424688903,1.0793295362242117,5.9872057244938,12.511377149182703,1.2413777638746009
3.0,4,1190,1.4182440582626876,1.0831320583808584,SC,SC,plateau_recentred,plateau_recentred,0.24269775956412312,0.24269775956412312,0.0,0.5679012855577497,0.5679012855577497,0.0,30370.13017705672,30370.13017705672,6.483158204877744,1.08206007566932,5.964930414387099,12.448088619264842,1.276495811619765
3.0,4,1204,1.4849624060150375,1.1340857577189647,SC,SC,plateau_recentred,plateau_recentred,0.24257940175658096,0.24257940175658096,0.0,0.49972132071649994,0.49972132071649994,0.0,30326.962987337072,30326.962987337072,6.446897326020683,1.0810970573105152,5.94564632055184,12.392543646572523,1.2874516838976036
3.0,4,1218,1.5526315789473681,1.18576561503274,SC,SC,plateau_recentred,plateau_recentred,0.24240642130659146,0.24240642130659146,0.0,0.45532884813638325,0.45532884813638325,0.0,29119.419779551077,29119.419779551077,6.422673312518273,1.0791222411061008,5.929467621597955,12.352140934116228,1.2844831152982255
3.0,4,1232,1.6222460729620618,1.238931140215791,SC,SC,plateau_recentred,plateau_recentred,0.2424198864388599,0.2424198864388599,0.0,0.423117958493185,0.423117958493185,0.0,28260.72528477666,28260.72528477666,6.407207946095798,1.0786425740516277,5.9130692799557805,12.320277226051578,1.2833593323696906
3.0,4,1246,1.6954887218045114,1.294867536028489,SC,SC,plateau_recentred,plateau_recentred,0.24225333389221157,0.24225333389221157,0.0,0.3936019563122792,0.3936019563122792,0.0,27969.747969708038,27969.747969708038,6.392258710970926,1.0764953224862437,5.896614304827454,12.28887301579838,1.281906024894146
3.0,4,1260,1.7631578947368425,1.3465473933422647,SC,SC,plateau_recentred,plateau_recentred,0.24228565074195205,0.24228565074195205,0.0,0.37419684522183644,0.37419684522183644,0.0,27149.707763160328,27149.707763160328,6.386554407881278,1.0744344477633616,5.880361481317075,12.266915889198353,1.2785921025495317
3.0,4,1274,1.8383458646616542,1.4039694570242374,SC,SC,plateau_recentred,plateau_recentred,0.24221605977845878,0.24221605977845878,0.0,0.3554535841121296,0.3554535841121296,0.0,26082.94271827061,26082.94271827061,6.380949138890723,1.0706128053167057,5.8636495262449975,12.24459866513572,1.277840591125264
3.0,4,1288,1.9061437174542544,1.455747588877655,SC,SC,plateau_recentred,plateau_recentred,0.24221894512593864,0.24221894512593864,0.0,0.34087465941889716,0.34087465941889716,0.0,25318.221428782035,25318.221428782035,6.37657553568575,1.067580163226494,5.8498349488118295,12.22641048449758,1.2770683366683164
3.0,4,1302,1.981203007518797,1.5130713780199858,SC,SC,plateau_recentred,plateau_recentred,0.24214578274914395,0.24214578274914395,0.0,0.32918546439505547,0.32918546439505547,0.0,24323.41905909863,24323.41905909863,6.375923031672736,1.0645508402388257,5.83533338593106,12.211256417603796,1.2796715879793497
3.0,4,1316,2.056390977443609,1.570493441701959,SC,SC,plateau_recentred,plateau_recentred,0.2421907465650958,0.2421907465650958,0.0,0.31551500436114394,0.31551500436114394,0.0,23610.28493966454,23610.28493966454,6.370592971915205,1.0632290948361178,5.822242812560372,12.192835784475577,1.2804317057808667
3.0,4,1330,2.1315789473684212,1.6279155053839318,SC,SC,plateau_recentred,plateau_recentred,0.2421679960234505,0.2421679960234505,0.0,0.30427822576875496,0.30427822576875496,0.0,22682.590730458447,22682.590730458447,6.3673734017515065,1.062696816659357,5.809713240957421,12.177086642708927,1.283236257796035
3.0,4,1344,2.206766917293233,1.6853375690659045,SC,SC,plateau_recentred,plateau_recentred,0.2422420380062762,0.2422420380062762,0.0,0.2937690763167258,0.2937690763167258,0.0,22017.563773197795,22017.563773197795,6.363745245888864,1.063109430198932,5.798076599310458,12.161821845199322,1.2838802806840908
3.0,4,1358,2.281954887218045,1.7427596327478774,SC,SC,plateau_recentred,plateau_recentred,0.24210161749421782,0.24210161749421782,0.0,0.28383358025017835,0.28383358025017835,0.0,22017.563773197795,22017.563773197795,6.360152289845724,1.0625449713573025,5.786727253009639,12.146879542855363,1.292806619892404
3.0,4,1372,2.3634197261974306,1.8049754257316994,SC,SC,plateau_recentred,plateau_recentred,0.24230254239589008,0.24230254239589008,0.0,0.27449297038603665,0.27449297038603665,0.0,20532.28564355135,20532.28564355135,6.357918488558276,1.0633313854211277,5.774428505795637,12.132346994353913,1.2863546001465842
3.0,4,1386,2.4398496240601504,1.8633459664800205,SC,SC,plateau_recentred,plateau_recentred,0.24216746099293956,0.24216746099293956,0.0,0.2651309311404396,0.2651309311404396,0.0,20532.28564355135,20532.28564355135,6.353352211847544,1.0627550123101643,5.763923952686016,12.11727616453356,1.2939164669815801
3.0,4,1400,2.561889013687202,1.9565490893982402,SC,SC,plateau_recentred,plateau_recentred,0.24230886464041576,0.24230886464041576,0.0,0.2521185803080779,0.2521185803080779,0.0,19147.202573863873,19147.202573863873,6.3490222345080705,1.063333441085711,5.746398385887306,12.095420620395377,1.2919209314930435
3.0,4,1414,2.904256830572931,2.2180199949637163,SC,SC,plateau_recentred,plateau_recentred,0.2421155952120509,0.2421155952120509,0.0,0.22178206995639538,0.22178206995639538,0.0,18400.906892315932,18400.906892315932,6.337022604746897,1.0628855831153496,5.702719595274894,12.039742200021792,1.3126283257271043
3.0,4,1428,3.2923782774609203,2.5144335630096193,SC,SC,plateau_recentred,plateau_recentred,0.24226577472350266,0.24226577472350266,0.0,0.19525922680951635,0.19525922680951635,0.0,16002.03798382419,16002.03798382419,6.327649220152681,1.063476934936606,5.656778112567904,11.984427332720585,1.3146182913376232
3.0,4,1442,3.732367815334758,2.8504594896100905,SC,SC,plateau_recentred,plateau_recentred,0.2420541733707296,0.2420541733707296,0.0,0.17241766734848507,0.17241766734848507,0.0,14333.714170061554,14333.714170061554,6.319091522297695,1.0620088483959937,5.6113060103646735,11.930397532662369,1.3239483234101481
3.0,4,1456,4.231157034510027,3.2313915234980297,SC,SC,plateau_recentred,plateau_recentred,0.24219021987759787,0.24219021987759787,0.0,0.1519769210898545,0.1519769210898545,0.0,12223.3471361466,12223.3471361466,6.3118882260188025,1.0623363617233121,5.56370518331303,11.875593409331833,1.3226252689766316
3.0,4,1470,4.796603854831481,3.663230863724089,SC,SC,plateau_recentred,plateau_recentred,0.24218589230310067,0.24218589230310067,0.0,0.13401185182513728,0.13401185182513728,0.0,11285.361357984693,11285.361357984693,6.30469032581839,1.0626649825039485,5.516268650123866,11.820958975942256,1.3329131699118413
3.0,4,1484,5.437616319255451,4.152780702480207,SC,SC,plateau_recentred,plateau_recentred,0.2420870554975984,0.2420870554975984,0.0,0.11826983730612173,0.11826983730612173,0.0,10217.299651773963,10217.299651773963,6.299027923129114,1.0621739900906335,5.467661843728005,11.76668976685712,1.3430399556632056
3.0,4,1498,6.164292931060073,4.70775340251417,SC,SC,plateau_recentred,plateau_recentred,0.24207261714631056,0.24207261714631056,0.0,0.10402647257565245,0.10402647257565245,0.0,9152.075063591272,9152.075063591272,6.292452990334407,1.0621620370680729,5.418506649418516,11.710959639752923,1.3496171705779758
3.0,4,1512,6.988081745554302,5.3368919976070845,SC,SC,plateau_recentred,plateau_recentred,0.24218425345697903,0.24218425345697903,0.0,0.09148870630766784,0.09148870630766784,0.0,7958.947548370778,7958.947548370778,6.286357541874505,1.0625741480690436,5.3688257121084,11.655183253982905,1.3485452765200232
3.0,4,1526,7.921960722614703,6.050107930230924,SC,SC,plateau_recentred,plateau_recentred,0.2420710601749871,0.2420710601749871,0.0,0.08076759014522239,0.08076759014522239,0.0,7205.702098047677,7205.702098047677,6.282475119360633,1.0620272752970128,5.31857777317969,11.601052892540324,1.3578731519375467
3.0,4,1540,8.980642181321814,6.858637196303613,SC,SC,plateau_recentred,plateau_recentred,0.24204259759389973,0.24204259759389973,0.0,0.07116845200836264,0.07116845200836264,0.0,6266.317162945426,6266.317162945426,6.278160428254164,1.0616144604009223,5.267942858763863,11.546103287018028,1.3592086542051216
3.0,4,1554,10.180804577672388,7.775217356944574,SC,SC,plateau_recentred,plateau_recentred,0.24214310426189004,0.24214310426189004,0.0,0.0625199849100501,0.0625199849100501,0.0,5613.009993064994,5613.009993064994,6.272911381307131,1.0623315352117761,5.216923250685988,11.48983463199312,1.3616557548279813
3.0,4,1568,11.541355256790725,8.814288205871739,SC,SC,plateau_recentred,plateau_recentred,0.24224087595023763,0.24224087595023763,0.0,0.05491834516972655,0.05491834516972655,0.0,5182.283164518483,5182.283164518483,6.268506260988755,1.0634578967647346,5.165026948837192,11.433533209825947,1.3703678339085454
3.0,4,1582,13.083728319034785,9.992219253752193,SC,SC,plateau_recentred,plateau_recentred,0.24198048602555888,0.24198048602555888,0.0,0.048662485540225314,0.048662485540225314,0.0,4419.290445321174,4419.290445321174,6.267249869011655,1.061287749938705,5.113760186134652,11.381010055146307,1.3709081542568093
3.0,4,1596,14.83222229257616,11.327567613292167,SC,SC,plateau_recentred,plateau_recentred,0.24207284908485197,0.24207284908485197,0.0,0.04287412233282357,0.04287412233282357,0.0,4080.880610841142,4080.880610841142,6.264751350428539,1.06237865323522,5.061259659830076,11.326011010258615,1.3791281825442163
3.0,4,1610,16.814382932144426,12.841370347785583,SC,SC,plateau_recentred,plateau_recentred,0.24216322144099894,0.24216322144099894,0.0,0.03779221620743853,0.03779221620743853,0.0,3442.4850062237915,3442.4850062237915,6.262205409265937,1.0623615956690433,5.009012718720437,11.271218127986375,1.3715375710734918
3.0,4,1624,19.061437174542544,14.55747588877655,SC,SC,plateau_recentred,plateau_recentred,0.24225187126712266,0.24225187126712266,0.0,0.03320742107843332,0.03320742107843332,0.0,3178.318248836621,3178.318248836621,6.258895535883531,1.063523094016087,4.956155380748341,11.215050916631872,1.3791509205262034
3.0,4,1638,21.608785087464042,16.502919743986272,SC,SC,plateau_recentred,plateau_recentred,0.24198165146825917,0.24198165146825917,0.0,0.02943386062899971,0.02943386062899971,0.0,2710.3712829591577,2710.3712829591577,6.258679124519182,1.0613541195554979,4.9039838720859334,11.162662996605116,1.3788775428881197
3.0,4,1652,24.496557561768185,18.70835041440287,SC,SC,plateau_recentred,plateau_recentred,0.24206675874303468,0.24206675874303468,0.0,0.02583046416712062,0.02583046416712062,0.0,2502.8229652836985,2502.8229652836985,6.254671781329944,1.062491129447996,4.851276196547215,11.10594797787716,1.384451955595483
3.0,4,1666,27.77024853309071,21.208512230426944,SC,SC,plateau_recentred,plateau_recentred,0.2421506226517609,0.2421506226517609,0.0,0.022773721084017574,0.022773721084017574,0.0,2111.291986423927,2111.291986423927,6.253371020784174,1.062571360527644,4.7978787441073045,11.051249764891478,1.3775278547623593
3.0,4,1680,31.4814316928032,24.042792713668874,SC,SC,plateau_recentred,plateau_recentred,0.24210017889452945,0.24210017889452945,0.0,0.02013303859126225,0.02013303859126225,0.0,1949.2772915326673,1949.2772915326673,6.252951038761685,1.0628691955630876,4.744774054704356,10.997725093466041,1.3862132112312868
3.0,4,1694,35.6885729793766,27.255843087528657,SC,SC,plateau_recentred,plateau_recentred,0.24195705407921414,0.24195705407921414,0.0,0.0178191337840401,0.0178191337840401,0.0,1662.2832516625374,1662.2832516625374,6.253136194801631,1.0615569801246147,4.691566161146553,10.944702355948184,1.3839034683714766
3.0,4,1708,40.45795165012969,30.898281712075836,SC,SC,plateau_recentred,plateau_recentred,0.24203759061989574,0.24203759061989574,0.0,0.01568799385144776,0.01568799385144776,0.0,1445.5765625381534,1445.5765625381534,6.251590495087824,1.0620015175117918,4.637792682828246,10.88938317791607,1.381526311102881
3.0,4,1722,45.86470444391582,35.02749152513422,SC,SC,plateau_recentred,plateau_recentred,0.24211735877955118,0.24211735877955118,0.0,0.013770323763081127,0.013770323763081127,0.0,1334.880664336967,1334.880664336967,6.248281106475762,1.0632307831827046,4.584478812350735,10.832759918826497,1.3865351621129425
3.0,4,1736,51.99400928447668,39.70852405245032,SC,SC,plateau_recentred,plateau_recentred,0.2421964852662123,0.2421964852662123,0.0,0.012160419957218171,0.012160419957218171,0.0,1126.0576111612534,1126.0576111612534,6.248241798756804,1.0633006459402576,4.530522542163946,10.77876434092075,1.3791205379942202
3.0,4,1750,58.94242717251094,45.01512422871064,SC,SC,plateau_recentred,plateau_recentred,0.24214011609755082,0.24214011609755082,0.0,0.01073699009901788,0.01073699009901788,0.0,1039.647071323378,1039.647071323378,6.247768880823349,1.0636356198107144,4.476929439275388,10.724698320098737,1.3874164082419087
3.0,4,1764,66.81942340661188,51.030892174427464,SC,SC,plateau_recentred,plateau_recentred,0.24199405995028864,0.24199405995028864,0.0,0.009504284171699604,0.009504284171699604,0.0,886.5787960531918,886.5787960531918,6.248451374776994,1.0623170926471228,4.423283805635097,10.67173518041209,1.3847682773427235
3.0,4,1778,75.7490920983714,57.850600231313365,SC,SC,plateau_recentred,plateau_recentred,0.24207128945013423,0.24207128945013423,0.0,0.008343476033321381,0.008343476033321381,0.0,818.6884893765837,818.6884893765837,6.245447871355404,1.0636576047929336,4.369714918882337,10.615162790237742,1.389563345467975
3.0,4,1792,85.87211114964163,65.58168600470435,SC,SC,plateau_recentred,plateau_recentred,0.24214813186059234,0.24214813186059234,0.0,0.007356397533730728,0.007356397533730728,0.0,711.9586214196017,711.9586214196017,6.244972095532846,1.0641400266576564,4.315508862055545,10.560480957588391,1.3867401306614544
3.0,4,1806,97.34795849064635,74.34594493440731,SC,SC,plateau_recentred,plateau_recentred,0.24209067600926515,0.24209067600926515,0.0,0.006479612127552904,0.006479612127552904,0.0,637.6203604157272,637.6203604157272,6.24367063429118,1.0641436053607651,4.261694142765909,10.505364777057089,1.3900737552108002
3.0,4,1820,110.35742449353015,84.28144905871186,SC,SC,plateau_recentred,plateau_recentred,0.2419416992235956,0.2419416992235956,0.0,0.005759908443642243,0.005759908443642243,0.0,543.7428787798189,543.7428787798189,6.246371406815478,1.0628137474250552,4.207859940822938,10.454231347638416,1.38716169112883
3.0,4,1834,125.1054601418827,95.54472219975516,SC,SC,plateau_recentred,plateau_recentred,0.24201737481464355,0.24201737481464355,0.0,0.0050721202864198525,0.0050721202864198525,0.0,472.8568135574879,472.8568135574879,6.245468990332263,1.06330571551931,4.153536321518425,10.399005311850688,1.3842751327751888
3.0,4,1848,141.82440582626876,108.31320583808584,SC,SC,plateau_recentred,plateau_recentred,0.24209281109185252,0.24209281109185252,0.0,0.004452970538939181,0.004452970538939181,0.0,436.64751752034744,436.64751752034744,6.2426577854321055,1.0648157972682788,4.099807803864221,10.342465589296326,1.3888631131667817
3.0,4,1862,160.7776516321715,122.78805452378606,SC,SC,plateau_recentred,plateau_recentred,0.24216807009246438,0.24216807009246438,0.0,0.00393294228896418,0.00393294228896418,0.0,368.340237172193,368.340237172193,6.243101554352016,1.06491787243558,4.045431786841343,10.288533341193359,1.3810065189138276
3.0,4,1876,182.2637867844891,139.19730486303095,SC,SC,plateau_recentred,plateau_recentred,0.24210853055003634,0.24210853055003634,0.0,0.0034586998472557417,0.0034586998472557417,0.0,340.07482834889373,340.07482834889373,6.241256604632847,1.0654165556991533,3.99147203755952,10.232728642192367,1.3890699812412999
3.0,4,1890,206.62130361888174,157.7994680042606,SC,SC,plateau_recentred,plateau_recentred,0.2419586863887298,0.2419586863887298,0.0,0.0030746598161343923,0.0030746598161343923,0.0,290.00527217546335,290.00527217546335,6.244102701904812,1.0641044086312694,3.9375101374964236,10.181612839401236,1.386015949213838
3.0,4,1904,234.23393018628633,178.88760221995517,SC,SC,plateau_recentred,plateau_recentred,0.2420332672180832,0.2420332672180832,0.0,0.002707640431210117,0.002707640431210117,0.0,252.1981882751076,252.1981882751076,6.242664381373752,1.0649654914320226,3.8837423765692396,10.126406757942991,1.3812127645658019
3.0,4,1918,265.536675500387,202.79392974341852,SC,SC,plateau_recentred,plateau_recentred,0.24210773976953526,0.24210773976953526,0.0,0.00237721665566451,0.00237721665566451,0.0,232.88595971572485,232.88595971572485,6.240583228597116,1.0663826906953902,3.829301303296618,10.069884531893734,1.3874888382604242
3.0,4,1932,301.0226826648105,229.895070594171,SC,SC,plateau_recentred,plateau_recentred,0.24218214927735687,0.24218214927735687,0.0,0.0020996866816891356,0.0020996866816891356,0.0,196.4542707648999,196.4542707648999,6.2411208314175415,1.0665307863119404,3.774849429562888,10.01597026098043,1.3795248409767953
3.0,4,1946,341.25099784412686,260.6179758455719,SC,SC,plateau_recentred,plateau_recentred,0.242121402163118,0.242121402163118,0.0,0.001846569996031074,0.001846569996031074,0.0,181.37891456465627,181.37891456465627,6.239353208435424,1.0671566293591477,3.720828333686332,9.960181542121756,1.3875383362524423
3.0,4,1960,386.85537747094673,295.4466538073099,SC,SC,plateau_recentred,plateau_recentred,0.24197116671431185,0.24197116671431185,0.0,0.0016415700846539464,0.0016415700846539464,0.0,154.67431606331138,154.67431606331138,6.242260337834042,1.0658843346048423,3.666814858721229,9.909075196555271,1.384389669939417
3.0,4,1974,438.5542724377551,334.92979508696345,SC,SC,plateau_recentred,plateau_recentred,0.2420451613265407,0.2420451613265407,0.0,0.0014456523362094643,0.0014456523362094643,0.0,134.5099073242261,134.5099073242261,6.24082374542623,1.0669748793521667,3.6130558844196017,9.853879629845832,1.3795112705695554
3.0,4,1988,497.16214656432567,379.6894166557646,SC,SC,plateau_recentred,plateau_recentred,0.2421191191916321,0.2421191191916321,0.0,0.001269260468042847,0.001269260468042847,0.0,124.2097299458177,124.2097299458177,6.238780295873643,1.0685366019797662,3.5585862254670912,9.797366521340734,1.385749200990023
3.0,4,2002,563.6023076517386,430.43066109709065,SC,SC,plateau_recentred,plateau_recentred,0.24205947974607278,0.24205947974607278,0.0,0.0011229903537343052,0.0011229903537343052,0.0,104.77888812273954,104.77888812273954,6.239641902480632,1.0679331226199795,3.5045498907610364,9.744191793241669,1.3793182149316274
3.0,4,2016,638.9214532632683,487.95290541492545,SC,SC,plateau_recentred,plateau_recentred,0.24213159731044223,0.24213159731044223,0.0,0.000985977065330117,0.000985977065330117,0.0,96.7384466776866,96.7384466776866,6.237598943379647,1.0695620784066062,3.4500836370860863,9.687682580465733,1.3857292866747861
3.0,4,2030,724.3061603862267,553.1623544103444,SC,SC,plateau_recentred,plateau_recentred,0.24198122727118698,0.24198122727118698,0.0,0.0008765272565601738,0.0008765272565601738,0.0,82.49554868498475,82.49554868498475,6.240515048583551,1.0683646760701473,3.396066144379591,9.636581192963142,1.3825142835241115
3.0,4,2044,821.1015787526972,627.0863170219279,SC,SC,plateau_recentred,plateau_recentred,0.24205490958179518,0.24205490958179518,0.0,0.0007719252041455277,0.0007719252041455277,0.0,71.74086099554148,71.74086099554148,6.2390235338736675,1.433560935360967,3.3423674549139504,9.581390988787618,1.6854511058557848
3.0,4,2058,930.8326223135522,710.88939053943,SC,SC,plateau_recentred,plateau_recentred,0.24212859469283513,0.24212859469283513,0.0,0.0006777455639306386,0.0006777455639306386,0.0,66.24726124342322,66.24726124342322,6.236971994636231,2.088362186460622,3.2879104564924093,9.52488245112864,2.0963782673541167
-5.0,1,14,0.00011336388169258527,0.00010632625227764493,MC,MC,tangent,tangent,0.5,0.5,0.0,0.28400832574933027,0.28400832574933027,0.0,40480.04009731213,40480.04009731213,1.1158501604597382,4.263894074115152,5.030125050052919,6.145975210512657,0.7527704108696471
-5.0,1,28,0.00012851369672417512,0.00012053556684025519,MC,MC,tangent,tangent,0.5,0.5,0.0,0.1631121899708598,0.1631121899708598,0.0,41705.4143418636,41705.4143418636,1.1553523989272603,1.9865075776997396,4.749778158608843,5.905130557536103,1.0530281613644061
-5.0,1,42,0.00014568811511317392,0.0001366437973902854,MC,MC,tangent,tangent,0.5,0.5,0.0,0.12293189026191922,0.12293189026191922,0.0,41909.1280381415,41909.1280381415,1.2693558864551342,1.4847162682098973,4.512952812012865,5.782308698467999,1.545663391438022
-5.0,1,56,0.0001651577024572859,0.00015490471281399474,MC,MC,tangent,tangent,0.5,0.5,0.0,0.10685879531387295,0.10685879531387295,0.0,39611.52131701854,39611.52131701854,1.4207381768128582,1.399356688303154,4.300716235854983,5.721454412667841,1.59040460489779
-5.0,1,70,0.00018722918241986797,0.00017560599537069446,MC,MC,tangent,tangent,0.5,0.5,0.0,0.09730232048303762,0.09730232048303762,0.0,39611.52131701854,39611.52131701854,1.5609710175238691,1.3446429121413592,4.119796318867055,5.680767336390924,1.6600554223937352
-5.0,1,84,0.00021225026885263176,0.0001990737728372878,MC,MC,tangent,tangent,0.5,0.5,0.0,0.09114737256153188,0.09114737256153202,-6.750292265873014e-16,39611.52131701854,39611.52131701854,1.700723383702382,1.3042342367397464,3.9516649092475555,5.652388292949937,1.7223442420409238
-5.0,1,98,0.00024061514367423875,0.00022567775632017926,MC,MC,tangent,tangent,0.5,0.5,0.0,0.08684444346972071,0.08684444346972071,0.0,39611.52131701854,39611.52131701854,1.837963143969444,1.2681615666776158,3.7934230312945747,5.631386175264018,1.770187588696839
-5.0,1,112,0.00027277066680952977,0.00025583706468149684,MC,MC,tangent,tangent,0.5,0.5,0.0,0.08316147879778729,0.08316147879778703,1.3500584531745999e-15,39611.52131701854,39611.52131701854,1.9732690019882504,1.2389178279595328,3.6392973403377624,5.612566342326013,1.813104116931783
-5.0,1,126,0.0003092234160142482,0.0002900268273315183,MC,MC,tangent,tangent,0.5,0.5,0.0,0.07866374850135602,0.07866374850135602,0.0,39611.52131701854,39611.52131701854,2.0884147157683053,1.219642782993659,3.500004060756841,5.588418776525146,1.9670333110234226
-5.0,1,140,0.0003505476674960928,0.00032878566941279506,MC,MC,tangent,tangent,0.5,0.5,0.0,0.07663887635413134,0.07663887635413134,0.0,39846.84939552639,39846.84939552639,2.2069668638909055,1.1979292666816772,3.3701264036565326,5.577093267547438,1.9933992314984297
-5.0,1,154,0.0003973944430566423,0.0003727241972955342,FC,FC,plateau_recentred,plateau_recentred,0.5369636740575087,0.5369636740575087,0.0,0.06699412671050288,0.06699412671050288,0.0,39846.84939552639,39846.84939552639,2.343499885178285,1.3156269577233741,3.1751809840160767,5.518680869194362,1.8489055084278185
-5.0,1,168,0.00045050176627992045,0.00042253461806201044,FC,FC,plateau_recentred,plateau_recentred,0.5340194641891252,0.5340194641891252,0.0,0.0661272210553533,0.0661272210553533,0.0,39846.84939552639,39846.84939552639,2.463689787491853,1.2908461184668187,3.0493346235773804,5.5130244110692335,1.8121499343264602
-5.0,1,182,0.0005107062893487946,0.00047900164453023957,FC,FC,plateau_recentred,plateau_recentred,0.5351455392098169,0.5351455392098169,0.0,0.06429883131121214,0.06429883131121214,0.0,39846.84939552639,39846.84939552639,2.581605199994683,1.2841938860294606,2.9192420181775556,5.500847218172239,1.7410232954100862
-5.0,1,196,0.0005789564736542463,0.0005430148576110674,FC,FC,plateau_recentred,plateau_recentred,0.5332054230891148,0.5332054230891148,0.0,0.06349016851999571,0.06349016851999571,0.0,39846.84939552639,39846.84939552639,2.6939685933086572,1.2654030393146536,2.801382025368727,5.495350618677384,1.7032330767358785
-5.0,1,210,0.0006563275318451911,0.0006155827207555844,FC,FC,plateau_recentred,plateau_recentred,0.5264018117010344,0.5264018117010344,0.0,0.06265288319804928,0.06265288319804928,0.0,39846.84939552639,39846.84939552639,2.8003231044355017,1.2380645933106345,2.689262095846182,5.489585200281684,1.7595285139659567
-5.0,1,224,0.0007440383667169925,0.0006978484672774944,FC,FC,plateau_recentred,plateau_recentred,0.5292540171054988,0.5292540171054988,0.0,0.0610219288215947,0.0610219288215947,0.0,39846.84939552639,39846.84939552639,2.9121929872747967,1.2455841096027904,2.565937082583605,5.478130069858402,1.7030102489097416
-5.0,1,238,0.000843470773792987,0.0007911081108384397,FC,FC,plateau_recentred,plateau_recentred,0.5209592692554517,0.5209592692554517,0.0,0.06239140152093057,0.06239140152093057,0.0,39846.84939552639,39846.84939552639,3.022844395619373,1.2081169983708695,2.464924484703819,5.487768880323192,1.7349932588487145
-5.0,1,252,0.0009561912101145875,0.0008968308628316843,FC,FC,plateau_recentred,plateau_recentred,0.5177662261270782,0.5177662261270782,0.0,0.06263227414548557,0.06263227414548557,0.0,39846.84939552639,39846.84939552639,3.1346304766381556,1.1951465146509832,2.3548118432245517,5.489442319862707,1.7353124102753166
-5.0,1,266,0.0010839754721896355,0.0010166822783235104,FC,FC,plateau_recentred,plateau_recentred,0.5174185726137579,0.5174185726137579,0.0,0.062108957332919726,0.062108957332919726,0.0,39846.84939552639,39846.84939552639,3.2445606951092643,1.1978993865682341,2.241237682255309,5.485798377364573,1.7104888191598095
-5.0,1,280,0.001228836671870237,0.0011525504951886475,FC,FC,plateau_recentred,plateau_recentred,0.512300782764481,0.512300782764481,0.0,0.06315007853965084,0.06315007853965084,0.0,39846.84939552639,39846.84939552639,3.3533393776517064,1.1798473116481274,2.139678656238382,5.493018033890088,1.725152063273364
-5.0,1,294,0.0013930569508946444,0.0013065759798134955,FC,FC,plateau_recentred,plateau_recentred,0.5114166776941477,0.5114166776941477,0.0,0.06138166841005023,0.06138166841005023,0.0,39846.84939552639,39846.84939552639,3.4496434607528483,1.1831413712359582,2.0310393668928217,5.48068282764567,1.7398911172624816
-5.0,1,308,0.001579223433723298,0.0014811852479802185,FC,FC,plateau_recentred,plateau_recentred,0.5093682258083085,0.5093682258083085,0.0,0.06166495744820731,0.06166495744820731,0.0,39846.84939552639,39846.84939552639,3.5552440898276467,1.1834199587178813,1.92743848519142,5.482682575019067,1.7557519535610793
-5.0,1,322,0.0017902689850683995,0.001679129092169012,FC,FC,plateau_recentred,plateau_recentred,0.5112445680705516,0.5112445680705516,0.0,0.060760303013534744,0.060760303013534744,0.0,39846.84939552639,39846.84939552639,3.6662349313165876,1.2000768857664477,1.8100291385868053,5.476264069903393,1.737530460538861
-5.0,1,336,0.0020295184142127276,0.0019035259175129542,FC,FC,plateau_recentred,plateau_recentred,0.5122040190342267,0.5122040190342267,0.0,0.06055311407747844,0.06055311407747844,0.0,39846.84939552639,39846.84939552639,3.774521855804679,1.221890583294016,1.7002587656676043,5.474780621472283,1.7345530675628462
-5.0,1,350,0.002300740854018324,0.0021579108691179975,FC,FC,plateau_recentred,plateau_recentred,0.5170342539739634,0.5170342539739634,0.0,0.058708750892398076,0.058708750892398076,0.0,39846.84939552639,39846.84939552639,3.873638164582334,1.251829114214598,1.5877088145617249,5.461346979144059,1.6903246574558544
-5.0,1,364,0.002608209139803419,0.002446291524699407,FC,FC,plateau_recentred,plateau_recentred,0.512925160976092,0.512925160976092,0.0,0.05952967372539493,0.05952967372539493,0.0,39846.84939552639,39846.84939552639,3.97411470617208,1.2292788980402867,1.49326293494018,5.46737764111226,1.7275274252251431
-5.0,1,378,0.0029567671235433135,0.0027732110299172608,FC,FC,plateau_recentred,plateau_recentred,0.5103991398032849,0.5103991398032849,0.0,0.05982789865241264,0.05982789865241264,0.0,39846.84939552639,39846.84939552639,4.066789491894072,1.2238803085798484,1.40275839626851,5.469547888162582,1.7443401195439272
-5.0,1,392,0.0033519059838602594,0.003143819671042405,FC,FC,plateau_recentred,plateau_recentred,0.5106942401571891,0.5106942401571891,0.0,0.05940228623488202,0.05940228623488202,0.0,39846.84939552639,39846.84939552639,4.170537301132404,1.241790896785239,1.2959099978688142,5.466447299001218,1.7414460953843787
-5.0,1,406,0.0037998507339918053,0.0035639560125104,FC,FC,plateau_recentred,plateau_recentred,0.511977938888715,0.511977938888715,0.0,0.058584206663670396,0.058584206663670396,0.0,39846.84939552639,39846.84939552639,4.272571766830139,1.2683307046881565,1.187852925200625,5.460424692030764,1.7226990723381015
-5.0,1,420,0.004307658290578997,0.0040402388775996586,FC,FC,plateau_recentred,plateau_recentred,0.5140405918036014,0.5140405918036014,0.0,0.05773610413394166,0.05773610413394166,0.0,39846.84939552639,39846.84939552639,4.372914731856347,1.3105889603699994,1.0811768826029668,5.454091614459314,1.6998416736737358
-5.0,1,434,0.004883328648255025,0.004580171621301985,FC,FC*,plateau_recentred,plateau,0.5109025096312209,0.5225486555225488,-0.011646145891327953,0.05852478392001363,0.058266227346124494,0.001922919846830899,39846.84939552639,39846.84939552639,5.427718323606183,1.3305480443055606,0.030342714322320496,5.458061037928504,1.637678760616232
-5.0,1,448,0.005535930911470199,0.005192260338092255,FC,FC*,plateau_recentred,plateau,0.5092593046432967,0.5219766903282516,-0.01271738568495484,0.058844008100185946,0.05815867254066343,0.005087761308156787,39846.84939552639,39846.84939552639,5.426915909829622,1.3374987816125388,0.030342714322320496,5.457258624151942,1.6248420625983333
-5.0,1,462,0.006275746169065011,0.005886147866848442,FC,FC*,plateau_recentred,plateau,0.5093055543684124,0.5198359476168383,-0.010530393248425862,0.05856877141330834,0.05856253520996322,4.624465962942534e-05,39846.84939552639,39846.84939552639,5.4299212938905805,1.3302404415064424,0.030342714322320496,5.460264008212901,1.6113297325280997
-5.0,1,476,0.007114429462428795,0.006672765704027499,FC,FC*,plateau_recentred,plateau,0.5112118233621243,0.5193654891114539,-0.00815366574932952,0.056360501523046655,0.05688286533877998,-0.004006615805037579,39846.84939552639,39846.84939552639,5.417282889366982,1.3581877318882656,0.030342714322321385,5.447625603689303,1.6039228382876523
-5.0,1,490,0.008065193398893555,0.007564506218340277,FC,FC*,plateau_recentred,plateau,0.5107406711150647,0.5195593206834603,-0.00881864956839562,0.05652246446449065,0.05663126566658269,-0.0008351784108304197,39846.84939552639,39846.84939552639,5.415357692437738,1.3927470893331217,0.030342714322320496,5.445700406760058,1.598311294042957
-5.0,1,504,0.009143016303003959,0.008575417879991347,FC,FC*,plateau_recentred,plateau,0.5107503538802286,0.5176765363966901,-0.006926182516461488,0.05605109187629946,0.05675771059932783,-0.005440792192911796,39846.84939552639,39846.84939552639,5.416326293815527,1.4361999946142243,0.030342714322320496,5.446669008137848,1.606299982157371
-5.0,1,518,0.010364878184875526,0.00972142658012226,FC,FC*,plateau_recentred,plateau,0.509851299921617,0.5164059786468407,-0.006554678725223639,0.05600910391791536,0.056754722468734156,-0.00574337980506345,39846.84939552639,39846.84939552639,5.416303428855395,1.468911797841832,0.030342714322320496,5.446646143177715,1.6093602065674335
-5.0,1,532,0.011750028243087796,0.011020586527125955,FC,FC*,plateau_recentred,plateau,0.5084938768996544,0.5154069462734074,-0.0069130693737530224,0.057127974253019416,0.057283764610872756,-0.0011827271438655735,39846.84939552639,39846.84939552639,5.420332976023376,1.5125401510027188,0.030342714322320496,5.4506756903456965,1.6370818792003907
-5.0,1,546,0.013320288116345003,0.012493364672445311,FC,FC*,plateau_recentred,plateau,0.5102732125384345,0.5135770172900168,-0.0033038047515823177,0.05557697869271164,0.05719953997106682,-0.012497602261580995,39846.84939552639,39846.84939552639,5.419693960526036,1.551671566785065,0.030342714322320496,5.450036674848357,1.640290354088578
-5.0,1,560,0.015100395661331367,0.014162963146700264,FC,FC*,plateau_recentred,plateau,0.509227506150575,0.5108810527000021,-0.0016535465494270651,0.05542177526596777,0.057568399849665115,-0.016503725175328842,39846.84939552639,39846.84939552639,5.4224855826759395,1.5787999663029053,0.030342714322320496,5.45282829699826,1.6604676739963025
-5.0,1,574,0.01711839467263121,0.01605568478579653,FC,FC*,plateau_recentred,plateau,0.5072249412471252,0.5097445324391194,-0.002519591191994186,0.056764690166673196,0.058172384207005455,-0.010638592082626632,39846.84939552639,39846.84939552639,5.427018288355599,1.6347346145368313,0.030342714322320496,5.45736100267792,1.6946624253293088
-5.0,1,588,0.019406076684359785,0.018201347505512593,FC,FC*,plateau_recentred,plateau,0.5092776523989091,0.50822778637425,0.001049866024659063,0.05511397302594392,0.058031803948190026,-0.02240435170255273,39846.84939552639,39846.84939552639,5.425967495584323,1.6830143755054063,0.030342714322320496,5.456310209906643,1.70037210469648
-5.0,1,602,0.02199948181363931,0.020633754052614348,FC,FC*,plateau_recentred,plateau,0.5061128655917334,0.5058912847698498,0.00022158082188361572,0.05568871906019825,0.05815096954231275,-0.018789731593541907,39846.84939552639,39846.84939552639,5.4268583845957235,1.7191266928870992,0.030342714322320496,5.457201098918044,1.7108332327722044
-5.0,1,616,0.02493946653620638,0.023391224532954596,FC,FC*,plateau_recentred,plateau,0.5066743023342031,0.5051463695576527,0.0015279327765503892,0.055875069216685565,0.058581997052370396,-0.020546098504354855,39846.84939552639,39846.84939552639,5.430065597182926,1.7717795599613948,0.030342714322320496,5.460408311505247,1.747536332859888
-5.0,1,630,0.028272347338879067,0.02651720010599705,FC,FC*,plateau_recentred,plateau,0.5057639798495167,0.5042450050054009,0.0015189748441157835,0.055860311035532385,0.058527024067748214,-0.020253092475047016,38745.96518267246,38745.96518267246,5.429657866584542,1.8257158581081123,0.030342714322320496,5.460000580906862,1.752148753357921
-5.0,1,644,0.03205063038897715,0.030060927356361258,FC,FC*,plateau_recentred,plateau,0.504632021307901,0.5020265826486614,0.0026054386592395673,0.0552107730263189,0.05838302526309939,-0.024262767395181163,38745.96518267246,38745.96518267246,5.4285880198392364,1.815844697680612,0.030342714322320496,5.458930734161557,1.7592312277100444
-5.0,1,658,0.036333838715903344,0.03407823412397392,FC,FC*,plateau_recentred,plateau,0.5036128511088923,0.5005540601433702,0.0030587909655220846,0.05510715790941686,0.05839897279237882,-0.025197194818509898,38745.96518267246,38745.96518267246,5.428706632709789,1.831165552386449,0.030342714322320496,5.459049347032109,1.7776930177201709
-5.0,1,672,0.04118944993628881,0.038632409015240336,FC,FC*,plateau_recentred,plateau,0.5042437183380944,0.5008137189295693,0.003429999408525175,0.05493445479595531,0.05825162680087798,-0.025463239804905502,38745.96518267246,38745.96518267246,5.42760948301153,1.880294681649805,0.030342714322320496,5.45795219733385,1.7985985654343617
-5.0,1,686,0.04669395929562081,0.043795198451051204,FC,FC*,plateau_recentred,plateau,0.5020135143251381,0.5002813327705055,0.001732181554632617,0.05558696311996098,0.05792967697904978,-0.017928158945853093,38745.96518267246,38745.96518267246,5.4252025313864936,1.984115858071107,0.030342714322320496,5.455545245708814,1.8084259777612521
-5.0,1,700,0.05293408477349404,0.04964793695910376,FC,FC*,plateau_recentred,plateau,0.5011262796634849,0.4982640412947302,0.0028622383687547104,0.05460243898435777,0.057558411958865296,-0.022896760986070016,38745.96518267246,38745.96518267246,5.422410227755518,1.940959666393333,0.030342714322320496,5.452752942077838,1.79275064173577
-5.0,1,714,0.060008133237702044,0.05628282851715159,FC,FC*,plateau_recentred,plateau,0.5025723372314854,0.4990528699893022,0.0035194672421832163,0.05365173811383991,0.05678272867298266,-0.02463246251956463,38745.96518267246,38745.96518267246,5.416517683096415,1.9995532997671663,0.030342714322320496,5.446860397418735,1.8154479189202655
-5.0,1,728,0.06802754916954634,0.06380439913345144,FC,FC*,plateau_recentred,plateau,0.49983809333524765,0.4973449311136571,0.0024931622215905724,0.053654991945531354,0.056334154105727986,-0.021161643475443106,38745.96518267246,38745.96518267246,5.413073202030318,2.02452166820756,0.030342714322320496,5.443415916352638,1.8205322070263779
-5.0,1,742,0.07711867035896258,0.07233114354834155,FC,FC*,plateau_recentred,plateau,0.500969760058659,0.49757559155920505,0.0033941684994539534,0.05250435930964874,0.05553440060206389,-0.024366725449289167,39546.75405490817,39546.75405490817,5.406863513314806,2.0366848709788394,0.030342714322320496,5.437206227637127,1.8297067021697653
-5.0,1,756,0.08742471822866626,0.08199739199907073,FC,FC*,plateau_recentred,plateau,0.500791069337997,0.4977979643776501,0.0029931049603468818,0.05191893319365396,0.054613298857804374,-0.02197265021989828,39546.75405490817,39546.75405490817,5.399599834965475,2.093058582301306,0.030342714322320496,5.429942549287795,1.8342645362957035
-5.0,1,770,0.09910805414286328,0.09295542645687134,FC,FC*,plateau_recentred,plateau,0.5004471575556694,0.4976021112422771,0.0028450463133922743,0.051097361934203826,0.053720669791714235,-0.021742939970625708,38460.894926758345,38460.894926758345,5.392442843378198,2.1349287936853396,0.030342714322321385,5.42278555770052,1.8283457908260676
-5.0,1,784,0.11235273724638661,0.10537787967545051,FC,FC*,plateau_recentred,plateau,0.49908140278281515,0.49619354730286414,0.002887855479951018,0.050405217457431636,0.053003936444474334,-0.021832631846736554,38460.894926758345,38460.894926758345,5.386609549100796,2.1091971436734323,0.030342714322320496,5.416952263423116,1.8422574610639078
-5.0,1,798,0.127367424130429,0.11946045484548332,FC,FC*,plateau_recentred,plateau,0.4984771335880069,0.4954261203791868,0.0030510132088200637,0.049486453977843035,0.052087888218435026,-0.022250415397858436,38460.894926758345,38460.894926758345,5.379038174880639,2.10116826361735,0.030342714322321385,5.409380889202961,1.8560142212481268
-5.0,1,812,0.14438865600617423,0.13542500870051552,FC,FC*,plateau_recentred,plateau,0.498390528547055,0.49596598940617465,0.0024245391408803663,0.048331766455384874,0.050573703683858225,-0.019692091397988512,38736.83911615434,38736.83911615434,5.366226184199889,2.190384057721826,0.030342714322320496,5.39656889852221,1.8486869038568257
-5.0,1,826,0.1636845851724229,0.15352304664549105,FC,FC*,plateau_recentred,plateau,0.4983145741287947,0.49540451827652154,0.0029100558522731634,0.04734996310315209,0.049769869021427125,-0.021646852898593385,36377.803290627045,36377.803290627045,5.35926792236438,2.1361872095166308,0.030342714322320496,5.389610636686701,1.8327930191386956
-5.0,1,840,0.18555919948394317,0.17403968497012076,FC,FC*,plateau_recentred,plateau,0.4988210252371106,0.4958648874995707,0.002956137737539888,0.045619875453969554,0.047884142539820235,-0.021037619642470376,36377.803290627045,36377.803290627045,5.3424931394696245,2.1659919696798156,0.030342714322320496,5.372835853791945,1.8477305887958149
-5.0,1,854,0.2103571113727749,0.19729814256775954,FC,FC*,plateau_recentred,plateau,0.49867732438155105,0.4956986853904103,0.0029786389911407585,0.04416300893587326,0.04643360935852378,-0.021773788086423693,35378.95595892634,35378.95595892634,5.329133867925866,2.19381064528358,0.030342714322320496,5.3594765822481865,1.8463628206364957
-5.0,1,868,0.23846898686867357,0.22366483292227807,FC,FC*,plateau_recentred,plateau,0.4984604919625737,0.49551953046177455,0.002940961500799144,0.04260955471273595,0.04471319478822815,-0.020928705943948918,35378.95595892634,35378.95595892634,5.312737126157992,2.1875215675393225,0.030342714322320496,5.343079840480312,1.8497140778188437
-5.0,1,882,0.27033770014742475,0.2535551365820376,FC,FC*,plateau_recentred,plateau,0.4981861529713536,0.4955681734301238,0.0026179795412297757,0.041175492735133656,0.043112350146401655,-0.019962892871610044,35378.95595892634,35378.95595892634,5.296903122364857,2.23692596291837,0.030342714322320496,5.327245836687178,1.861350323019255
-5.0,1,896,0.30646531056571247,0.287439945060456,FC,VFC,plateau_recentred,plateau,0.4983849665321369,0.4953431206712611,0.0030418458608758026,0.03921562100652449,0.04117799030438986,-0.021206050262496404,34407.53458211562,34407.53458211562,nan,nan,nan,5.307309285884086,1.8280032492150728
-5.0,1,910,0.3474209720986756,0.3258530792557056,FC,VFC,plateau_recentred,plateau,0.497917871508872,0.494886795105369,0.00303107640350303,0.03751654500968507,0.039446885219964534,-0.02178988010433349,35651.511554822115,35651.511554822115,nan,nan,nan,5.288656855279742,1.8325065569166135
-5.0,1,924,0.3938498997853399,0.36939969925924143,FC,VFC,plateau_recentred,plateau,0.498326801524272,0.4953456382517846,0.002981163272487375,0.035397372867998,0.0372205620501837,-0.021811896286792986,33245.68100693807,33245.68100693807,nan,nan,nan,5.2634270657878215,1.814503255877075
-5.0,1,938,0.44648353443920774,0.41876583804118983,FC,VFC,plateau_recentred,plateau,0.498463900405736,0.4950891244344564,0.003374775971279609,0.03338921224745579,0.035181276034407405,-0.022705414531214645,33245.68100693807,33245.68100693807,nan,nan,nan,5.238955726252618,1.815148422681022
-5.0,1,952,0.5016364722968638,0.47049488169204756,FC,VFC,plateau_recentred,plateau,0.49830128323682055,0.495313270262973,0.0029880129738475425,0.03152161704336131,0.033091887953996806,-0.021113056696704536,34459.71807830511,34459.71807830511,nan,nan,nan,5.212365684044837,1.8196881410130208
-5.0,1,966,0.5437616319255452,0.5100049115449525,FC,VFC,plateau_recentred,plateau,0.4982719259608465,0.4957026774297169,0.0025692485311296087,0.030202626023550148,0.03160938062300693,-0.019771280902650682,33525.275566843215,33525.275566843215,nan,nan,nan,5.192460124910821,1.811726772604124
-5.0,1,980,0.5841669263524998,0.5479018454223843,FC,VFC,plateau_recentred,plateau,0.49841155770403944,0.49510236463135393,0.0033091930726855123,0.028985122939230886,0.030537666306548975,-0.02266069837994662,32616.172287851045,32616.172287851045,nan,nan,nan,5.177479984000243,1.8047791546169913
-5.0,1,994,0.6278195488721805,0.5888445132748733,FC,VFC,plateau_recentred,plateau,0.49818967923376456,0.4955532283452243,0.0026364508885402538,0.027856619760691634,0.029177154525500848,-0.020114519294987185,32616.172287851045,32616.172287851045,nan,nan,nan,5.1576870743295515,1.8032856311126952
-5.0,1,1008,0.674207802630171,0.632352984387098,FC,VFC,plateau_recentred,plateau,0.498516041860578,0.4951149487035433,0.0034010931570347402,0.0266440528972611,0.028093212728574592,-0.023001120581044983,31731.72111858512,31731.72111858512,nan,nan,nan,5.141245546652026,1.8020983425847308
-5.0,1,1022,0.724306160386226,0.6793412362529868,FC,VFC,plateau_recentred,plateau,0.4984220660912019,0.49570565311576775,0.0027164129754341237,0.02554233886612585,0.026771042167891324,-0.020404615818856917,31731.72111858512,31731.72111858512,nan,nan,nan,5.1203094170003665,1.8044450797090785
-5.0,1,1036,0.771186703589626,0.7233114354834157,FC,VFC,plateau_recentred,plateau,0.498546708033108,0.4961444116124268,0.002402296420681238,0.024485718421944795,0.0256021042254774,-0.019362810311925653,32919.28166285104,32919.28166285104,nan,nan,nan,5.10091980011476,1.8093807002774036
-5.0,1,1050,0.8233082706766917,0.7721972958514804,FC,VFC,plateau_recentred,plateau,0.4987082530414709,0.4962103168329459,0.0024979362085249535,0.023391703137373817,0.02452321724768005,-0.020515601797229034,32032.219584931205,32032.219584931205,nan,nan,nan,5.082221584373202,1.8035972417246318
-5.0,1,1064,0.8759398496240602,0.8215615065451826,FC,VFC,plateau_recentred,plateau,0.4986799725782999,0.4961640895867344,0.0025158829915654657,0.02243828144554368,0.023487503471369645,-0.01984726617770717,32032.219584931205,32032.219584931205,nan,nan,nan,5.063480996162825,1.8048472273292482
-5.0,1,1078,0.9308326223135523,0.8730465360806885,FC,VFC,plateau_recentred,plateau,0.49866209401821876,0.49548571673296965,0.00317637728524911,0.02146879974823622,0.02261173826077117,-0.022526184595189857,31169.060796826274,31169.060796826274,nan,nan,nan,5.046978088565067,1.7975384675772248
-5.0,1,1092,0.9887218045112782,0.9273419580316866,FC,VFC,plateau_recentred,plateau,0.49893608748504725,0.49553976967083413,0.0033963178142131234,0.0205386615371976,0.021648938248295783,-0.022864463554234493,31169.060796826274,31169.060796826274,nan,nan,nan,5.028080740516554,1.8018096074335956
-5.0,1,1106,1.045815930351596,0.980891680721416,FC,VFC,plateau_recentred,plateau,0.49885793895196034,0.49557665928056915,0.0032812796713911907,0.019671370528736104,0.020689820647861203,-0.021922107141752106,32358.22010286742,32358.22010286742,nan,nan,nan,5.008400864816416,1.8072777889694942
-5.0,1,1120,1.1035742449353014,1.035064359319456,FC,VFC,plateau_recentred,plateau,0.49817336570592735,0.49428413572116064,0.0038892299847667067,0.01899208449923596,0.020075103994967036,-0.024085169860310424,30329.16118660951,30329.16118660951,nan,nan,nan,4.995301942597269,1.7911455842134458
-5.0,1,1134,1.1645224352961225,1.092228886216513,FC,VFC,plateau_recentred,plateau,0.4975624308586461,0.49393003181113376,0.0036323990475123358,0.018443253092759373,0.019428417568707838,-0.022599903027357163,30174.62700951646,30174.62700951646,nan,nan,nan,4.981081567919485,1.7873313849761412
-5.0,1,1148,1.2288366718702428,1.152550495188653,FC,VFC,plateau_recentred,plateau,0.49749388733845024,0.49347452157852684,0.004019365759923399,0.01787879036121913,0.018888815848895953,-0.023866600530635867,30174.62700951646,30174.62700951646,nan,nan,nan,4.968848871462799,1.7928407691315378
-5.0,1,1162,1.2894736842105265,1.2094231619956979,FC,VFC,plateau_recentred,plateau,0.497545938814046,0.4935565708308852,0.0039893679831607964,0.017350859767005695,0.0183141056767675,-0.023464716090730718,29366.66577366203,29366.66577366203,nan,nan,nan,4.955429854708023,1.7919763749476014
-5.0,1,1176,1.3561125023080152,1.2719250424776285,FC,VFC,plateau_recentred,plateau,0.4974867063400703,0.4931293789697637,0.004357327370306585,0.016849132213256277,0.01783414520086924,-0.024674760067567997,28138.38685406419,28138.38685406419,nan,nan,nan,4.943896437097515,1.789682451174126
-5.0,1,1190,1.4182440582626876,1.330199471636234,FC,VFC,plateau_recentred,plateau,0.49754496617258176,0.49274546961190696,0.004799496560674799,0.016367032602638422,0.017397101330954397,-0.026506945544688004,27384.94835056947,27384.94835056947,nan,nan,nan,4.933121031928897,1.7903377529198599
-5.0,1,1204,1.484962406015037,1.3927759445723045,FC,VFC,plateau_recentred,plateau,0.49734461248499384,0.4928476213799681,0.004496991105025716,0.015937069989073006,0.01687712447464348,-0.02488997358911859,26239.555985207804,26239.555985207804,nan,nan,nan,4.919942592342931,1.785916113677555
-5.0,1,1218,1.5526315789473681,1.4562442154642072,FC,VFC,plateau_recentred,plateau,0.4973000794825505,0.4924664331455626,0.004833646336987907,0.015491114553522504,0.01644670493623548,-0.02599623551854102,26239.555985207804,26239.555985207804,nan,nan,nan,4.9087230398550155,1.791342699376267
-5.0,1,1232,1.6222460729620618,1.5215370419118663,FC,VFC,plateau_recentred,plateau,0.49735744529479375,0.49258508451384375,0.004772360780950002,0.015036050241044843,0.01594598982634293,-0.0255177144905603,25536.960918319528,25536.960918319528,nan,nan,nan,4.895295621541456,1.7907223745135399
-5.0,1,1246,1.6954887218045114,1.590232787347113,FC,VFC,plateau_recentred,plateau,0.49731245247759037,0.4922092085053408,0.005103243972249594,0.014621679843261324,0.01554567470587037,-0.026612305480225425,24468.86176779574,24468.86176779574,nan,nan,nan,4.884253714694806,1.7884184546917923
-5.0,1,1260,1.763157894736842,1.6537010582390153,FC,VFC,plateau_recentred,plateau,0.49712986508755586,0.4918726664997733,0.005257198587782563,0.014262479970442091,0.015183075533798508,-0.027164705067700176,23813.679127505744,23813.679127505744,nan,nan,nan,4.874003891458655,1.7890838997214353
-5.0,1,1274,1.8383458646616542,1.7242213592300182,FC,VFC,plateau_recentred,plateau,0.4971929757937245,0.49201304481503977,0.005179930978684744,0.013858214557860902,0.014735198675821879,-0.026648714898690667,22817.65730140468,22817.65730140468,nan,nan,nan,4.8610001347185205,1.7847137259379362
-5.0,1,1288,1.9061437174542544,1.7878103215368737,FC,VFC,plateau_recentred,plateau,0.4971775600898308,0.491703278061169,0.005474282028661792,0.013517292247129083,0.014404745956917372,-0.02761589998991519,22817.65730140468,22817.65730140468,nan,nan,nan,4.8511497423039085,1.7897511674230349
-5.0,1,1302,1.981203007518797,1.8582099311129234,FC,VFC,plateau_recentred,plateau,0.4972484114616276,0.49186913275588334,0.005379278705744284,0.013141535002553993,0.013985976597783115,-0.027046701078669428,22206.687608664768,22206.687608664768,nan,nan,nan,4.838336936083005,1.788988813280818
-5.0,1,1316,2.056390977443609,1.9287302321039261,FC,VFC,plateau_recentred,plateau,0.49722836105762,0.491553170444005,0.005675190613615044,0.012816139849253795,0.013670462507362672,-0.028025970358513518,21277.87919459281,21277.87919459281,nan,nan,nan,4.828427346997243,1.7859519465392466
-5.0,1,1330,2.1315789473684217,1.9992505330949295,FC,VFC,plateau_recentred,plateau,0.49705422949492767,0.49124528088786173,0.0058089486070659335,0.01251540712032103,0.013364804433169888,-0.028517626549635845,20708.138877173016,20708.138877173016,nan,nan,nan,4.818606746986431,1.7868004319024366
-5.0,1,1344,2.206766917293233,2.0697708340859315,FC,VFC,plateau_recentred,plateau,0.4971409311597329,0.49144890198769436,0.005692029172038537,0.01218153201596939,0.012989190820257769,-0.02788018595902412,20708.138877173016,20708.138877173016,nan,nan,nan,4.806226235802836,1.7902258964502944
-5.0,1,1358,2.281954887218045,2.1402911350769345,FC,VFC,plateau_recentred,plateau,0.49713443819534336,0.4911637037003756,0.0059707344949677665,0.011900802373107812,0.012716789906014072,-0.028801253091023382,19842.008188623815,19842.008188623815,nan,nan,nan,4.797021635238491,1.7872547510350316
-5.0,1,1372,2.363419726197431,2.216698637111566,FC,VFC,plateau_recentred,plateau,0.49696115954637665,0.49086193047940563,0.006099229066971024,0.011614211479607915,0.012424112378893319,-0.029275641325553294,19310.715011317658,19310.715011317658,nan,nan,nan,4.786909509896679,1.7881179267708136
-5.0,1,1386,2.43984962406015,2.28838376715804,FC,VFC,plateau_recentred,plateau,0.49705894528501554,0.4910932303861012,0.005965714898914343,0.011325545439340608,0.012096258999302442,-0.02859195031016173,19310.715011317658,19310.715011317658,nan,nan,nan,4.775295216029119,1.791088447048115
-5.0,1,1400,2.5618890136872023,2.4028469518651714,FC,VFC,plateau_recentred,plateau,0.4969722519938182,0.4906756863940163,0.0062965655998019066,0.010944866023622036,0.011719904410901883,-0.029713619806094917,18007.591916402886,18007.591916402886,nan,nan,nan,4.761568208400055,1.7861290309532745
-5.0,1,1414,2.904256830572931,2.723960575767479,FC,VFC,plateau_recentred,plateau,0.49700277165421547,0.4906119101044235,0.00639086154979196,0.00993018036381258,0.010630952742418777,-0.029615050850419794,16792.40600038099,16792.40600038099,nan,nan,nan,4.719216326460305,1.790299520141535
-5.0,1,1428,3.2923782774609203,3.087987444467019,FC,VFC,plateau_recentred,plateau,0.49692624462413215,0.4900424713971738,0.0068837732269583785,0.00901415150735582,0.009682935932157721,-0.03108220502470434,15004.26642811184,15004.26642811184,nan,nan,nan,4.6786511971891365,1.7887045256074985
-5.0,1,1442,3.732367815334758,3.500662433228964,FC,VFC,plateau_recentred,plateau,0.4966811509062797,0.48945999875802837,0.007221152148251309,0.008163889183166979,0.00878995407532413,-0.03208950507102281,13617.104895528271,13617.104895528271,nan,nan,nan,4.6366307448981186,1.7919321092260827
-5.0,1,1456,4.231157034510027,3.9684868192641503,FC,VFC,plateau_recentred,plateau,0.4966823526771949,0.4893970812617668,0.007285271415428118,0.007355027806899165,0.007916591262550942,-0.03195390369489057,12698.197239087793,12698.197239087793,nan,nan,nan,4.591182361550722,1.7988106336140786
-5.0,1,1470,4.796603854831481,4.49883070277836,FC,VFC,plateau_recentred,plateau,0.49657404711466174,0.4887918357335308,0.0077822113811309435,0.0066315010584487724,0.007162480098548528,-0.03345158498058789,11042.226214135906,11042.226214135906,nan,nan,nan,4.547707567126612,1.7951199211002467
-5.0,1,1484,5.437616319255452,5.100049115449526,FC,VFC,plateau_recentred,plateau,0.4965592241414031,0.4887140391719358,0.00784518496946729,0.00594995686588888,0.006424622604564584,-0.03333380407944508,10297.076177460389,10297.076177460389,nan,nan,nan,4.5004917602760015,1.803396880862231
-5.0,1,1498,6.164292931060073,5.781613645504393,FC,VFC,plateau_recentred,plateau,0.4964367546080614,0.488621263527546,0.007815491080515435,0.005344446959573739,0.005760490035738825,-0.03255665842038405,8954.235184322555,8954.235184322555,nan,nan,nan,4.453103568603623,1.7986273780440634
-5.0,1,1512,6.988081745554302,6.554261653014747,FC,VFC,plateau_recentred,plateau,0.4965625179205244,0.48796941017599876,0.008593107744525652,0.0047817244983344295,0.005186449061712409,-0.03528556647752798,7786.513992356862,7786.513992356862,nan,nan,nan,4.4075142557316465,1.7975042653866546
-5.0,1,1526,7.921960722614703,7.430165426149287,FC,VFC,plateau_recentred,plateau,0.4962761025001952,0.48785250693621796,0.00842359556397726,0.004278551527890205,0.004627847550436341,-0.03408227738284527,7261.065493615599,7261.065493615599,nan,nan,nan,4.358023182946518,1.8072001668419932
-5.0,1,1540,8.980642181321812,8.423123943266823,FC,VFC,plateau_recentred,plateau,0.49639204619405636,0.4871517355123678,0.009240310681688568,0.003817408260147915,0.004156008702114819,-0.03690783933882312,6314.150444076709,6314.150444076709,nan,nan,nan,4.311320587106501,1.8067983152433071
-5.0,1,1554,10.180804577672388,9.548780261868876,FC,VFC,plateau_recentred,plateau,0.496350848235145,0.48700970008997096,0.00934114814517406,0.003397786141619234,0.0036991741817589702,-0.036908740595145574,5888.059785930681,5888.059785930681,nan,nan,nan,4.260748920140758,1.8176800044020622
-5.0,1,1568,11.541355256790725,10.824867959154556,FC,VFC,plateau_recentred,plateau,0.4962061285108434,0.4868546223723064,0.009351506138536969,0.0030309856838976294,0.0032948433354994173,-0.036250884325769436,5120.198315904715,5120.198315904715,nan,nan,nan,4.2104789082839895,1.8155625677796716
-5.0,1,1582,13.083728319034783,12.27149050659977,FC,VFC,plateau_recentred,plateau,0.49631105214978144,0.48608635463112043,0.010224697518661008,0.0026953425827698756,0.0029498969399576877,-0.03919287075010705,4452.47360715269,4452.47360715269,nan,nan,nan,4.162450982238599,1.816711339315398
-5.0,1,1596,14.832222292576157,13.911437979824495,FC,VFC,plateau_recentred,plateau,0.4962608768122145,0.4859060129456031,0.010354863866611386,0.0023918939032883534,0.0026182336036265456,-0.03926648065855212,4152.012377023271,4152.012377023271,nan,nan,nan,4.110652531364423,1.8290089247057681
-5.0,1,1610,16.814382932144426,15.770546093192305,FC,VFC,plateau_recentred,plateau,0.49610819206868034,0.4857143399109871,0.010393852157693229,0.0021279588377154978,0.002326159060261302,-0.03867618509265379,3610.548729693276,3610.548729693276,nan,nan,nan,4.059283546865654,1.8279490017297717
-5.0,1,1624,19.061437174542544,17.878103215368736,FC,VFC,plateau_recentred,plateau,0.4962059198619976,0.48487134549861716,0.011334574363380423,0.0018868769854786791,0.00207726256698633,-0.04174780767927764,3139.6973192155397,3139.6973192155397,nan,nan,nan,4.010135533902963,1.8302529058951813
-5.0,1,1638,21.608785087464042,20.267311777957495,FC,VFC,plateau_recentred,plateau,0.4963016889003352,0.4846527176095111,0.011648971290824095,0.001670087995232686,0.0018411364417397183,-0.04234661982546986,2913.416838856363,2913.416838856363,nan,nan,nan,3.957730112976154,1.8433661744510812
-5.0,1,1652,24.496557561768185,22.975811346240924,FC,VFC,plateau_recentred,plateau,0.49624197961498545,0.4844227178308849,0.011819261784100532,0.0014803885745077632,0.0016326474993729916,-0.04251670288428544,2546.0072687021093,2546.0072687021093,nan,nan,nan,3.9055365663455994,1.8440683024797422
-5.0,1,1666,27.77024853309071,26.04627159247519,FC,VFC,plateau_recentred,plateau,0.49608463066260156,0.4841793079404139,0.011905322722187639,0.0013139183923259615,0.0014474345759924742,-0.042030550778970076,2213.98263662997,2213.98263662997,nan,nan,nan,3.853243081610169,1.8437584675748142
-5.0,1,1680,31.4814316928032,29.52706451343554,FC,VFC,plateau_recentred,plateau,0.4961760709361528,0.4832339953308378,0.012942075605315018,0.0011624578568130563,0.0012901564159154694,-0.04526514931822676,1925.2573138951664,1925.2573138951664,nan,nan,nan,3.803286505329811,1.8482675572409455
-5.0,1,1694,35.6885729793766,33.473026482318595,FC,VFC,plateau_recentred,plateau,0.49626647396335777,0.48296019715065186,0.013306276812705908,0.0010274439803848994,0.0011421459583864965,-0.04596345526550745,1747.2650808889061,1747.2650808889061,nan,nan,nan,3.7503657461668474,1.8571649894787456
-5.0,1,1708,40.457951650129694,37.94632214035956,FC,VFC,plateau_recentred,plateau,0.49620197606571076,0.4826705427180883,0.013531433347622468,0.000908723213686303,0.0010107989191034522,-0.046233146420969956,1561.2075359301475,1561.2075359301475,nan,nan,nan,3.6973089077029258,1.8648037906311417
-5.0,1,1722,45.86470444391582,43.017423737902746,FC,VFC,plateau_recentred,plateau,0.4960410819281304,0.4823650850323513,0.013675996895779086,0.000805307639232358,0.0008949889949187442,-0.04585587624510886,1357.6105689938724,1357.6105689938724,nan,nan,nan,3.644461833986938,1.865561835474919
-5.0,1,1736,51.99400928447668,48.766221353454846,FC,VFC,plateau_recentred,plateau,0.4961288928915792,0.4812946757381016,0.014834217153477602,0.0007115163792182583,0.0007970289593465947,-0.04928919932878542,1180.5646684543876,1180.5646684543876,nan,nan,nan,3.5941182402580716,1.8718775624564508
-5.0,1,1750,58.942427172510946,55.28328148109825,FC,VFC,plateau_recentred,plateau,0.4962161044351965,0.4809505050770143,0.01526559935818217,0.0006278057160676242,0.0007045715685793526,-0.050099848647908264,1095.480434812504,1095.480434812504,nan,nan,nan,3.540569253076704,1.8882430682632327
-5.0,1,1764,66.81942340661188,62.6712738140377,FC,VFC,plateau_recentred,plateau,0.4961495949475298,0.4805874214986774,0.015562173448852412,0.0005549520586275699,0.0006233795415729869,-0.05049707847424703,957.3299338959064,957.3299338959064,nan,nan,nan,3.4873966841165798,1.8912078621286237
-5.0,1,1778,75.7490920983714,71.04658870181215,FC,VFC,plateau_recentred,plateau,0.495985731308261,0.4802064486711792,0.015779282637081837,0.000491299021680311,0.0005515512980691245,-0.05024001170374781,832.4846033342722,832.4846033342722,nan,nan,nan,3.4342300498994676,1.8935343467684926
-5.0,1,1792,85.87211114964163,80.54117076257413,FC,VFC,plateau_recentred,plateau,0.49607144565468303,0.47898413915959637,0.017087306495086663,0.000433751005254657,0.0004910750582693773,-0.05390738253557403,723.9203437087733,723.9203437087733,nan,nan,nan,3.3837920157169368,1.901362386554927
-5.0,1,1806,97.34795849064633,91.30459753714632,FC,VFC,plateau_recentred,plateau,0.49615671529447053,0.47855281896864965,0.017603896325820878,0.0003830403717365698,0.00043462632334660765,-0.05487147582489273,629.5139416830746,629.5139416830746,nan,nan,nan,3.3307601648966036,1.9048122137065302
-5.0,1,1820,110.35742449353015,103.5064359319456,FC,VFC,plateau_recentred,plateau,0.49608988446132113,0.4780989912529564,0.017990893208364722,0.00033783287883878765,0.00038379607701366367,-0.05539861722127833,587.0331658289821,587.0331658289821,nan,nan,nan,3.2767446701314755,1.9238205484457096
-5.0,1,1834,125.10546014188272,117.33891357415217,FC,VFC,plateau_recentred,plateau,0.4959232582565637,0.4776235807721531,0.01829967748441058,0.00029891304575581986,0.0003394905666391748,-0.05528284133090498,510.47821121651106,510.47821121651106,nan,nan,nan,3.2234718499917623,1.9273928009017642
-5.0,1,1848,141.82440582626876,133.0199471636234,FC,VFC,plateau_recentred,plateau,0.496007844946667,0.4771243095148804,0.018883535431786613,0.0002637661862947269,0.00030031861024529813,-0.05636312547046752,443.9067829478043,443.9067829478043,nan,nan,nan,3.1702263844073975,1.9307618574260872
-5.0,1,1862,160.7776516321715,150.7965755301734,FC,VFC,plateau_recentred,plateau,0.49609193446342265,0.47568488884500404,0.020407045618418607,0.0002327119351854268,0.00026739181468059465,-0.06032945095077882,386.01693004188286,386.01693004188286,nan,nan,nan,3.1197922475018487,1.941882830352338
-5.0,1,1876,182.2637867844891,170.9488514805683,FC,VFC,plateau_recentred,plateau,0.4961758878788898,0.475125237513279,0.021050650365610768,0.00020507234487945365,0.00023625280680227505,-0.06146987950382111,358.1963831942408,358.1963831942408,nan,nan,nan,3.0660211157160764,1.9626663083696134
-5.0,1,1890,206.62130361888174,193.79425374734694,FC,VFC,plateau_recentred,plateau,0.4961069609723194,0.4745386863741111,0.02156827459820826,0.00018107072166092817,0.00020895746260890603,-0.06220965346241988,313.024412803672,313.024412803672,nan,nan,nan,3.0127020248132936,1.9687219660328648
-5.0,1,1904,234.23393018628633,219.69268854526453,FC,VFC,plateau_recentred,plateau,0.4959404204389831,0.4739222666539441,0.02201815378503902,0.0001601427326252792,0.0001848487019197733,-0.06230917023433281,272.2029207488914,272.2029207488914,nan,nan,nan,2.959460544000369,1.9741740897270865
-5.0,1,1918,265.536675500387,249.05215952981908,FC*,VFC,plateau,plateau,0.49396992033133325,0.4732776741223649,0.020692246208968368,0.0001470494234656083,0.0001635400393500536,-0.04616077179872001,236.70495665364948,236.70495665364948,nan,nan,nan,2.9062682367805692,1.9794662063551536
-5.0,1,1932,301.0226826648105,282.3351954823326,FC*,VFC,plateau,plateau,0.49316252010970124,0.4715825516662477,0.021579968443453557,0.00013067781817025637,0.000145670396609698,-0.0471694278859882,205.83627960441032,205.83627960441032,nan,nan,nan,2.856015441526995,1.9940516450266303
-5.0,1,1946,341.25099784412686,320.0661369832566,FC*,VFC,plateau,plateau,0.49337382525612106,0.47086658386063035,0.022507241395490707,0.00011506514050587192,0.00012880189538161233,-0.04897848180388204,186.80648095044978,186.80648095044978,nan,nan,nan,2.802566392789287,2.0109204851361246
-5.0,1,1960,386.8553774709467,362.8393968678808,FC*,VFC,plateau,plateau,0.49358565916010266,0.47011737223588645,0.02346828692421621,0.00010131039768531728,0.000113891759219996,-0.0508382811537489,166.9143903866396,166.9143903866396,nan,nan,nan,2.749136440165138,2.0264429824803787
-5.0,1,1974,438.5542724377551,411.32882459956966,FC*,VFC,plateau,plateau,0.49379840269808956,0.4693376960788371,0.02446070661925248,8.925335267622346e-05,0.00010078089900625495,-0.052753689369020175,145.1470962642151,145.1470962642151,nan,nan,nan,2.6960223669859755,2.034304719133914
-5.0,1,1988,497.1621465643256,466.2983220867555,FC*,VFC,plateau,plateau,0.4940122463164462,0.46852837562512323,0.025483870691322963,7.863320801318174e-05,8.919084302658049e-05,-0.054714274851723296,126.2184734649437,126.2184734649437,nan,nan,nan,2.642964407736849,2.0420594842237656
-5.0,1,2002,563.6023076517386,528.6138781851639,FC*,VFC,plateau,plateau,0.4932017604434574,0.466532682886265,0.026669077557192444,6.990150606471746e-05,7.95342733359213e-05,-0.05606778455100779,109.75833105762484,109.75833105762484,nan,nan,nan,2.593198456367607,2.061707886803841
-5.0,1,2016,638.9214532632683,599.2572114766701,FC*,VFC,plateau,plateau,0.4934114026392763,0.4656355064842716,0.027775896155004698,6.151166051402455e-05,7.031603410317608e-05,-0.05809691709070286,99.61104825288554,99.61104825288554,nan,nan,nan,2.5396985069669418,2.0814436241077217
-5.0,1,2030,724.3061603862267,679.3412362529874,FC*,VFC,plateau,plateau,0.493621835298154,0.46470554458673335,0.028916290711420656,5.415171831462323e-05,6.220013523359575e-05,-0.060179086931059396,89.00396447869868,89.00396447869868,nan,nan,nan,2.4864354677884304,2.1004414844416783
-5.0,1,2044,821.1015787526972,770.1275953551095,FC*,VFC,plateau,plateau,0.4938333741478986,0.463741931656162,0.030091442491736564,4.770181103047009e-05,5.506230887862843e-05,-0.06231955069451622,77.39696361806627,77.39696361806627,nan,nan,nan,2.43349855718888,2.1113630039569187
-5.0,1,2058,930.8326223135522,873.0465360806883,FC*,VFC,plateau,plateau,0.49356375011156495,0.46146184680742064,0.03210190330414431,4.224378226831393e-05,4.9110855073630265e-05,-0.0654147002110825,67.30363093803457,67.30363093803457,nan,nan,nan,2.3838216346057948,2.1341584918011582
-4.0,1,14,0.00011336388169258527,0.00010632625227764493,SC,SC,plateau_recentred,plateau_recentred,0.17838028991593421,0.17838028991593421,0.0,24.175030855181028,24.175030855181028,0.0,243833.33524049955,243833.33524049955,2.5039830103410283,1.0601924138511039,5.567767017767314,8.071750028108342,2.267518196854657
-4.0,1,28,0.00012851369672417512,0.00012053556684025519,MC,MC,tangent,tangent,0.25,0.25,0.0,3.712851726822641,3.712851726822641,0.0,238766.6110825657,238766.6110825657,1.7972364554369151,3.845286670064747,5.460854141585832,7.258090597022748,0.6156552738193019
-4.0,1,42,0.00014568811511317392,0.0001366437973902854,MC,MC,tangent,tangent,0.25,0.25,0.0,1.6910009853461185,1.6910009853461254,-1.784005813123585e-15,233629.43046254458,233629.43046254458,1.5066409970418928,8.156094715263167,5.409885854671597,6.916526851713489,0.6118384471250548
-4.0,1,56,0.0001651577024572859,0.00015490471281399474,MC,MC,tangent,tangent,0.5,0.5,0.0,0.55878934831698,0.5587893483169785,1.2536257065192714e-15,238051.5275559536,238051.5275559536,1.2491156546444646,9.999999999999693,5.186515455376036,6.435631110020501,0.6318123910587401
-4.0,1,70,0.00018722918241986797,0.00017560599537069446,MC,MC,tangent,tangent,0.5,0.5,0.0,0.41545903145710206,0.41545903145710206,0.0,235367.002839423,235367.002839423,1.175770489420917,5.259533976403088,5.131140705950469,6.306911195371386,0.6853601011299518
-4.0,1,84,0.00021225026885263176,0.0001990737728372878,MC,MC,tangent,tangent,0.5,0.5,0.0,0.3283211940581476,0.3283211940581471,6.750292265873004e-16,239921.62306321788,239921.62306321788,1.1319509500035585,4.580614254360022,5.072730959615471,6.204681909619029,0.7388287974988523
-4.0,1,98,0.00024061514367423875,0.00022567775632017926,MC,MC,tangent,tangent,0.5,0.5,0.0,0.26841467148961706,0.26841467148961706,0.0,227309.0712326533,227309.0712326533,1.1094339489225207,3.44963017711692,5.007755292720789,6.11718924164331,0.8141935383131893
-4.0,1,112,0.00027277066680952977,0.00025583706468149684,MC,MC,tangent,tangent,0.5,0.5,0.0,0.22824409800680306,0.22824409800680306,0.0,229820.0069062416,229820.0069062416,1.1056886796894505,2.6643830196014364,4.941093867618635,6.046782547308085,0.909426130208436
-4.0,1,126,0.0003092234160142482,0.0002900268273315183,MC,MC,tangent,tangent,0.5,0.5,0.0,0.19604797010416125,0.19604797010416125,0.0,232521.6942630754,232521.6942630754,1.1101488781797362,2.048637190656002,4.870596462813445,5.980745340993182,1.085366072195371
-4.0,1,140,0.0003505476674960928,0.00032878566941279506,MC,MC,tangent,tangent,0.5,0.5,0.0,0.17465106037826625,0.17465106037826625,0.0,232521.6942630754,232521.6942630754,1.1322159069047395,1.8989200579132959,4.798338310909287,5.930554217814026,1.142705120284442
-4.0,1,154,0.0003973944430566423,0.0003727241972955342,MC,MC,tangent,tangent,0.5,0.5,0.0,0.15761253552274662,0.15761253552274643,5.785964799319719e-16,235420.18882351398,235420.18882351398,1.1630117732071308,1.784745968721549,4.722961973459736,5.885973746666866,1.189918131651193
-4.0,1,168,0.00045050176627992045,0.00042253461806201044,MC,MC,tangent,tangent,0.5,0.5,0.0,0.14349988367359257,0.14349988367359257,0.0,229269.25866869852,229269.25866869852,1.2038455595405684,1.700177216273007,4.6413889805264485,5.8452345400670165,1.2151100073351233
-4.0,1,182,0.0005107062893487946,0.00047900164453023957,MC,MC,tangent,tangent,0.5,0.5,0.0,0.1330683348853923,0.13306833488539246,-5.303801066043082e-16,229269.25866869852,229269.25866869852,1.2521238528182324,1.613090734309171,4.5603338607212835,5.812457713539516,1.2560906651835322
-4.0,1,196,0.0005789564736542463,0.0005430148576110674,MC,MC,tangent,tangent,0.5,0.5,0.0,0.12374434959248984,0.12374434959248984,0.0,223279.03665857785,223279.03665857785,1.3035489827152578,1.5455127139185267,4.477359385665275,5.7809083683805325,1.2946502550495216
-4.0,1,210,0.0006563275318451911,0.0006155827207555844,MC,MC,tangent,tangent,0.5,0.5,0.0,0.11473893666658255,0.11473893666658241,4.821637332766433e-16,232330.79367748593,232330.79367748593,1.3574433932133405,1.4475876169379582,4.39065041861657,5.74809381182991,1.4869259479299368
-4.0,1,224,0.0007440383667169925,0.0006978484672774944,MC,MC,tangent,tangent,0.5,0.5,0.0,0.10864450883614375,0.10864450883614375,0.0,232330.79367748593,232330.79367748593,1.42024037883401,1.4089554198369507,4.3041503931056155,5.724390771939626,1.5299869138545068
-4.0,1,238,0.000843470773792987,0.0007911081108384397,MC,MC,tangent,tangent,0.5,0.5,0.0,0.10374346966113375,0.10374346966113346,1.2536257065192714e-15,232330.79367748593,232330.79367748593,1.492574135952083,1.3706794427365687,4.211769623815503,5.7043437597675855,1.5938420399943836
-4.0,1,252,0.0009561912101145875,0.0008968308628316843,MC,MC,tangent,tangent,0.5,0.5,0.0,0.09911768594808673,0.09911768594808673,0.0,232330.79367748593,232330.79367748593,1.5596274381854311,1.344553271707234,4.124906707093367,5.684534145278798,1.6271632413239638
-4.0,1,266,0.0010839754721896355,0.0010166822783235104,MC,MC,tangent,tangent,0.5,0.5,0.0,0.09532717564504317,0.09532717564504317,0.0,232330.79367748593,232330.79367748593,1.6383711897735453,1.31855314596072,4.029228527208266,5.667599716981812,1.6683006141649213
-4.0,1,280,0.001228836671870237,0.0011525504951886475,MC,MC,tangent,tangent,0.5,0.5,0.0,0.09175330506954282,0.09175330506954288,-2.4108186663832183e-16,235598.38272850754,235598.38272850754,1.7126967541665723,1.3001627564633518,3.9383079539255395,5.6510047080921115,1.7062013720744793
-4.0,1,294,0.0013930569508946444,0.0013065759798134955,MC,MC,tangent,tangent,0.5,0.5,0.0,0.0873724339493015,0.08737243394930162,-6.268128532596371e-16,235598.38272850754,235598.38272850754,1.7880320686575746,1.2754444018568736,3.841725356492993,5.629757425150568,1.8506796429027481
-4.0,1,308,0.001579223433723298,0.0014811852479802185,MC,MC,tangent,tangent,0.5,0.5,0.0,0.08494703006313856,0.08494703006313856,0.0,235598.38272850754,235598.38272850754,1.8697684497221048,1.2581983716243366,3.747762740900929,5.617531190623033,1.8706185437176828
-4.0,1,322,0.0017902689850683995,0.001679129092169012,MC,MC,tangent,tangent,0.5,0.5,0.0,0.08301089038019722,0.08301089038019722,0.0,235598.38272850754,235598.38272850754,1.95767976679222,1.239958692951729,3.649838296416491,5.607518063208711,1.8952457853598539
-4.0,1,336,0.0020295184142127276,0.0019035259175129542,MC,MC,tangent,tangent,0.5,0.5,0.0,0.08148416298562955,0.08148416298562942,6.750292265873004e-16,235598.38272850754,235598.38272850754,2.046063950986429,1.2232113189118712,3.5533922488513343,5.599456199837763,1.9050331519621375
-4.0,1,350,0.002300740854018324,0.0021579108691179975,MC,MC,tangent,tangent,0.5,0.5,0.0,0.08039390603755393,0.08039390603755406,-6.750292265873014e-16,235598.38272850754,235598.38272850754,2.133517690145536,1.2048137333816948,3.460088430817328,5.593606120962864,1.9537501238000736
-4.0,1,364,0.002608209139803419,0.002446291524699407,MC,MC,tangent,tangent,0.5,0.5,0.0,0.07864134023769716,0.07864134023769716,0.0,235598.38272850754,235598.38272850754,2.2190367653198515,1.1785565064022165,3.3649971320427663,5.584033897362618,1.9750789466427685
-4.0,1,378,0.0029567671235433135,0.0027732110299172608,FC,FC,plateau_recentred,plateau_recentred,0.5462389913922283,0.5462389913922283,0.0,0.06682992999253308,0.06682992999253308,0.0,235598.38272850754,235598.38272850754,2.318901043132902,1.3177528107172618,3.194452954099633,5.513353997232535,1.8241992916956347
-4.0,1,392,0.0033519059838602594,0.003143819671042405,FC,FC,plateau_recentred,plateau_recentred,0.5491586913908403,0.5491586913908403,0.0,0.06448908805956091,0.06448908805956091,0.0,235598.38272850754,235598.38272850754,2.405090494370414,1.3121156068264166,3.0927787323027496,5.4978692266731635,1.7587158679212673
-4.0,1,406,0.0037998507339918053,0.0035639560125104,FC,FC,plateau_recentred,plateau_recentred,0.5435401083682085,0.5435401083682085,0.0,0.0640314734558093,0.0640314734558093,0.0,235598.38272850754,235598.38272850754,2.496272060780331,1.2820920726660867,2.9985044259484828,5.494776486728814,1.7506410600520201
-4.0,1,420,0.004307658290578997,0.0040402388775996586,FC,FC,plateau_recentred,plateau_recentred,0.5371848627833129,0.5371848627833129,0.0,0.06419023283884898,0.06419023283884898,0.0,235598.38272850754,235598.38272850754,2.5855166132538434,1.2490992500321527,2.910335328812926,5.4958519420667695,1.7475484033685216
-4.0,1,434,0.004883328648255025,0.004580171621301985,FC,FC,plateau_recentred,plateau_recentred,0.5377595049280759,0.5377595049280759,0.0,0.06289267708744586,0.06289267708744586,0.0,235598.38272850754,235598.38272850754,2.680031915985651,1.2405779091676212,2.8069511563520657,5.486983072337717,1.7129494645633094
-4.0,1,448,0.005535930911470199,0.005192260338092255,FC,FC,plateau_recentred,plateau_recentred,0.5323044799550789,0.5323044799550789,0.0,0.06292197416831627,0.06292197416831627,0.0,235598.38272850754,235598.38272850754,2.773028058320479,1.2092231408405583,2.7141572728266983,5.487185331147177,1.7077586321790783
-4.0,1,462,0.006275746169065011,0.005886147866848442,FC,FC,plateau_recentred,plateau_recentred,0.5295303511262826,0.5295303511262826,0.0,0.06219261669624265,0.06219261669624265,0.0,235598.38272850754,235598.38272850754,2.86491399406615,1.1948716923857041,2.617207826718678,5.482121820784828,1.6886491382587827
-4.0,1,476,0.007114429462428795,0.006672765704027499,FC,FC,plateau_recentred,plateau_recentred,0.5176964471429684,0.5176964471429684,0.0,0.06316745966284344,0.06316745966284344,0.0,220426.24976301994,220426.24976301994,2.954664857778946,1.1544208557051447,2.5342115449691773,5.488876402748123,1.775538762016493
-4.0,1,490,0.008065193398893555,0.007564506218340277,FC,FC,plateau_recentred,plateau_recentred,0.5189967483624638,0.5189967483624638,0.0,0.062115452274076985,0.062115452274076985,0.0,220426.24976301994,220426.24976301994,3.0569953778066252,1.1625163243477445,2.424587264993575,5.4815826428002,1.7364706284754627
-4.0,1,504,0.009143016303003959,0.008575417879991347,FC,FC,plateau_recentred,plateau_recentred,0.515273664346043,0.515273664346043,0.0,0.062040011808460895,0.062040011808460895,0.0,220426.24976301994,220426.24976301994,3.155294377911328,1.1521617748198434,2.325760484944532,5.48105486285586,1.7492625248300346
-4.0,1,518,0.010364878184875526,0.00972142658012226,FC,FC,plateau_recentred,plateau_recentred,0.5112538929702698,0.5112538929702698,0.0,0.06215200012829294,0.06215200012829294,0.0,220426.24976301994,220426.24976301994,3.2577147533568267,1.1351338511574798,2.2241233470320205,5.481838100388847,1.7653487390122204
-4.0,1,532,0.011750028243087796,0.011020586527125955,FC,FC,plateau_recentred,plateau_recentred,0.5111309369441088,0.5111309369441088,0.0,0.06234790755316564,0.06234790755316564,0.0,220426.24976301994,220426.24976301994,3.369929784232361,1.1373016070900452,2.1132750896006343,5.483204873832995,1.7448334364931675
-4.0,1,546,0.013320288116345003,0.012493364672445311,FC,FC,plateau_recentred,plateau_recentred,0.5113262836792437,0.5113262836792437,0.0,0.061168188037017984,0.061168188037017984,0.0,220426.24976301994,220426.24976301994,3.466699722848085,1.1515167761022613,2.0082088839451306,5.474908606793216,1.7475363297233986
-4.0,1,560,0.015100395661331367,0.014162963146700264,FC,FC,plateau_recentred,plateau_recentred,0.5104669912647224,0.5104669912647224,0.0,0.06040118516585314,0.06040118516585314,0.0,220426.24976301994,220426.24976301994,3.5696673211052135,1.157744008488329,1.8997611301897654,5.469428451294979,1.7528775538812018
-4.0,1,574,0.01711839467263121,0.01605568478579653,FC,FC,plateau_recentred,plateau_recentred,0.5134331916336099,0.5134331916336099,0.0,0.0595354494834657,0.0595354494834657,0.0,220426.24976301994,220426.24976301994,3.67802043220091,1.189728975608996,1.7851381956830181,5.463158627883928,1.703835700366462
-4.0,1,588,0.019406076684359785,0.018201347505512593,FC,FC,plateau_recentred,plateau_recentred,0.5125680645553541,0.5125680645553541,0.0,0.0588964287846146,0.0588964287846146,0.0,220426.24976301994,220426.24976301994,3.774377933921166,1.2053132640306488,1.6840940190463303,5.458471952967496,1.7274454442866112
-4.0,1,602,0.02199948181363931,0.020633754052614348,FC,FC,plateau_recentred,plateau_recentred,0.510529315168895,0.510529315168895,0.0,0.058224187578539456,0.058224187578539456,0.0,220426.24976301994,220426.24976301994,3.871555538294015,1.206493028081792,1.5819308901519018,5.453486428445917,1.7424283908392064
-4.0,1,616,0.02493946653620638,0.023391224532954596,FC,FC,plateau_recentred,plateau_recentred,0.5131199983086622,0.5131199983086622,0.0,0.05757227486781456,0.05757227486781456,0.0,225494.56810802623,225494.56810802623,3.976488769202957,1.2465691303632356,1.4721076120309116,5.448596381233869,1.7093128041469088
-4.0,1,630,0.028272347338879067,0.02651720010599705,FC,FC,plateau_recentred,plateau_recentred,0.5153711450126155,0.5153711450126155,0.0,0.05616658518984072,0.05616658518984072,0.0,225494.56810802623,225494.56810802623,4.075689814349226,1.28377874240497,1.3621711971914703,5.437861011540696,1.682501963727021
-4.0,1,644,0.03205063038897715,0.030060927356361258,FC,FC,plateau_recentred,plateau_recentred,0.5147840691385653,0.5147840691385653,0.0,0.055094781226064614,0.055094781226064614,0.0,219679.9886616877,219679.9886616877,4.1683953819976685,1.301540048994322,1.2610980719343141,5.429493453931983,1.6947249644969395
-4.0,1,658,0.036333838715903344,0.03407823412397392,FC,FC,plateau_recentred,plateau_recentred,0.5158578755714922,0.5158578755714922,0.0,0.053912557389303895,0.053912557389303895,0.0,219679.9886616877,219679.9886616877,4.265854840445015,1.3292750249820504,1.154218084063091,5.420072924508106,1.6743565399967224
-4.0,1,672,0.04118944993628881,0.038632409015240336,FC,FC,plateau_recentred,plateau_recentred,0.515388985961892,0.515388985961892,0.0,0.054174687716932984,0.054174687716932984,0.0,219679.9886616877,219679.9886616877,4.368698953901264,1.347168883357197,1.0534804537150606,5.4221794076163246,1.68218735012302
-4.0,1,686,0.04669395929562081,0.043795198451051204,FC,FC*,plateau_recentred,plateau,0.5142534549138351,0.5225738116115497,-0.008320356697714582,0.0537567948010605,0.054560721139518965,-0.0064467354270818285,219679.9886616877,219679.9886616877,5.394881285470624,1.3762988757251255,0.03038180742153873,5.425263092892163,1.6253113077127501
-4.0,1,700,0.05293408477349404,0.04964793695910376,FC,FC*,plateau_recentred,plateau,0.513794764127882,0.5219442855432166,-0.008149521415334537,0.05230999460291329,0.05306494258267346,-0.006223023431599466,219679.9886616877,219679.9886616877,5.382808882281458,1.389236306129522,0.03038180742153873,5.413190689702997,1.6276886420989893
-4.0,1,714,0.060008133237702044,0.05628282851715159,FC,FC*,plateau_recentred,plateau,0.5146844415520981,0.5221649972499509,-0.007480555697852775,0.051981918547998045,0.05289622694679954,-0.00757239080309733,219679.9886616877,219679.9886616877,5.381425878829968,1.4080003629322022,0.03038180742153873,5.411807686251507,1.6333649030090138
-4.0,1,728,0.06802754916954634,0.06380439913345144,FC,FC*,plateau_recentred,plateau,0.5131418194316683,0.5205451729132039,-0.007403353481535646,0.05083941157204522,0.05172945301855659,-0.0075373709730963655,219679.9886616877,219679.9886616877,5.3717390698829215,1.4013465371428668,0.03038180742153873,5.40212087730446,1.6251479152826505
-4.0,1,742,0.07711867035896258,0.07233114354834155,FC,FC*,plateau_recentred,plateau,0.5133357106949235,0.5207153758595712,-0.00737966516464772,0.05032979581471628,0.05092912047071304,-0.005141007625713209,222925.93962712042,222925.93962712042,5.364967359747772,1.4147836580194717,0.03038180742153873,5.395349167169311,1.6257796346408098
-4.0,1,756,0.08742471822866626,0.08199739199907073,FC,FC*,plateau_recentred,plateau,0.5124968251765846,0.5205020142025385,-0.00800518902595393,0.04987367188851667,0.0502606776540337,-0.0033569959970212084,222925.93962712042,222925.93962712042,5.359229523426999,1.4370768715068134,0.03038180742153873,5.389611330848537,1.618063104757312
-4.0,1,770,0.09910805414286328,0.09295542645687134,FC,FC*,plateau_recentred,plateau,0.5117469250631657,0.5198612234848072,-0.008114298421641575,0.04902541296998609,0.04932484577878429,-0.002644475368316293,222925.93962712042,222925.93962712042,5.351066919673047,1.458489226222613,0.03038180742153873,5.381448727094586,1.6198991810956807
-4.0,1,784,0.11235273724638661,0.10537787967545051,FC,FC*,plateau_recentred,plateau,0.5121818828127904,0.5179013144384795,-0.005719431625689109,0.0474762957730493,0.048476199090879725,-0.00905173365209854,208496.76600281245,208496.76600281245,5.343529744075934,1.4662512039567261,0.03038180742153873,5.373911551497473,1.6196555359809643
-4.0,1,798,0.127367424130429,0.11946045484548332,FC,FC*,plateau_recentred,plateau,0.5116150657391934,0.5171506475176783,-0.005535581778484899,0.046433447416318,0.047286250592959204,-0.00790395070446999,217215.6756678127,217215.6756678127,5.332736063065031,1.5129035781854256,0.03038180742153873,5.36311787048657,1.6246866631144257
-4.0,1,812,0.14438865600617423,0.13542500870051552,FC,FC*,plateau_recentred,plateau,0.5105963552655807,0.5157079648795032,-0.005111609613922541,0.045552678520022614,0.04646212146529861,-0.0085851170580376,217215.6756678127,217215.6756678127,5.325100219478942,1.5550193811403945,0.03038180742153873,5.35548202690048,1.6387101604732097
-4.0,1,826,0.1636845851724229,0.15352304664549105,FC,FC*,plateau_recentred,plateau,0.510522949910736,0.5139250811053353,-0.0034021311945993116,0.04437965825053276,0.04571481229296504,-0.012872987289327842,217215.6756678127,217215.6756678127,5.318058124506063,1.5628839180224585,0.03038180742153873,5.348439931927602,1.6516758460221885
-4.0,1,840,0.18555919948394317,0.17403968497012076,FC,FC*,plateau_recentred,plateau,0.5106801460778703,0.5137934728880011,-0.0031133268101308786,0.04311229799363154,0.04438639796223175,-0.012648730203797363,203120.49011111498,203120.49011111498,5.305251086290761,1.6353398774244023,0.03038180742153873,5.3356328937123,1.6529250302126195
-4.0,1,854,0.2103571113727749,0.19729814256775954,FC,FC*,plateau_recentred,plateau,0.5095815270129619,0.5122504026901336,-0.002668875677171667,0.041916759582024773,0.04325621508715874,-0.013660814364196137,202539.32397674277,202539.32397674277,5.294049699689144,1.6521940045645207,0.03038180742153873,5.324431507110683,1.670510344941816
-4.0,1,868,0.23846898686867357,0.22366483292227807,FC,FC*,plateau_recentred,plateau,0.5100606485369091,0.5109558708235165,-0.0008952222866073223,0.040181160027881004,0.041863606186965795,-0.017814165669906203,202539.32397674277,202539.32397674277,5.279837819951722,1.64841549370683,0.03038180742153873,5.310219627373261,1.6853699476392927
-4.0,1,882,0.27033770014742475,0.2535551365820376,FC,FC*,plateau_recentred,plateau,0.5095340308415257,0.509704554853351,-0.00017052401182526822,0.03885639274299111,0.0406769641472201,-0.019886052523925047,197351.264641963,197351.264641963,5.267349716295714,1.6566837856311298,0.03038180742153873,5.297731523717252,1.6924672715004885
-4.0,1,896,0.30646531056571247,0.287439945060456,FC,FC*,plateau_recentred,plateau,0.5096600665392373,0.5094698336521424,0.00019023288709496544,0.037038493092928566,0.03882571379545486,-0.02046613966151158,192296.09781977185,192296.09781977185,5.2471206324377535,1.6876892652067441,0.03038180742153873,5.277502439859292,1.6971976817019527
-4.0,1,910,0.3474209720986756,0.3258530792557056,FC,FC*,plateau_recentred,plateau,0.5095742846674082,0.5093215484297661,0.00025273623764210384,0.035317874381087494,0.03697494146755868,-0.01991293764507624,192296.09781977185,192296.09781977185,5.225908678799063,1.713709687092675,0.03038180742153873,5.2562904862206015,1.6878578817872256
-4.0,1,924,0.3938498997853399,0.36939969925924143,FC,FC*,plateau_recentred,plateau,0.5099767568977776,0.5093322918139486,0.0006444650838289823,0.033343427539324386,0.03496756539649346,-0.020655154662915714,187370.41945891117,187370.41945891117,5.20166657940368,1.7448089812465697,0.03038180742153873,5.232048386825219,1.6962568997119585
-4.0,1,938,0.44648353443920774,0.41876583804118983,FC,FC*,plateau_recentred,plateau,0.5097779244375026,0.5086109820150951,0.0011669424224074465,0.031524231736474354,0.03324203748127778,-0.023043123470430478,187370.41945891117,187370.41945891117,5.179688818470818,1.743268376941895,0.03038180742153873,5.210070625892357,1.708738822094301
-4.0,1,952,0.5016364722968638,0.47049488169204756,FC,FC*,plateau_recentred,plateau,0.5098990313110682,0.5088057587356234,0.0010932725754447814,0.029732142337665874,0.031332481670972905,-0.02276859103747374,182570.91270314148,182570.91270314148,5.153995977916441,1.768700091281165,0.03038180742153873,5.18437778533798,1.7040426172130851
-4.0,1,966,0.5437616319255452,0.5100049115449525,FC,FC*,plateau_recentred,plateau,0.5095599933123108,0.5087143131250769,0.0008456801872339659,0.02854532062981488,0.0299722249692079,-0.021184058219965638,190405.85394809223,190405.85394809223,5.134720167349946,1.7608541364727255,0.03038180742153873,5.165101974771485,1.7133139566231244
-4.0,1,980,0.5841669263524998,0.5479018454223843,FC,FC*,plateau_recentred,plateau,0.510027349594261,0.5088089930499266,0.0012183565443344424,0.02730744878663713,0.028808332336675617,-0.0232369906348051,185561.1259125411,185561.1259125411,5.117519302100639,1.768588116013256,0.030381807421537843,5.147901109522177,1.7103852198098926
-4.0,1,994,0.6278195488721805,0.5888445132748733,FC,VFC,plateau_recentred,plateau,0.5095944771095215,0.5087101744925209,0.0008843026170006762,0.026297305385381213,0.027626728168298316,-0.02141820471898818,185561.1259125411,185561.1259125411,nan,nan,nan,5.129712445545692,1.9541096031586587
-4.0,1,1008,0.674207802630171,0.632352984387098,FC,VFC,plateau_recentred,plateau,0.5101514376443393,0.5095365756949641,0.0006148619493752117,0.02514248602009833,0.026362171821514294,-0.020572968997268452,180839.66819274772,180839.66819274772,nan,nan,nan,5.109364177370555,1.947024664486425
-4.0,1,1022,0.724306160386226,0.6793412362529868,FC,VFC,plateau_recentred,plateau,0.5102058353065436,0.5089033329065829,0.0013025023999607699,0.024067429551132013,0.02539550354633607,-0.02332711926844342,180839.66819274772,180839.66819274772,nan,nan,nan,5.093139819566689,1.946706488600043
-4.0,1,1036,0.771186703589626,0.7233114354834157,FC,VFC,plateau_recentred,plateau,0.5108086047667443,0.509787032578212,0.0010215721885322715,0.023038348716160294,0.024263033875271078,-0.02249375694721656,176238.3442719404,176238.3442719404,nan,nan,nan,5.073328095617036,1.9362321651949934
-4.0,1,1050,0.8233082706766917,0.7721972958514804,FC,VFC,plateau_recentred,plateau,0.5106757396662557,0.5093342108384977,0.001341528827757954,0.022052007475599888,0.023291024469266813,-0.023740460617881227,183962.72676398273,183962.72676398273,nan,nan,nan,5.055571582702681,1.9498877094477065
-4.0,1,1064,0.8759398496240602,0.8215615065451826,FC,VFC,plateau_recentred,plateau,0.5108811002546215,0.5102538005555033,0.0006272996991182334,0.02112951345409281,0.02221220838372882,-0.02170224241300554,179313.3753306308,179313.3753306308,nan,nan,nan,5.034974730203604,1.9410460318908802
-4.0,1,1078,0.9308326223135523,0.8730465360806885,FC,VFC,plateau_recentred,plateau,0.5107419243266087,0.5111924493686116,-0.0004505250420029361,0.020245909544702692,0.02110898601372927,-0.01813007997885836,179313.3753306308,179313.3753306308,nan,nan,nan,5.012850363193765,1.9379373269292677
-4.0,1,1092,0.9887218045112784,0.9273419580316868,FC,VFC,plateau_recentred,plateau,0.5110605287717399,0.5116466498856367,-0.0005861211138967759,0.019373616070131997,0.02023421685549098,-0.01887571112563172,179313.3753306308,179313.3753306308,nan,nan,nan,4.994469391184864,1.9368987362714745
-4.0,1,1106,1.045815930351596,0.980891680721416,FC,VFC,plateau_recentred,plateau,0.5113307445494498,0.5119642424101242,-0.000633497860674348,0.018539673537224702,0.019347905742721962,-0.018531880528223056,179114.09156797276,179114.09156797276,nan,nan,nan,4.975016954019539,1.9394947288497706
-4.0,1,1120,1.1035742449353014,1.035064359319456,FC,VFC,plateau_recentred,plateau,0.5097036065591795,0.5106546239471729,-0.0009510173879934136,0.017906299437161533,0.018676923191385676,-0.01829949007346809,174617.89439468322,174617.89439468322,nan,nan,nan,4.959688323810299,1.917869725931479
-4.0,1,1134,1.1645224352961225,1.092228886216513,FC,VFC,plateau_recentred,plateau,0.506079875244237,0.5047588624551697,0.0013210127890673773,0.017678343743089464,0.018548276159164042,-0.02086197914010013,174617.89439468322,174617.89439468322,nan,nan,nan,4.956686544391474,1.879553707538837
-4.0,1,1148,1.2288366718702433,1.1525504951886534,FC,VFC,plateau_recentred,plateau,0.5069733546468725,0.5031050923970719,0.003868262249800636,0.01700807072134061,0.01815928185644308,-0.028443616493214533,170234.56265171344,170234.56265171344,nan,nan,nan,4.94748166057048,1.8763490797234643
-4.0,1,1162,1.2894736842105265,1.2094231619956979,FC,VFC,plateau_recentred,plateau,0.5073688117207299,0.503172192535428,0.0041966191853018975,0.01647632487309904,0.01761646164189838,-0.02905833592492991,162819.69602888127,162819.69602888127,nan,nan,nan,4.934301673578163,1.8704968317727997
-4.0,1,1176,1.3561125023080152,1.2719250424776285,FC,VFC,plateau_recentred,plateau,0.507139283600359,0.5027032616698631,0.004436021930495859,0.016010092470192354,0.01715171742164947,-0.02991377267345017,158732.52761777327,158732.52761777327,nan,nan,nan,4.9226906040259735,1.8718621726038784
-4.0,1,1190,1.4182440582626876,1.330199471636234,FC,VFC,plateau_recentred,plateau,0.5075515138117068,0.5028670192306193,0.0046844945810875505,0.015517466727621079,0.016639962967392726,-0.03033153257470916,151818.65241724355,151818.65241724355,nan,nan,nan,4.90953534647608,1.8656674282073265
-4.0,1,1204,1.4849624060150375,1.392775944572305,FC,VFC,plateau_recentred,plateau,0.5073301825052949,0.5024313996770957,0.004898782828199222,0.015103274711356602,0.01622438582885868,-0.031097143857275803,148007.63682447016,148007.63682447016,nan,nan,nan,4.8985512566981555,1.866777074622651
-4.0,1,1218,1.5526315789473681,1.4562442154642072,FC,VFC,plateau_recentred,plateau,0.5071089608737047,0.5025888113027798,0.004520149570924947,0.01469237036185304,0.015713266149210137,-0.029174599184314705,148007.63682447016,148007.63682447016,nan,nan,nan,4.884649457642109,1.8678470651976202
-4.0,1,1232,1.6222460729620618,1.5215370419118663,FC,VFC,plateau_recentred,plateau,0.507517153091084,0.5021663564878495,0.005350796603234564,0.014234723661012012,0.015332097862166051,-0.032252542021825786,141560.90315817442,141560.90315817442,nan,nan,nan,4.873984573671096,1.8660153948986569
-4.0,1,1246,1.6954887218045114,1.590232787347113,FC,VFC,plateau_recentred,plateau,0.5072871793144581,0.5017337527869112,0.0055534265275468675,0.013847160304790138,0.014939589819769094,-0.03297795374561454,138007.38189663534,138007.38189663534,nan,nan,nan,4.862721664739439,1.867144252620748
-4.0,1,1260,1.763157894736842,1.6537010582390153,FC,VFC,plateau_recentred,plateau,0.5074170874652646,0.5019382343236477,0.005478853141616891,0.013473522713375437,0.014518712224933866,-0.03244693836650646,131996.2269713965,131996.2269713965,nan,nan,nan,4.85031108824232,1.8610316692490534
-4.0,1,1274,1.8383458646616537,1.7242213592300177,FC,VFC,plateau_recentred,plateau,0.5074893909834572,0.5015241281771384,0.005965262806318816,0.013096211535500075,0.014162811680495248,-0.03400379911279438,128682.80222966727,128682.80222966727,nan,nan,nan,4.839532471532227,1.8622601981560565
-4.0,1,1288,1.9061437174542544,1.7878103215368737,FC,VFC,plateau_recentred,plateau,0.5076279332334628,0.5011590396161981,0.006468893617264659,0.012741070534281359,0.013845257177268387,-0.03609510726568922,128682.80222966727,128682.80222966727,nan,nan,nan,4.829684018279536,1.8666217636113358
-4.0,1,1302,1.981203007518797,1.8582099311129234,FC,VFC,plateau_recentred,plateau,0.5074113291713628,0.5013641833876207,0.006047145783742103,0.012433001122120852,0.01344685119235242,-0.034044625999216906,123077.79581779463,123077.79581779463,nan,nan,nan,4.817003589897347,1.8605831236664951
-4.0,1,1316,2.056390977443609,1.9287302321039261,FC,VFC,plateau_recentred,plateau,0.5074994771735208,0.5009853849964123,0.006514092177108521,0.012109831786634502,0.013142155323099971,-0.03552848512321495,119988.24528156209,119988.24528156209,nan,nan,nan,4.807049586730327,1.8616006370609433
-4.0,1,1330,2.1315789473684212,1.999250533094929,FC,VFC,plateau_recentred,plateau,0.5076317169283825,0.501212509784981,0.006419207143401495,0.011774564656119762,0.012761158107644645,-0.03494523068466669,119988.24528156209,119988.24528156209,nan,nan,nan,4.7942730805578675,1.8623856668051526
-4.0,1,1344,2.206766917293233,2.0697708340859315,FC,VFC,plateau_recentred,plateau,0.5074263664790665,0.5008570093122404,0.006569357166826051,0.011511079937198201,0.01249113706801712,-0.03548590416367907,114761.9456323503,114761.9456323503,nan,nan,nan,4.784984965046019,1.8601335103225207
-4.0,1,1358,2.281954887218045,2.1402911350769345,FC,VFC,plateau_recentred,plateau,0.5075295761317654,0.5005086691018865,0.007020907029878898,0.011232294474839312,0.012228676332384097,-0.036910969530705946,111881.14306100416,111881.14306100416,nan,nan,nan,4.775762441330411,1.8609584061095097
-4.0,1,1372,2.3634197261974306,2.2166986371115653,FC,VFC,plateau_recentred,plateau,0.5076594359486457,0.5007411373698873,0.006918298578758364,0.010920639563756674,0.011872968808900779,-0.03631125345246327,111881.14306100416,111881.14306100416,nan,nan,nan,4.762942317935473,1.8614904879808263
-4.0,1,1386,2.4398496240601504,2.2883837671580403,FC,VFC,plateau_recentred,plateau,0.5074618456690272,0.5004077374843178,0.007054108184709418,0.01069071561157673,0.0116360677760046,-0.036799465353280096,107007.96254768773,107007.96254768773,nan,nan,nan,4.754189233247404,1.8590268815149222
-4.0,1,1400,2.5618890136872023,2.4028469518651714,FC,VFC,plateau_recentred,plateau,0.5078083793606667,0.5004911976113834,0.007317181749283308,0.010272888823844748,0.011194859835376629,-0.03732607230917282,104321.8037172207,104321.8037172207,nan,nan,nan,4.737401651441367,1.8580302968479352
-4.0,1,1414,2.9042568305729306,2.7239605757674785,FC,VFC,plateau_recentred,plateau,0.5076479797320296,0.4997487310019736,0.007899248730055985,0.009353508101766656,0.01023229243905406,-0.03899841703577733,93036.31067263329,93036.31067263329,nan,nan,nan,4.698355934842359,1.8543086785809775
-4.0,1,1428,3.2923782774609203,3.087987444467019,FC,VFC,plateau_recentred,plateau,0.507803898519102,0.49897381143958697,0.008830087079515048,0.008461149814843737,0.00932471618835687,-0.04220623745652179,84572.59666595342,84572.59666595342,nan,nan,nan,4.658018613333979,1.8549064731235232
-4.0,1,1442,3.732367815334758,3.500662433228964,FC,VFC,plateau_recentred,plateau,0.5078960661207828,0.49878668544114063,0.00910938067964212,0.007639671432743911,0.008417487085632596,-0.04210777792762327,78858.38120576384,78858.38120576384,nan,nan,nan,4.613565449805012,1.855979571040969
-4.0,1,1456,4.231157034510027,3.9684868192641503,FC,VFC,plateau_recentred,plateau,0.5079941606057684,0.4979535010454575,0.010040659560310916,0.006886223794739418,0.007643461528564435,-0.04530895131342612,68562.12078358995,68562.12078358995,nan,nan,nan,4.57167307505927,1.8510417641600831
-4.0,1,1470,4.796603854831481,4.49883070277836,FC,VFC,plateau_recentred,plateau,0.5077102524978989,0.4977184608316629,0.009991791666236038,0.006205492598893131,0.006871018611804078,-0.04424486295204578,63929.66599315172,63929.66599315172,nan,nan,nan,4.525404115985725,1.8535571253412741
-4.0,1,1484,5.437616319255451,5.100049115449525,FC,VFC,plateau_recentred,plateau,0.5080807511431601,0.49682329978235273,0.011257451360807358,0.005559978767024132,0.0062155310503935884,-0.04840510730332292,55582.59521001507,55582.59521001507,nan,nan,nan,4.48186123141578,1.8500886192189607
-4.0,1,1498,6.164292931060074,5.781613645504394,FC,VFC,plateau_recentred,plateau,0.5077445861267773,0.49654097866095354,0.011203607465823773,0.004993117914995549,0.005567856052101022,-0.047316176508078275,51827.11249590339,51827.11249590339,nan,nan,nan,4.434070989819636,1.8540195502224706
-4.0,1,1512,6.988081745554302,6.554261653014747,FC,VFC,plateau_recentred,plateau,0.5080749322674681,0.49558434324099815,0.01249058902646999,0.004457562442156157,0.005018755803127124,-0.051498629244891334,45060.229394477,45060.229394477,nan,nan,nan,4.388979055844863,1.8516444268117656
-4.0,1,1526,7.921960722614703,7.430165426149287,FC,VFC,plateau_recentred,plateau,0.508058760160804,0.49525879124221533,0.012799968918588644,0.003982351335329606,0.004488891388944506,-0.05199952536690456,40185.63091842573,40185.63091842573,nan,nan,nan,4.340522088600838,1.8496870314981475
-4.0,1,1540,8.980642181321814,8.423123943266825,FC,VFC,plateau_recentred,plateau,0.5079894819420703,0.49491442427620974,0.013075057665860534,0.0035555046598003256,0.0040065132115808914,-0.05186532701907384,36529.857330537816,36529.857330537816,nan,nan,nan,4.291149570229014,1.8518367149702641
-4.0,1,1554,10.180804577672388,9.548780261868876,FC,VFC,plateau_recentred,plateau,0.5079379088639472,0.49387798473682876,0.014059924127118428,0.0031706709435561447,0.003599518686247996,-0.055093259759613634,31760.282828638272,31760.282828638272,nan,nan,nan,4.244627423519214,1.8517440257582078
-4.0,1,1568,11.541355256790725,10.824867959154556,FC,VFC,plateau_recentred,plateau,0.5082051206549819,0.4934992565162752,0.014705864138706726,0.002812977917282323,0.003204202332015293,-0.056553609326497306,29614.373795287593,29614.373795287593,nan,nan,nan,4.194102923215869,1.85887211103587
-4.0,1,1582,13.083728319034785,12.271490506599772,FC,VFC,plateau_recentred,plateau,0.5084595802691646,0.49310653375459695,0.015353046514567648,0.002496905056910214,0.0028538476468468765,-0.058028755593335646,25747.72956326518,25747.72956326518,nan,nan,nan,4.1438137755633155,1.8549740128328938
-4.0,1,1596,14.832222292576159,13.911437979824496,FC,VFC,plateau_recentred,plateau,0.50799869479315,0.4919973108629973,0.016001383930152657,0.002228905668449165,0.002557054765615475,-0.059648340914107756,22385.93941731541,22385.93941731541,nan,nan,nan,4.0961230206625,1.85672883126457
-4.0,1,1610,16.814382932144426,15.770546093192305,FC,VFC,plateau_recentred,plateau,0.5082323330998796,0.4915766609804507,0.016655672119428866,0.001974448766919446,0.0022727683357332247,-0.06110930102807717,19964.23700623104,19964.23700623104,nan,nan,nan,4.044938161207479,1.85759943101412
-4.0,1,1624,19.061437174542544,17.878103215368736,FC,VFC,plateau_recentred,plateau,0.508456406628357,0.4911447593993711,0.017311647228985927,0.001747119165402194,0.002017850032653074,-0.0625663583479667,18148.0472716996,18148.0472716996,nan,nan,nan,3.993271877229018,1.8630789301999784
-4.0,1,1638,21.608785087464042,20.267311777957495,FC,VFC,plateau_recentred,plateau,0.507961931328838,0.4899651911047187,0.017996740224119345,0.0015559692182398326,0.0018038202783437316,-0.06419226382168476,15778.520811654933,15778.520811654933,nan,nan,nan,3.9445762559590243,1.866236604271644
-4.0,1,1652,24.496557561768185,22.975811346240924,FC,VFC,plateau_recentred,plateau,0.5081707459505255,0.4895062091025848,0.01866453684794067,0.001377216663680185,0.0016019964495935855,-0.06565928042369598,13718.37505581462,13718.37505581462,nan,nan,nan,3.893044540301396,1.865079741246376
-4.0,1,1666,27.77024853309071,26.04627159247519,FC,VFC,plateau_recentred,plateau,0.5083730063876464,0.48903654274422936,0.019336463643417012,0.0012161137695491972,0.0014193339500579954,-0.06711038525281593,12791.482020447143,12791.482020447143,nan,nan,nan,3.8404675821433143,1.8759303939847072
-4.0,1,1680,31.4814316928032,29.52706451343554,FC,VFC,plateau_recentred,plateau,0.5082272088131142,0.4885569474063248,0.019670261406789402,0.0010774866057801607,0.001258874016981447,-0.06757038968964749,11121.343373745474,11121.343373745474,nan,nan,nan,3.7883652609000973,1.8750744848344378
-4.0,1,1694,35.6885729793766,33.473026482318595,FC,VFC,plateau_recentred,plateau,0.5080447184142867,0.4872824978486101,0.02076222056567656,0.0009557325748996506,0.0011235168434396959,-0.07024319899864383,9669.268833669386,9669.268833669386,nan,nan,nan,3.738962578673583,1.8804482211287044
-4.0,1,1708,40.45795165012969,37.946322140359555,FC,VFC,plateau_recentred,plateau,0.5082313253875942,0.4867744922734977,0.021456833114096463,0.0008446237266399533,0.0009962986001917527,-0.07172624294250031,8406.78653969864,8406.78653969864,nan,nan,nan,3.686772511183248,1.8809239203813468
-4.0,1,1722,45.86470444391582,43.017423737902746,FC,VFC,plateau_recentred,plateau,0.5084135212393833,0.48625481503468,0.022158706204703338,0.0007447931847933379,0.0008815150601148749,-0.073194042345718,7838.775251061016,7838.775251061016,nan,nan,nan,3.633612727391477,1.8937806325545836
-4.0,1,1736,51.994009284476675,48.76622135345484,FC,VFC,plateau_recentred,plateau,0.5082479618076766,0.48572189389406056,0.022526067913616055,0.0006590941065055284,0.0007809536644134553,-0.07367783877851189,6815.294041559373,6815.294041559373,nan,nan,nan,3.5810082581094917,1.8944744388706056
-4.0,1,1750,58.942427172510946,55.28328148109825,FC,VFC,plateau_recentred,plateau,0.5080482819291162,0.4843372335771035,0.02371104835201271,0.0005839919697151254,0.000696375399636026,-0.07643654539019044,5925.445160151479,5925.445160151479,nan,nan,nan,3.531226411752875,1.9021043427962838
-4.0,1,1764,66.81942340661188,62.6712738140377,FC,VFC,plateau_recentred,plateau,0.5082207794774987,0.48377006223880514,0.02445071723869352,0.0005156016412354173,0.0006169906951395992,-0.07796432336443984,5151.780705551037,5151.780705551037,nan,nan,nan,3.478661605523163,1.9041601025313808
-4.0,1,1778,75.7490920983714,71.04658870181215,FC,VFC,plateau_recentred,plateau,0.508390580416735,0.4831889730719847,0.0252016073447503,0.0004542734873303936,0.0005455033489164185,-0.07948003020797725,4803.696501970985,4803.696501970985,nan,nan,nan,3.4251804121754983,1.919117748565408
-4.0,1,1792,85.87211114964163,80.54117076257413,FC,VFC,plateau_recentred,plateau,0.508213112693242,0.4825934036504721,0.02561970904276989,0.00040170226751158736,0.00048296995902430623,-0.08001583502989759,4176.494809302138,4176.494809302138,nan,nan,nan,3.372303109307515,1.9213697651303256
-4.0,1,1806,97.34795849064636,91.30459753714635,FC,VFC,plateau_recentred,plateau,0.5083765323844188,0.48197969133623636,0.026396841048182462,0.00035435745439317784,0.00042759158019335203,-0.08158757165447825,3631.1846272908288,3631.1846272908288,nan,nan,nan,3.319412135878188,1.9235865880797722
-4.0,1,1820,110.35742449353013,103.50643593194559,FC,VFC,plateau_recentred,plateau,0.5081657917033031,0.4804334433725953,0.027732348330707812,0.0003138443033053739,0.0003812592988548638,-0.08450619482721503,3157.07367051089,3157.07367051089,nan,nan,nan,3.2696034359110455,1.9350914940201374
-4.0,1,1834,125.1054601418827,117.33891357415216,FC,VFC,plateau_recentred,plateau,0.5083280175279343,0.4797748369348112,0.028553180593123118,0.0002766383717405829,0.0003373108662740714,-0.08611791222611048,2815.54264171103,2815.54264171103,nan,nan,nan,3.216413323011915,1.942905027954262
-4.0,1,1848,141.82440582626876,133.0199471636234,FC,VFC,plateau_recentred,plateau,0.5081437691576862,0.4790970641651424,0.029046704992543804,0.0002442826772978525,0.00029827882318126476,-0.08672974982607944,2559.4066500668055,2559.4066500668055,nan,nan,nan,3.1630054120241997,1.9563362670652016
-4.0,1,1862,160.7776516321715,150.7965755301734,FC,VFC,plateau_recentred,plateau,0.5083012002952799,0.47839921064836205,0.02990198964691787,0.00021539302756908412,0.0002640130489590337,-0.08839375183544403,2225.233959828962,2225.233959828962,nan,nan,nan,3.1100083836450705,1.96067039729391
-4.0,1,1876,182.26378678448907,170.94885148056827,FC,VFC,plateau_recentred,plateau,0.5080834894721185,0.4766871534976041,0.031396335974514356,0.0001906324983449534,0.00023532875856787226,-0.0914780641964752,1934.6930179488336,1934.6930179488336,nan,nan,nan,3.060057994829046,1.9740386438267397
-4.0,1,1890,206.62130361888174,193.79425374734694,FC,VFC,plateau_recentred,plateau,0.5082409709265536,0.4759308480270326,0.03231012289952101,0.00016813689031705886,0.00020839294427707847,-0.09321999972659875,1682.0869810865524,1682.0869810865524,nan,nan,nan,3.0072660016807418,1.9800504171820887
-4.0,1,1904,234.23393018628633,219.69268854526453,FC,VFC,plateau_recentred,plateau,0.5083974366361411,0.47515151571577807,0.03324592092036305,0.00014800503407711097,0.00018417566015079706,-0.09495574794371368,1568.4354224064602,1568.4354224064602,nan,nan,nan,2.95361522624727,2.0003692493665732
-4.0,1,1918,265.536675500387,249.05215952981908,FC*,VFC,plateau,plateau,0.5054458175276049,0.47434866884277405,0.031097148684830822,0.00013919539639774457,0.00016302444111266484,-0.06862784790242407,1363.6503467108046,1363.6503467108046,nan,nan,nan,2.9006357110675194,2.006665168117184
-4.0,1,1932,301.0226826648105,282.3351954823326,FC*,VFC,plateau,plateau,0.505724763587968,0.4735189502841578,0.03220581330381023,0.00012258615181782705,0.0001443156318940879,-0.07087196325504672,1185.603335348919,1185.603335348919,nan,nan,nan,2.84769636634301,2.012997347346728
-4.0,1,1946,341.25099784412686,320.0661369832566,FC*,VFC,plateau,plateau,0.50538881586998,0.4715691075319478,0.03381970833803216,0.00010865223930334628,0.00012866710688920214,-0.07342885437191303,1030.803293660283,1030.803293660283,nan,nan,nan,2.7978505269051164,2.0307653825382075
-4.0,1,1960,386.85537747094673,362.83939686788085,FC*,VFC,plateau,plateau,0.50497578492954,0.47067160377876016,0.03430418115077982,9.611282474813573e-05,0.00011395931177340746,-0.07396847645248883,896.2149468887765,896.2149468887765,nan,nan,nan,2.7451328088230387,2.039526539026407
-4.0,1,1974,438.5542724377551,411.32882459956966,FC*,VFC,plateau,plateau,0.5052505895665897,0.4697449679363706,0.03550562163021914,8.450871720399615e-05,0.00010073528731360003,-0.076280120048986,835.6614637624098,835.6614637624098,nan,nan,nan,2.6915646205045953,2.0635118515147197
-4.0,1,1988,497.1621465643256,466.2983220867555,FC*,VFC,plateau,plateau,0.5055256123028544,0.4687905343421887,0.03673507796066572,7.44122597982646e-05,8.918767845534323e-05,-0.07866036577249418,726.5520967666284,726.5520967666284,nan,nan,nan,2.6386878504903617,2.0726633103956957
-4.0,1,2002,563.6023076517386,528.6138781851639,FC*,VFC,plateau,plateau,0.5058008279733269,0.46780738943264716,0.03799343854067977,6.552334922444431e-05,7.897277300463963e-05,-0.08108129957616586,631.6887546056165,631.6887546056165,nan,nan,nan,2.5858603789003745,2.081910496722608
-4.0,1,2016,638.9214532632683,599.2572114766701,FC*,VFC,plateau,plateau,0.5054623607804738,0.46558038550242714,0.039881975278046655,5.809186264071059e-05,7.047347210472211e-05,-0.08391036716163128,549.2113841127166,549.2113841127166,nan,nan,nan,2.536408660006299,2.1052123629690547
-4.0,1,2030,724.3061603862267,679.3412362529874,FC*,VFC,plateau,plateau,0.5050444241054121,0.46452414605767317,0.04052027804773889,5.1333798749585955e-05,6.237350924210018e-05,-0.08459677524957156,489.79790548639716,489.79790548639716,nan,nan,nan,2.4833831699536377,2.1215279938778484
-4.0,1,2044,821.1015787526972,770.1275953551095,FC*,VFC,plateau,plateau,0.5053167730717808,0.463439264278788,0.04187750879299279,4.515537235005627e-05,5.5181697405612825e-05,-0.08708562756780576,445.23993276438574,445.23993276438574,nan,nan,nan,2.430178046429867,2.1448981102904177
-4.0,1,2058,930.8326223135522,873.0465360806883,FC*,VFC,plateau,plateau,0.505589586256832,0.4623228929105437,0.043266693346288354,3.975691784124988e-05,4.887098883016938e-05,-0.08963841809550838,387.1065266761771,387.1065266761771,nan,nan,nan,2.377434117458052,2.157441466762519
-3.0,1,14,0.00011336388169258527,0.00010632625227764493,SC,SC,plateau_recentred,plateau_recentred,0.23270111972031715,0.23270111972031715,0.0,1479.026729036534,1479.026729036534,0.0,1369709.0454832364,1369709.0454832364,4.29019552637686,1.102003876885736,5.569951159538019,9.860146685914879,1.7090734667659413
-3.0,1,28,0.00012851369672417512,0.00012053556684025519,SC,SC,plateau_recentred,plateau_recentred,0.22451747802605407,0.22451747802605407,0.0,357.8653751192046,357.8653751192046,0.0,1377395.064475408,1377395.064475408,3.6732587096635996,1.0948583111723047,5.570631634319916,9.243890343983516,1.8377929040071737
-3.0,1,42,0.00014568811511317392,0.0001366437973902854,SC,SC,plateau_recentred,plateau_recentred,0.2166122902301496,0.2166122902301496,0.0,148.45188903189762,148.45188903189762,0.0,1341322.8944112565,1341322.8944112565,3.2913964187068334,1.0903969656281862,5.570359972861832,8.861756391568665,1.9858805051770871
-3.0,1,56,0.0001651577024572859,0.00015490471281399474,SC,SC,plateau_recentred,plateau_recentred,0.20760347942152335,0.20760347942152335,0.0,82.17186978948193,82.17186978948193,0.0,1322336.1054847972,1322336.1054847972,3.033455948850681,1.0804351713244074,5.571437883698236,8.604893832548917,2.054987396692252
-3.0,1,70,0.00018722918241986797,0.00017560599537069446,SC,SC,plateau_recentred,plateau_recentred,0.1973570728152983,0.1973570728152983,0.0,48.959294262416336,48.959294262416336,0.0,1324340.6657337113,1324340.6657337113,2.8093957926232997,1.073457927592108,5.570610019556738,8.380005812180038,2.14284875101463
-3.0,1,84,0.00021225026885263176,0.0001990737728372878,SC,SC,plateau_recentred,plateau_recentred,0.1876412861025239,0.1876412861025239,0.0,32.16060965711511,32.16060965711511,0.0,1349150.1179329534,1349150.1179329534,2.6283392696533814,1.0675170462794907,5.569155666523384,8.197494936176765,2.2549352070295017
-3.0,1,98,0.00024061514367423875,0.00022567775632017926,SC,SC,plateau_recentred,plateau_recentred,0.17264311921180833,0.17264311921180833,0.0,22.72662130627426,22.72662130627426,0.0,1307759.8499676706,1307759.8499676706,2.475316399094947,1.0515905994248467,5.571389139522445,8.046705538617392,2.38781136525744
-3.0,1,112,0.00027277066680952977,0.00025583706468149684,SC,SC,plateau_recentred,plateau_recentred,0.16066887255419326,0.16066887255419326,0.0,16.499347571265606,16.499347571265606,0.0,1314465.5414663898,1314465.5414663898,2.338796820785194,1.0443401193979749,5.568840613850232,7.907637434635426,2.5265858342529044
-3.0,1,126,0.0003092234160142482,0.0002900268273315183,MC,MC,tangent,tangent,0.25,0.25,0.0,6.345372808727736,6.345372808727736,0.0,1286314.5125430338,1286314.5125430338,2.0081904228914067,3.196583028885501,5.484437383584805,7.492627806476211,0.6015744133688024
-3.0,1,140,0.0003505476674960928,0.00032878566941279506,MC,MC,tangent,tangent,0.25,0.25,0.0,4.669032607684147,4.669032607684157,-9.161110932256239e-16,1344434.094229554,1344434.094229554,1.8876156161240951,3.6020631898934132,5.4717819541098285,7.359397570233924,0.6078699770351956
-3.0,1,154,0.0003973944430566423,0.0003727241972955342,MC,MC,tangent,tangent,0.25,0.25,0.0,3.5046664204659694,3.504666420465977,-9.161110932256239e-16,1317193.478807168,1317193.478807168,1.777143202584094,4.0740363174057395,5.457674148127686,7.23481735071178,0.614368488953957
-3.0,1,168,0.00045050176627992045,0.00042253461806201044,MC,MC,tangent,tangent,0.25,0.25,0.0,2.675958117232641,2.6759581172326468,-9.161110932256239e-16,1304892.695778154,1304892.695778154,1.6766473254779228,4.700140938909239,5.441002649567491,7.117649975045413,0.6195331743984118
-3.0,1,182,0.0005107062893487946,0.00047900164453023957,MC,MC,tangent,tangent,0.25,0.25,0.0,2.079722789314125,2.079722789314121,8.678947198979575e-16,1332496.207611266,1332496.207611266,1.5848580905072736,5.637522997323874,5.4233180235334295,7.008176114040703,0.6221129975065972
-3.0,1,196,0.0005789564736542463,0.0005430148576110674,MC,MC,tangent,tangent,0.5,0.5,0.0,0.8048721540745726,0.8048721540745715,5.785964799319719e-16,1312503.3515639298,1312503.3515639298,1.3647896276096374,9.99999999999943,5.231107938141241,6.595897565750878,0.6065530513953012
-3.0,1,210,0.0006563275318451911,0.0006155827207555844,MC,MC,tangent,tangent,0.5,0.5,0.0,0.6748682548856483,0.6748682548856483,0.0,1311459.0498140205,1311459.0498140205,1.3102013964708235,9.999999999999979,5.20918826663953,6.519389663110354,0.6186310999620127
-3.0,1,224,0.0007440383667169925,0.0006978484672774944,MC,MC,tangent,tangent,0.5,0.5,0.0,0.5762700573513236,0.5762700573513236,0.0,1349567.0988043887,1349567.0988043887,1.2629291271029828,9.999999999999954,5.187867590640156,6.450796717743139,0.6294914171487637
-3.0,1,238,0.000843470773792987,0.0007911081108384397,MC,MC,tangent,tangent,0.5,0.5,0.0,0.49691206603049903,0.49691206603049903,0.0,1335622.4901174142,1335622.4901174142,1.2251527338675525,9.999999999999998,5.161297471812821,6.386450205680373,0.6376123471906463
-3.0,1,252,0.0009561912101145875,0.0008968308628316843,MC,MC,tangent,tangent,0.5,0.5,0.0,0.43019694097916433,0.43019694097916433,0.0,1268554.7421574933,1268554.7421574933,1.1907365742644467,4.624976249294515,5.13310140689853,6.323837981162977,0.6842073472797606
-3.0,1,266,0.0010839754721896355,0.0010166822783235104,MC,MC,tangent,tangent,0.5,0.5,0.0,0.37455475124266674,0.37455475124266674,0.0,1289788.3090723187,1289788.3090723187,1.1625021320505982,4.771334883380592,5.101183841692977,6.263685973743575,0.7015527716379527
-3.0,1,280,0.001228836671870237,0.0011525504951886475,MC,MC,tangent,tangent,0.5,0.5,0.0,0.32954709043411007,0.32954709043411007,0.0,1312296.812994418,1312296.812994418,1.1406211788968526,4.949614499560382,5.067466965975323,6.208088144872176,0.7156723383514203
-3.0,1,294,0.0013930569508946444,0.0013065759798134955,MC,MC,tangent,tangent,0.5,0.5,0.0,0.2891993314106737,0.2891993314106737,0.0,1336134.3440401899,1336134.3440401899,1.1223337095405996,3.5765462912276056,5.029034238311531,6.151367947852131,0.7998744507117774
-3.0,1,308,0.001579223433723298,0.0014811852479802185,MC,MC,tangent,tangent,0.5,0.5,0.0,0.2590121726678179,0.25901217266781756,5.785964799319719e-16,1302840.2987587894,1302840.2987587894,1.1151313573132924,3.0822418517252004,4.9883594808299225,6.103490838143215,0.8474876519863815
-3.0,1,322,0.0017902689850683995,0.001679129092169012,MC,MC,tangent,tangent,0.5,0.5,0.0,0.23334309965964864,0.23334309965964894,-5.785964799319727e-16,1327668.818230815,1327668.818230815,1.1139031459731807,2.686977493301173,4.944262479891652,6.058165625864833,0.9013751351816954
-3.0,1,336,0.0020295184142127276,0.0019035259175129542,MC,MC,tangent,tangent,0.5,0.5,0.0,0.21241140735233335,0.21241140735233335,0.0,1327668.818230815,1327668.818230815,1.1217511939379152,2.526679315576289,4.8955973057273106,6.017348499665226,0.9216199088947755
-3.0,1,350,0.002300740854018324,0.0021579108691179975,MC,MC,tangent,tangent,0.5,0.5,0.0,0.19764498657720253,0.19764498657720223,6.750292265873004e-16,1262769.4759753745,1262769.4759753745,1.1399361660777012,2.4633537691814977,4.8461202997728785,5.98605646585058,0.9189755233991568
-3.0,1,364,0.002608209139803419,0.002446291524699407,MC,MC,tangent,tangent,0.5,0.5,0.0,0.18246234922709295,0.18246234922709273,4.821637332766433e-16,1294297.3801577324,1294297.3801577324,1.1588440589741866,2.1932893588309907,4.792499866446948,5.951343925421135,0.9725868528077267
-3.0,1,378,0.0029567671235433135,0.0027732110299172608,MC,MC,tangent,tangent,0.5,0.5,0.0,0.16863042377426493,0.16863042377426485,1.9286549331065737e-16,1294297.3801577324,1294297.3801577324,1.1806571490312492,1.954675224354776,4.736449445638192,5.917106594669441,1.0473019961084824
-3.0,1,392,0.0033519059838602594,0.003143819671042405,MC,MC,tangent,tangent,0.5,0.5,0.0,0.15682328851904861,0.15682328851904873,-2.892982399659862e-16,1320581.9913930143,1320581.9913930143,1.2068088702524502,1.801682989037925,4.67877234959563,5.88558121984808,1.111220022038365
-3.0,1,406,0.0037998507339918053,0.0035639560125104,MC,MC,tangent,tangent,0.5,0.5,0.0,0.14617592807483917,0.14617592807483917,0.0,1320581.9913930143,1320581.9913930143,1.241510108746544,1.6793687839187694,4.613536414376659,5.855046523123203,1.1760259306619238
-3.0,1,420,0.004307658290578997,0.0040402388775996586,MC,MC,tangent,tangent,0.5,0.5,0.0,0.13717157372134425,0.13717157372134448,-7.232455999149659e-16,1288352.5995736017,1288352.5995736017,1.2782341370412467,1.5925500471601644,4.549200647390299,5.827434784431545,1.2288809290330196
-3.0,1,434,0.004883328648255025,0.004580171621301985,MC,MC,tangent,tangent,0.5,0.5,0.0,0.12896858625918628,0.12896858625918628,0.0,1288352.5995736017,1288352.5995736017,1.3185007539706666,1.5205180759328882,4.482153848457145,5.800654602427811,1.2882474926174956
-3.0,1,448,0.005535930911470199,0.005192260338092255,MC,MC,tangent,tangent,0.5,0.5,0.0,0.12192178627544328,0.12192178627544335,-2.4108186663832183e-16,1288352.5995736017,1288352.5995736017,1.3666682532678964,1.4529996673444758,4.409583726878348,5.776251980146244,1.3640382276846919
-3.0,1,462,0.006275746169065011,0.005886147866848442,MC,MC,tangent,tangent,0.5,0.5,0.0,0.11479371463854064,0.11479371463854074,-3.85730986621315e-16,1315668.738075284,1315668.738075284,1.4142527905972746,1.4003060349463097,4.335835982216302,5.7500887728135766,1.457115679668838
-3.0,1,476,0.007114429462428795,0.006672765704027499,MC,MC,tangent,tangent,0.5,0.5,0.0,0.10720440456815453,0.10720440456815453,0.0,1315668.738075284,1315668.738075284,1.4605430867528182,1.3577086524092408,4.259840205521856,5.720383292274674,1.5902619204597777
-3.0,1,490,0.008065193398893555,0.007564506218340277,MC,MC,tangent,tangent,0.5,0.5,0.0,0.10246285927843041,0.10246285927843055,-5.785964799319727e-16,1315668.738075284,1315668.738075284,1.5237289605366118,1.3291268746192373,4.177008173640143,5.700737134176754,1.6239414518439368
-3.0,1,504,0.009143016303003959,0.008575417879991347,MC,MC,tangent,tangent,0.5,0.5,0.0,0.09775794358010968,0.09775794358010959,3.857309866213147e-16,1315668.738075284,1315668.738075284,1.586941165050859,1.3037482433633103,4.093381555454963,5.6803227205058215,1.6859986565071094
-3.0,1,518,0.010364878184875526,0.00972142658012226,MC,MC,tangent,tangent,0.5,0.5,0.0,0.09334707608520915,0.09334707608520915,0.0,1315668.738075284,1315668.738075284,1.6565275144697036,1.2810826388817431,4.003743867860212,5.660271382329916,1.7361293476975634
-3.0,1,532,0.011750028243087796,0.011020586527125955,MC,MC,tangent,tangent,0.5,0.5,0.0,0.09111131943691463,0.09111131943691463,0.0,1315668.738075284,1315668.738075284,1.7371310515037097,1.2592713957342159,3.912611947713021,5.6497429992167305,1.7373006355225644
-3.0,1,546,0.013320288116345003,0.012493364672445311,MC,MC,tangent,tangent,0.5,0.5,0.0,0.0874947527682836,0.0874947527682839,-1.4947075731575976e-15,1252672.3691298575,1252672.3691298575,1.8095717425865467,1.2469319116736455,3.8225809289838786,5.6321526715704255,1.7905170013590117
-3.0,1,560,0.015100395661331367,0.014162963146700264,MC,MC,tangent,tangent,0.5,0.5,0.0,0.08422810408020678,0.08422810408020662,8.678947198979575e-16,1252672.3691298575,1252672.3691298575,1.8875848851802377,1.2305234647838879,3.728042803193202,5.61562768837344,1.8595105861395156
-3.0,1,574,0.01711839467263121,0.01605568478579653,MC,MC,tangent,tangent,0.5,0.5,0.0,0.08247798231099772,0.08247798231099754,9.643274665532861e-16,1252672.3691298575,1252672.3691298575,1.9719007338102366,1.215377359437141,3.634607957548617,5.6065086913588535,1.8481092546318443
-3.0,1,588,0.019406076684359785,0.018201347505512593,MC,MC,tangent,tangent,0.5,0.5,0.0,0.07985599485203422,0.07985599485203454,-1.7357894397959202e-15,1252672.3691298575,1252672.3691298575,2.053007027679731,1.2059974917138627,3.539471160103217,5.592478187782948,1.8957407906152237
-3.0,1,602,0.02199948181363931,0.020633754052614348,MC,MC,tangent,tangent,0.5,0.5,0.0,0.07689207473229871,0.07689207473229871,0.0,1252672.3691298575,1252672.3691298575,2.131701192004338,1.1946940092498546,3.4443510506206887,5.5760522426250265,1.9657662112863965
-3.0,1,616,0.02493946653620638,0.023391224532954596,MC,MC,tangent,tangent,0.5,0.5,0.0,0.07579757974200518,0.0757975797420051,4.821637332766433e-16,1252672.3691298575,1252672.3691298575,2.225133963753657,1.1845332985884511,3.3446920380984535,5.56982600185211,1.9237778054390162
-3.0,1,630,0.028272347338879067,0.02651720010599705,MC,MC,tangent,tangent,0.5,0.5,0.0,0.07392127653726832,0.07392127653726828,2.8929823996598605e-16,1252672.3691298575,1252672.3691298575,2.3079418566447076,1.1729852084561858,3.2509982646670856,5.558940121311793,1.9529823736428649
-3.0,1,644,0.03205063038897715,0.030060927356361258,FC,FC,plateau_recentred,plateau_recentred,0.5418030352535917,0.5418030352535917,0.0,0.06308107923354436,0.06308107923354436,0.0,1252672.3691298575,1252672.3691298575,2.406644766494059,1.3110959680943242,3.0834250116865154,5.490069778180574,1.810597894008512
-3.0,1,658,0.036333838715903344,0.03407823412397392,FC,FC,plateau_recentred,plateau_recentred,0.5384704072046846,0.5384704072046846,0.0,0.06163822062959477,0.06163822062959477,0.0,1252672.3691298575,1252672.3691298575,2.4929138572277747,1.2897185686997994,2.9871068990567364,5.480020756284511,1.7992976244085817
-3.0,1,672,0.04118944993628881,0.038632409015240336,FC,FC,plateau_recentred,plateau_recentred,0.5394832186180659,0.5394832186180659,0.0,0.060420692087952796,0.060420692087952796,0.0,1222314.515928232,1222314.515928232,2.584204825588794,1.2853825580521048,2.8871515332548454,5.471356358843639,1.7231440307728025
-3.0,1,686,0.04669395929562081,0.043795198451051204,FC,FC,plateau_recentred,plateau_recentred,0.5394071863791715,0.5394071863791715,0.0,0.058684827691754045,0.058684827691754045,0.0,1222314.515928232,1222314.515928232,2.6720362029817726,1.2811869077663152,2.786660294037189,5.458696497018962,1.697263609404227
-3.0,1,700,0.05293408477349404,0.04964793695910376,FC,FC,plateau_recentred,plateau_recentred,0.5312583753744924,0.5312583753744924,0.0,0.05811422776856305,0.05811422776856305,0.0,1222314.515928232,1222314.515928232,2.7504303304355804,1.2456402608039387,2.7040228040238214,5.454453134459402,1.7473906489237416
-3.0,1,714,0.060008133237702044,0.05628282851715159,FC,FC,plateau_recentred,plateau_recentred,0.5261694753337732,0.5261694753337732,0.0,0.058510135161060794,0.058510135161060794,0.0,1222314.515928232,1222314.515928232,2.84595736528868,1.2183289630277632,2.6114443993210688,5.457401764609749,1.7321897777846922
-3.0,1,728,0.06802754916954634,0.06380439913345144,FC,FC,plateau_recentred,plateau_recentred,0.5265434015155968,0.5265434015155968,0.0,0.056176021621845415,0.056176021621845415,0.0,1222314.515928232,1222314.515928232,2.928010115178207,1.2195923032036624,2.5117115273586457,5.439721642536853,1.7332938233140232
-3.0,1,742,0.07711867035896258,0.07233114354834155,FC,FC,plateau_recentred,plateau_recentred,0.5187834583041809,0.5187834583041809,0.0,0.05691331415984588,0.05691331415984588,0.0,1222314.515928232,1222314.515928232,3.0152522055905604,1.18301678027738,2.4301323337242446,5.445384539314805,1.756197266974842
-3.0,1,756,0.08742471822866626,0.08199739199907073,FC,FC,plateau_recentred,plateau_recentred,0.5172337334459943,0.5172337334459943,0.0,0.05585313804217744,0.05585313804217744,0.0,1222314.515928232,1222314.515928232,3.1023367162740008,1.175689870588805,2.334881525440354,5.437218241714355,1.7422629746229512
-3.0,1,770,0.09910805414286328,0.09295542645687134,FC,FC,plateau_recentred,plateau_recentred,0.5154541521063921,0.5154541521063921,0.0,0.054729928664016186,0.054729928664016186,0.0,1222314.515928232,1222314.515928232,3.185172228169319,1.1655930495520939,2.2432233171641927,5.428395545333512,1.7451130559772026
-3.0,1,784,0.11235273724638661,0.10537787967545051,FC,FC,plateau_recentred,plateau_recentred,0.5138496043186763,0.5138496043186763,0.0,0.053262662923488885,0.053262662923488885,0.0,1223542.2096876781,1223542.2096876781,3.268185030673849,1.1629273134647855,2.148408508244419,5.416593538918268,1.7673561495274315
-3.0,1,798,0.127367424130429,0.11946045484548332,FC,FC,plateau_recentred,plateau_recentred,0.5116348253333355,0.5116348253333355,0.0,0.0521007043903106,0.0521007043903106,0.0,1223542.2096876781,1223542.2096876781,3.3469450729103096,1.152267586608421,2.060069185254795,5.407014258165105,1.7762385730009709
-3.0,1,812,0.14438865600617423,0.13542500870051552,FC,FC,plateau_recentred,plateau_recentred,0.5131951013042401,0.5131951013042401,0.0,0.050134822980114464,0.050134822980114464,0.0,1165365.3644715422,1165365.3644715422,3.4290190451562674,1.1607085299051452,1.9612911039414884,5.390310149097756,1.7500972915028554
-3.0,1,826,0.1636845851724229,0.15352304664549105,FC,FC,plateau_recentred,plateau_recentred,0.5127266351184724,0.5127266351184724,0.0,0.048662305454653124,0.048662305454653124,0.0,1165365.3644715422,1165365.3644715422,3.5075083064393606,1.1620273430213157,1.869855037297408,5.377363343736769,1.7489972253448507
-3.0,1,840,0.18555919948394317,0.17403968497012076,FC,FC,plateau_recentred,plateau_recentred,0.5124645932233551,0.5124645932233551,0.0,0.047182366931756765,0.047182366931756765,0.0,1165365.3644715422,1165365.3644715422,3.5840715060158113,1.1642512087161647,1.7798788809815678,5.363950386997379,1.7428264994490548
-3.0,1,854,0.2103571113727749,0.19729814256775954,FC,FC,plateau_recentred,plateau_recentred,0.5152089605186169,0.5152089605186169,0.0,0.04478194725306031,0.04478194725306031,0.0,1137322.6321611092,1137322.6321611092,3.657020164891349,1.1824645379596532,1.6842534724437503,5.3412736373350995,1.7152722016223292
-3.0,1,868,0.23846898686867357,0.22366483292227807,FC,FC,plateau_recentred,plateau_recentred,0.5139597861292322,0.5139597861292322,0.0,0.0432308488254127,0.0432308488254127,0.0,1137322.6321611092,1137322.6321611092,3.72821149809013,1.1756494642827249,1.597752928033744,5.325964426123874,1.732785788277482
-3.0,1,882,0.27033770014742475,0.2535551365820376,FC,FC,plateau_recentred,plateau_recentred,0.5141964232230749,0.5141964232230749,0.0,0.04138466202739328,0.04138466202739328,0.0,1137322.6321611092,1137322.6321611092,3.794645187253712,1.1767751690140922,1.5123648888377126,5.307010076091425,1.7239386546447701
-3.0,1,896,0.30646531056571247,0.287439945060456,FC,FC,plateau_recentred,plateau_recentred,0.5170863651971932,0.5170863651971932,0.0,0.03888532198598736,0.03888532198598736,0.0,1109954.7052459707,1109954.7052459707,3.8594652799090614,1.1967412653526228,1.420491082786591,5.2799563626956525,1.7029983610104158
-3.0,1,910,0.3474209720986756,0.3258530792557056,FC,FC,plateau_recentred,plateau_recentred,0.5177693740190177,0.5177693740190177,0.0,0.03683860987350842,0.03683860987350842,0.0,1083245.3455680015,1083245.3455680015,3.917574435736808,1.198557969718499,1.3388994609988605,5.256473896735669,1.6997213041352974
-3.0,1,924,0.3938498997853399,0.36939969925924143,FC,FC,plateau_recentred,plateau_recentred,0.5217207704351865,0.5217207704351865,0.0,0.034136446213982104,0.034136446213982104,0.0,1057178.7057154723,1057178.7057154723,3.9717861786428945,1.2230091944215555,1.2516027913764334,5.223388970019328,1.6691307862762774
-3.0,1,938,0.44648353443920774,0.41876583804118983,FC,FC,plateau_recentred,plateau_recentred,0.5227689486352229,0.5227689486352229,0.0,0.03202217339949627,0.03202217339949627,0.0,1085283.8425298433,1085283.8425298433,4.020647838645574,1.2271864579729561,1.1749736295028361,5.19562146814841,1.666415555525739
-3.0,1,952,0.5016364722968638,0.47049488169204756,FC,FC,plateau_recentred,plateau_recentred,0.5228242582001386,0.5228242582001386,0.0,0.03020822452420096,0.03020822452420096,0.0,1059353.7694102495,1059353.7694102495,4.0599764696685225,1.2177483876196282,1.1103193941357468,5.170295863804269,1.6711826896263657
-3.0,1,966,0.5437616319255452,0.5100049115449525,FC,FC*,plateau_recentred,plateau,0.5259197878427757,0.5406642168153031,-0.014744428972527368,0.028466701158479473,0.02860434429464134,-0.00209485457768847,1034043.2288641947,1034043.2288641947,5.116237253261167,1.3179103758439414,0.03036540675910082,5.1466026600202675,1.5978089979435914
-3.0,1,980,0.5841669263524998,0.5479018454223843,FC,FC*,plateau_recentred,plateau,0.5248558521633478,0.5403994143467407,-0.015543562183392812,0.0275335592889783,0.02759705761472826,-0.001000423584085218,1009337.4187502465,1009337.4187502465,5.1006680367594655,1.3016681763108127,0.03036540675910082,5.131033443518566,1.6044047771257348
-3.0,1,994,0.6278195488721803,0.5888445132748731,FC,FC*,plateau_recentred,plateau,0.5259293844825129,0.5414924817543572,-0.01556309727184424,0.026258771049699987,0.02630334114131561,-0.000736520991222655,1009337.4187502465,1009337.4187502465,5.07981617407891,1.292948396113306,0.03036540675910082,5.11018158083801,1.5937903489038576
-3.0,1,1008,0.674207802630171,0.632352984387098,FC,FC*,plateau_recentred,plateau,0.5272387511522545,0.5429328682001592,-0.015694117047904688,0.025014135687877314,0.025024719153566254,-0.00018371087153057252,1059303.4346366853,1059303.4346366853,5.058174468694536,1.2895966875826883,0.03036540675910082,5.088539875453637,1.5871601488260765
-3.0,1,1022,0.724306160386226,0.6793412362529868,FC,FC*,plateau_recentred,plateau,0.5308806980555226,0.5430720788223807,-0.012191380766858106,0.02349059862890454,0.02403789761766642,-0.010002396716548165,1059303.4346366853,1059303.4346366853,5.040701737592726,1.2744364905095242,0.03036540675910082,5.071067144351827,1.5905884086089062
-3.0,1,1036,0.771186703589626,0.7233114354834157,FC,FC*,plateau_recentred,plateau,0.5301228205939316,0.5447170054947342,-0.014594184900802665,0.02271152180494817,0.02291942407072987,-0.003957464823555463,1034175.3049782644,1034175.3049782644,5.020008956790434,1.2694695367204907,0.03036540675910082,5.050374363549535,1.5727973226906085
-3.0,1,1050,0.8233082706766917,0.7721972958514804,FC,FC*,plateau_recentred,plateau,0.5306142289729282,0.5466193864448843,-0.016005157471956077,0.021703943738641773,0.02175078682659195,-0.0009363170466111826,1034175.3049782644,1034175.3049782644,4.997280228514403,1.2671310852286763,0.03036540675910082,5.027645635273504,1.560687973854747
-3.0,1,1064,0.8759398496240602,0.8215615065451826,FC,FC*,plateau_recentred,plateau,0.5302738226004498,0.5458343048256952,-0.01556048222524542,0.020904329688330562,0.021024327325656955,-0.002485863260568232,1009643.2490032512,1009643.2490032512,4.982527365918689,1.2387441423253938,0.03036540675910082,5.01289277267779,1.5716668454058405
-3.0,1,1078,0.9308326223135523,0.8730465360806885,FC,FC*,plateau_recentred,plateau,0.534358185108544,0.5478569549665793,-0.01349876985803522,0.01960140500821061,0.01995251977616673,-0.007710547690174209,985693.1270267238,985693.1270267238,4.959803006435487,1.2366820418832194,0.03036540675910082,4.990168413194588,1.5557194670530383
-3.0,1,1092,0.9887218045112784,0.9273419580316868,FC,FC*,plateau_recentred,plateau,0.5350076662475832,0.5486579501147053,-0.013650283867122082,0.018759735196778076,0.01915862384453727,-0.009137606884223706,985693.1270267238,985693.1270267238,4.942169567181472,1.2309523998125829,0.03036540675910082,4.972534973940573,1.5543162947139209
-3.0,1,1106,1.045815930351596,0.980891680721416,FC,FC*,plateau_recentred,plateau,0.5357732514774887,0.5494437616764043,-0.01367051019891563,0.017918989936684136,0.018284936699121533,-0.008779935619763292,1035395.4536130131,1035395.4536130131,4.921898717685374,1.2180109770012548,0.03036540675910082,4.952264124444475,1.5572101877472104
-3.0,1,1120,1.1035742449353014,1.035064359319456,FC,FC*,plateau_recentred,plateau,0.5387997167700669,0.5515889592857619,-0.01278924251569502,0.016798078390722077,0.017266067575490627,-0.011933832680639272,962311.1347764704,962311.1347764704,4.896998692807882,1.2180479422683888,0.03036540675910082,4.927364099566983,1.5288889608610392
-3.0,1,1134,1.1645224352961225,1.092228886216513,FC,FC*,plateau_recentred,plateau,0.5033415452867274,0.5379524400869391,-0.03461089480021173,0.019150240316955967,0.017305700722544278,0.04398503937447744,939483.79543654,939483.79543654,4.897994445438057,1.1926581626582988,0.03036540675910082,4.928359852197158,1.5782125189424663
-3.0,1,1148,1.2288366718702428,1.152550495188653,FC,FC*,plateau_recentred,plateau,0.511828974651463,0.5345012402389935,-0.022672265587530438,0.017753198079873717,0.01689486838570982,0.02152178581960069,897325.6954942115,897325.6954942115,4.887560069384996,1.2528999312096034,0.03036540675910082,4.917925476144097,1.5876855193117392
-3.0,1,1162,1.2894736842105265,1.2094231619956979,FC,FC*,plateau_recentred,plateau,0.5155469139484385,0.5333484636295606,-0.01780154968112202,0.01688809348577694,0.016503504511503248,0.010004448149884047,876039.899861967,876039.899861967,4.877381432736962,1.2766879845459473,0.03036540675910082,4.907746839496062,1.5991312844735013
-3.0,1,1176,1.3561125023080152,1.2719250424776285,FC,FC*,plateau_recentred,plateau,0.5167527356887875,0.5363462647315915,-0.01959352904280398,0.016248956615366024,0.015724886269478388,0.014237966029634466,900275.518028311,900275.518028311,4.856392769584904,1.3226967843774413,0.03036540675910082,4.886758176344005,1.5777615727319845
-3.0,1,1190,1.4182440582626876,1.330199471636234,FC,FC*,plateau_recentred,plateau,0.5180212696343195,0.5377523585751961,-0.019731088940876607,0.01568340883766634,0.015214207858479257,0.01319111851718231,879073.7799292444,879073.7799292444,4.842054601845879,1.3360894943308532,0.03036540675910082,4.87242000860498,1.568927496611971
-3.0,1,1204,1.4849624060150375,1.392775944572305,FC,FC*,plateau_recentred,plateau,0.5192674240471382,0.5393558111250154,-0.02008838707787719,0.01514036521441712,0.014647371052020311,0.014376667910258644,816880.4080261621,816880.4080261621,4.825564939888258,1.3348458627397346,0.03036540675910082,4.855930346647359,1.5480563416139659
-3.0,1,1218,1.5526315789473681,1.4562442154642072,FC,FC*,plateau_recentred,plateau,0.5187291921600459,0.5398972488320246,-0.02116805667197874,0.01477172609472776,0.014232517147892532,0.016149530393406664,780223.9738760743,780223.9738760743,4.813086972237713,1.3353839181833271,0.03036540675910082,4.843452378996814,1.544222445293342
-3.0,1,1232,1.6222460729620618,1.5215370419118663,FC,FC*,plateau_recentred,plateau,0.5181800823260372,0.5390879154808613,-0.02090783315482414,0.014400907082413594,0.013906988907238639,0.015156739996736293,761715.9916142301,761715.9916142301,4.803038364741806,1.3187460201542804,0.03036540675910082,4.833403771500906,1.5548276470860998
-3.0,1,1246,1.6954887218045114,1.590232787347113,FC,FC*,plateau_recentred,plateau,0.5194159009061186,0.5408301176666835,-0.021414216760564986,0.01387340004252238,0.013352069774316563,0.016634316249969798,782788.8422079801,782788.8422079801,4.785353849681844,1.347588350457076,0.03036540675910082,4.815719256440945,1.544427630103506
-3.0,1,1260,1.7631578947368425,1.6537010582390157,FC,FC*,plateau_recentred,plateau,0.5189005171651866,0.5400725085052079,-0.021171991340021346,0.013553764148751387,0.013071946464156233,0.015719663591698328,764353.9479039451,764353.9479039451,4.776145517048188,1.3395084684451297,0.03036540675910082,4.806510923807289,1.554216323051159
-3.0,1,1274,1.8383458646616546,1.7242213592300186,FC,FC*,plateau_recentred,plateau,0.5183335852498954,0.5404591389016737,-0.022125553651778374,0.013234146529347294,0.012664663502189512,0.019102283717172975,710276.8608232617,710276.8608232617,4.762398911653163,1.3370409502564302,0.03036540675910082,4.792764318412264,1.543879330076842
-3.0,1,1288,1.9061437174542544,1.7878103215368737,FC,FC*,plateau_recentred,plateau,0.5196502273652157,0.5411011692688665,-0.021450941903650822,0.012805569270387906,0.012331682827014457,0.01637654368432349,712736.6743667341,712736.6743667341,4.75082760256883,1.357610514616951,0.03036540675910082,4.7811930093279305,1.5441099678439985
-3.0,1,1302,1.981203007518797,1.8582099311129234,FC,FC*,plateau_recentred,plateau,0.5191041704853798,0.5403042210153157,-0.0212000505299359,0.01249899694716468,0.01206258971205537,0.015434605680170892,712736.6743667341,712736.6743667341,4.7412458128035135,1.3513254927649303,0.03036540675910082,4.771611219562614,1.5569975636070057
-3.0,1,1316,2.056390977443609,1.9287302321039261,FC,FC*,plateau_recentred,plateau,0.519459336041907,0.5407415078424256,-0.021282171800518612,0.012148743112297812,0.011701547680511626,0.016288042322977814,680634.2716364365,680634.2716364365,4.728048563087224,1.3515203216653433,0.03036540675910082,4.758413969846325,1.5486318524808322
-3.0,1,1330,2.1315789473684212,1.999250533094929,FC,FC*,plateau_recentred,plateau,0.5207574379191668,0.5413492174463893,-0.020591779527222465,0.011749937954191051,0.011390031578901373,0.013510645148429005,664605.145797175,664605.145797175,4.716330184662559,1.3697698337561526,0.03036540675910082,4.74669559142166,1.5460888285092917
-3.0,1,1344,2.206766917293233,2.0697708340859315,FC,FC*,plateau_recentred,plateau,0.5202388389992656,0.5405929838547237,-0.020354144855458056,0.011510799713531175,0.01118010993640783,0.012659423232540733,617585.1618720568,617585.1618720568,4.708251330580617,1.3588285036563583,0.03036540675910082,4.738616737339718,1.5495646895402482
-3.0,1,1358,2.281954887218045,2.1402911350769345,FC,FC*,plateau_recentred,plateau,0.5215661845092068,0.5410774240051194,-0.019511239495912602,0.011142594169484932,0.010852400768518983,0.011460489674683992,619723.9677788916,619723.9677788916,4.695331079953925,1.3639686632798016,0.03036540675910171,4.7256964867130264,1.5463699543595462
-3.0,1,1372,2.3634197261974306,2.2166986371115653,FC,FC*,plateau_recentred,plateau,0.5191843274177215,0.5402931485265282,-0.02110882110880674,0.011007675740859214,0.01062654838976058,0.015303403635289882,619723.9677788916,619723.9677788916,4.686197480692714,1.3582081778725141,0.03036540675910082,4.716562887451815,1.5587304765963372
-3.0,1,1386,2.4398496240601504,2.2883837671580403,FC,FC*,plateau_recentred,plateau,0.520520145398686,0.5409394600537274,-0.02041931465504143,0.010681041116305818,0.01037605991806675,0.012581115891438314,575879.2711387202,575879.2711387202,4.675837727478758,1.3741900071835784,0.03036540675910082,4.7062031342378585,1.5494935111469543
-3.0,1,1400,2.561889013687202,2.402846951865171,FC,FC*,plateau_recentred,plateau,0.5215825972904263,0.5410381095480363,-0.019455512257609997,0.010230099715921105,0.009974957882170477,0.010968796317899472,577873.6422194706,577873.6422194706,4.658716327115331,1.3775558327970274,0.03036540675910082,4.689081733874432,1.5522468764373343
-3.0,1,1414,2.904256830572931,2.723960575767479,FC,FC*,plateau_recentred,plateau,0.5213378478865717,0.5406318447999707,-0.01929399691339906,0.009308200613260922,0.009093666629094062,0.010126705702222467,538849.4938623031,538849.4938623031,4.618544285563169,1.3898587964769697,0.03036540675910082,4.6489096923222695,1.5632686776230433
-3.0,1,1428,3.2923782774609203,3.087987444467019,FC,FC*,plateau_recentred,plateau,0.5219001130814489,0.542700289924567,-0.02080017684311808,0.008406132301128709,0.008144617912424408,0.013725505817156175,490627.5811958647,490627.5811958647,4.57067597161141,1.442478644660758,0.03036540675910082,4.60104137837051,1.5457665215925982
-3.0,1,1442,3.732367815334758,3.500662433228964,FC,FC*,plateau_recentred,plateau,0.5214442203688141,0.5420167373343718,-0.02057251696555773,0.007622828864895826,0.007403046319829871,0.012705703109650905,436889.1497031416,436889.1497031416,4.529215723209655,1.4533061037499773,0.03036540675910082,4.559581129968755,1.5540390784569198
-3.0,1,1456,4.231157034510027,3.9684868192641503,FC,FC*,plateau_recentred,plateau,0.5227841621687487,0.5424495902873137,-0.019665428118564976,0.006823204472699762,0.006649739853277821,0.011183730633752104,397791.71960092057,397791.71960092057,4.482609911952959,1.481242643493892,0.03036540675910082,4.51297531871206,1.5515238464126195
-3.0,1,1470,4.796603854831481,4.49883070277836,FC,FC*,plateau_recentred,plateau,0.5230739977102875,0.5429043809819795,-0.019830383271691954,0.006127060177384151,0.005986091172123357,0.010108818662517564,354221.5986141564,354221.5986141564,4.436948583645286,1.529284147451479,0.03036540675910082,4.467313990404387,1.5504340739027593
-3.0,1,1484,5.437616319255451,5.100049115449525,FC,FC*,plateau_recentred,plateau,0.5223422619605224,0.5431101533080066,-0.020767891347484246,0.005527825706523253,0.005360977096478332,0.013310389380447558,322522.1293050096,322522.1293050096,4.389049208306458,1.5634158842205659,0.03036540675910082,4.419414615065559,1.5503763887202258
-3.0,1,1498,6.164292931060073,5.781613645504393,FC,FC*,plateau_recentred,plateau,0.5234519619975455,0.5433506689026163,-0.019898706905070784,0.0049241697680264445,0.004813053965119439,0.009912286342257324,287196.28539647907,287196.28539647907,4.34222598761777,1.6210271299946835,0.03036540675910082,4.372591394376871,1.5515840624227082
-3.0,1,1512,6.988081745554302,6.554261653014747,FC,FC*,plateau_recentred,plateau,0.5225665124474299,0.5433612249314959,-0.020794712484065947,0.004430510912979305,0.004299750352344072,0.01301056986866742,261494.9451330838,261494.9451330838,4.2932484972536,1.663496798808379,0.03036540675910082,4.323613904012701,1.5536149041810012
-3.0,1,1526,7.921960722614703,7.430165426149287,FC,FC*,plateau_recentred,plateau,0.5235438644990961,0.5434151760053139,-0.019871311506217793,0.003936871737027911,0.0038518686264848146,0.009479799272954227,232853.4077770378,232853.4077770378,4.245476722966498,1.7327622412613115,0.030365406759099933,4.275842129725598,1.5567477806066394
-3.0,1,1540,8.980642181321814,8.423123943266825,FC,FC*,plateau_recentred,plateau,0.5225287218740381,0.5432617677120917,-0.020733045838053576,0.0035358593766620784,0.0034355671513578885,0.01249654287164634,202465.85165080373,202465.85165080373,4.195803698148647,1.7745500229827293,0.03036540675910171,4.226169104907749,1.5542431024457148
-3.0,1,1554,10.180804577672388,9.548780261868876,FC,FC*,plateau_recentred,plateau,0.5243430630531187,0.544429373614914,-0.020086310561795218,0.0031157053987417483,0.00304055617262129,0.010603355644533064,184347.08058866474,184347.08058866474,4.142758287675969,1.8843710468292851,0.03036540675910082,4.17312369443507,1.546755528026708
-3.0,1,1568,11.541355256790725,10.824867959154556,FC,FC*,plateau_recentred,plateau,0.5242153405822548,0.544266080668491,-0.020050740086236196,0.0027779184604486847,0.002716822908949029,0.00965816318852348,164155.54766067155,164155.54766067155,4.093866587160848,1.981510402033029,0.03036540675910082,4.124231993919949,1.5520841215860193
-3.0,1,1582,13.083728319034785,12.271490506599772,FC,FC*,plateau_recentred,plateau,0.5239967515236881,0.5439125544546723,-0.019915802930984272,0.0024729404745695615,0.002417576132996808,0.00983350317428579,142733.1172758536,142733.1172758536,4.043185416035605,2.0427842257426985,0.03036540675910082,4.073550822794706,1.551607767785058
-3.0,1,1596,14.83222229257616,13.911437979824498,FC,FC*,plateau_recentred,plateau,0.5247321843741067,0.5463182756710548,-0.021586091296948107,0.002187675948715259,0.0021211989353381,0.01340159173335483,129959.85870498554,129959.85870498554,3.986386656966454,2.2754818976553817,0.03036540675910082,4.016752063725555,1.5335780966727222
-3.0,1,1610,16.814382932144426,15.770546093192305,FC,FC*,plateau_recentred,plateau,0.5254336557792989,0.543175331775021,-0.017741675995722073,0.0019341737237266988,0.0019165700808357914,0.0039707747984216515,115725.357361218,115725.357361218,3.9423299606860525,2.257594638942288,0.03036540675910082,3.9726953674451533,1.5650890392367052
-3.0,1,1624,19.061437174542544,17.878103215368736,FC,FC*,plateau_recentred,plateau,0.5261085716865173,0.5413086562658208,-0.015200084579303552,0.0017097940112841689,0.0017133051209866983,-0.0008909213814747186,100623.10558137912,100623.10558137912,3.893639969470575,2.2614591918023232,0.03036540675910082,3.9240053762296756,1.578125787918462
-3.0,1,1638,21.608785087464042,20.267311777957495,FC,FC*,plateau_recentred,plateau,0.5247889353304629,0.5394414128604118,-0.014652477529948915,0.0015274890695987171,0.0015298911878830431,-0.0006824319139675315,91618.29317116109,91618.29317116109,3.844465799615505,2.2863316168351555,0.03036540675910082,3.8748312063746058,1.5980147679206074
-3.0,1,1652,24.496557561768185,22.975811346240924,FC,FC*,plateau_recentred,plateau,0.5254025376605198,0.5375770778244402,-0.012174540163920389,0.0013490461546227914,0.001365954007338301,-0.005409268232863706,79662.03256708977,79662.03256708977,3.795241333080495,2.293434911239217,0.03036540675910082,3.825606739839596,1.6115577469829172
-3.0,1,1666,27.77024853309071,26.04627159247519,FC,FC*,plateau_recentred,plateau,0.5240327106100989,0.5344541545673874,-0.010421443957288501,0.001204219241857212,0.0012305436280124708,-0.009391453513291317,70936.65135382154,70936.65135382154,3.749902272399675,2.2791052717105416,0.03036540675910082,3.7802676791587757,1.6447024681973
-3.0,1,1680,31.4814316928032,29.52706451343554,FC,FC*,plateau_recentred,plateau,0.526572763483678,0.5326111553381095,-0.006038391854431557,0.0010505898484675714,0.0010974567774104567,-0.018954224826929482,61679.36156364884,61679.36156364884,3.7001926813567296,2.2870468495042835,0.03036540675910082,3.7305580881158305,1.6581302382316063
-3.0,1,1694,35.6885729793766,33.473026482318595,FC,FC*,plateau_recentred,plateau,0.5251545865867467,0.5307784269292634,-0.005623840342516617,0.0009372337892711638,0.0009778422820056428,-0.018420874827240315,56159.644424591934,56159.644424591934,3.650074068772884,2.3196319635578773,0.03036540675910082,3.6804394755319847,1.6789228975158172
-3.0,1,1708,40.45795165012969,37.946322140359555,FC,VFC,plateau_recentred,plateau,0.5256897232252512,0.5289580786384672,-0.0032683554132160175,0.0008266880614690004,0.000871343151883912,-0.022847556456461908,48830.7658684505,48830.7658684505,nan,nan,nan,3.6303598855681836,1.9645658134902133
-3.0,1,1722,45.86470444391582,43.017423737902746,FC,VFC,plateau_recentred,plateau,0.5242434514419695,0.5258830286859664,-0.0016395772439968814,0.0007370641918946898,0.0007832021178481183,-0.0263685403808913,43482.33282691017,43482.33282691017,nan,nan,nan,3.5840445164254966,1.9740572773495928
-3.0,1,1736,51.99400928447668,48.766221353454846,FC,VFC,plateau_recentred,plateau,0.5247515938334654,0.5240962014301315,0.0006553924033338987,0.0006498321737960269,0.0006972944193764683,-0.0306149795848065,37807.853583116936,37807.853583116936,nan,nan,nan,3.533586852708247,1.9659091547707537
-3.0,1,1750,58.942427172510946,55.28328148109825,FC,VFC,plateau_recentred,plateau,0.5252475870139471,0.5223242270614441,0.002923359952503035,0.0005725265779632301,0.0006202970333825901,-0.03480405172346577,34424.40971918648,34424.40971918648,nan,nan,nan,3.4827703673817325,1.9666919044855307
-3.0,1,1764,66.81942340661188,62.6712738140377,FC,VFC,plateau_recentred,plateau,0.5257331339201212,0.5205683702683139,0.0051647636518072915,0.0005045611522622715,0.0005518886325769403,-0.03893763907665444,29931.99669229246,29931.99669229246,nan,nan,nan,3.432022112115847,1.9606342140764939
-3.0,1,1778,75.7490920983714,71.04658870181215,FC,VFC,plateau_recentred,plateau,0.5242387270746731,0.5175434738040788,0.006695253270594281,0.0004495657901006314,0.0004952695402495877,-0.04204836310674369,26653.545550657465,26653.545550657465,nan,nan,nan,3.3850122823603397,1.9732378135790118
-3.0,1,1792,85.87211114964163,80.54117076257413,FC,VFC,plateau_recentred,plateau,0.5247080040145793,0.5158230771803397,0.008884926834239582,0.0003961075040286103,0.00044038274915499435,-0.04601722833874255,23175.23651873953,23175.23651873953,nan,nan,nan,3.334000961537848,1.9683981279229443
-3.0,1,1806,97.34795849064635,91.30459753714634,FC,VFC,plateau_recentred,plateau,0.5251698265575075,0.5141178716004545,0.011051954957053023,0.0003486585588502708,0.0003911392587299476,-0.04993107766088032,21101.27292749559,21101.27292749559,nan,nan,nan,3.2825020716266216,1.9725231949278246
-3.0,1,1820,110.35742449353015,103.5064359319456,FC,VFC,plateau_recentred,plateau,0.5256246626970492,0.5124270924031937,0.013197570293855487,0.00030723027622913594,0.00034775118640501717,-0.053804608995678654,18347.53991778496,18347.53991778496,nan,nan,nan,3.2314392835849426,1.9702369229001044
-3.0,1,1834,125.10546014188269,117.33891357415214,FC,VFC,plateau_recentred,plateau,0.5260745989969798,0.5107512981536125,0.015323300843367305,0.0002704878288158017,0.0003088704144225526,-0.05762858293559027,16337.934150150157,16337.934150150157,nan,nan,nan,3.179946974057363,1.9718401046220286
-3.0,1,1848,141.82440582626876,133.0199471636234,FC,VFC,plateau_recentred,plateau,0.5245455548106576,0.5077721327347986,0.016773422075858968,0.00024098196534768523,0.00027687976246322944,-0.060306671721173134,14205.820664184894,14205.820664184894,nan,nan,nan,3.1324618769604093,1.9850393360450018
-3.0,1,1862,160.7776516321715,150.7965755301734,FC,VFC,plateau_recentred,plateau,0.5249865241290548,0.5061223181237262,0.018864206005328565,0.00021222756595079114,0.000245923988290718,-0.06399910026554692,12351.94969500644,12351.94969500644,nan,nan,nan,3.0809715566740623,1.98406378938785
-3.0,1,1876,182.2637867844891,170.9488514805683,FC,VFC,plateau_recentred,plateau,0.5254228962026921,0.504482506612476,0.020940389590216157,0.00018679858691297025,0.0002182847585936829,-0.06764982623435545,11246.567494155706,11246.567494155706,nan,nan,nan,3.0291940760640084,1.993295625583224
-3.0,1,1890,206.62130361888174,193.79425374734694,FC,VFC,plateau_recentred,plateau,0.52585557677931,0.5028510384445325,0.023004538334777558,0.00016448218723962948,0.00019381780773205433,-0.07127480448486298,9778.881432702976,9778.881432702976,nan,nan,nan,2.977564340226935,1.9941970482995144
-3.0,1,1904,234.23393018628636,219.69268854526453,FC,VFC,plateau_recentred,plateau,0.5262865902342793,0.5012284491083814,0.02505814112589788,0.0001447647442081148,0.0001720005289903628,-0.07486697528729457,8707.800698379187,8707.800698379187,nan,nan,nan,2.925700445847149,1.9997150214483794
-3.0,1,1918,265.536675500387,249.05215952981908,FC,VFC,plateau_recentred,plateau,0.5247381723640508,0.4982413434860876,0.02649682887796323,0.00012894505106582176,0.00015404216719815564,-0.07723494152953278,7571.425736190846,7571.425736190846,nan,nan,nan,2.8778102832812267,2.0168904242073387
-3.0,1,1932,301.0226826648105,282.3351954823326,FC,VFC,plateau_recentred,plateau,0.5251636450648347,0.4966264231301058,0.028537221934728907,0.00011352526961983582,0.00013671818838933346,-0.08073375303482193,6583.348616295723,6583.348616295723,nan,nan,nan,2.825996958306154,2.020065335481152
-3.0,1,1946,341.25099784412686,320.0661369832566,FC,VFC,plateau_recentred,plateau,0.525586293104064,0.4950133337892837,0.030572959314780324,9.990109649736219e-05,0.00012127627211434664,-0.0842055838128601,5994.201432075026,5994.201432075026,nan,nan,nan,2.773946502064974,2.0338079201125296
-3.0,1,1960,386.85537747094673,362.83939686788085,FC,VFC,plateau_recentred,plateau,0.5260071841959931,0.49340008188361173,0.0326071023123814,8.795340416391818e-05,0.0001076280389392354,-0.08767277405965145,5211.953346517526,5211.953346517526,nan,nan,nan,2.722096090445877,2.0380521234137796
-3.0,1,1974,438.5542724377551,411.32882459956966,FC,VFC,plateau_recentred,plateau,0.5244504856083698,0.4903458371537422,0.03410464845462763,7.829187305006216e-05,9.629820379833897e-05,-0.08990150330083232,4641.088175887621,4641.088175887621,nan,nan,nan,2.6737888497828575,2.0641322749907234
-3.0,1,1988,497.1621465643256,466.2983220867555,FC,VFC,plateau_recentred,plateau,0.5248692074064782,0.48872429510169896,0.036144912304779286,6.892533618309973e-05,8.54436605364224e-05,-0.09330095286656091,4035.4224535005155,4035.4224535005155,nan,nan,nan,2.621850509177399,2.0699678339306913
-3.0,1,2002,563.6023076517386,528.6138781851639,FC,VFC,plateau_recentred,plateau,0.5252862363959386,0.48709996977697845,0.038186266618960185,6.0624910754520595e-05,7.573936408136837e-05,-0.09667054211184747,3674.290465178357,3674.290465178357,nan,nan,nan,2.569492317658926,2.086935807738369
-3.0,1,2016,638.9214532632683,599.2572114766701,FC,VFC,plateau_recentred,plateau,0.5257014688817434,0.48546962717060865,0.04023184171113475,5.338707512722435e-05,6.721984633954412e-05,-0.10006138718077291,3194.7926180109193,3194.7926180109193,nan,nan,nan,2.517668178621939,2.095454387112698
-3.0,1,2030,724.3061603862267,679.3412362529874,FC,VFC,plateau_recentred,plateau,0.5261161356355573,0.48383069774327614,0.04228543789228112,4.699732578663748e-05,5.9637582629337664e-05,-0.10344688461585162,2777.8696237619342,2777.8696237619342,nan,nan,nan,2.4656906945510455,2.1035838495611574
-3.0,1,2044,821.1015787526972,770.1275953551095,FC*,VFC,plateau,plateau,0.544528416467389,0.4806388879530754,0.06388952851431362,4.0956097882085235e-05,5.3343161566916585e-05,-0.11476017982119129,2473.6096061975,2473.6096061975,nan,nan,nan,2.417249415338774,2.1354516747502585
-3.0,1,2058,930.8326223135522,873.0465360806883,FC*,VFC,plateau,plateau,0.5450920430633859,0.4789729582211869,0.06611908484219897,3.601313925611622e-05,4.732050558723149e-05,-0.11858839576009567,2150.801572334872,2150.801572334872,nan,nan,nan,2.36522003937809,2.145320656084361
-2.0,1,14,0.00011336388169258527,0.00010632625227764493,SC,SC,plateau_recentred,plateau_recentred,0.2428655029586544,0.2428655029586544,0.0,102184.90569104945,102184.90569104945,0.0,7834283.051493426,7834283.051493426,6.133752633082153,1.1280941245534493,5.567445196117447,11.7011978291996,1.6592136621979419
-2.0,1,28,0.00012851369672417512,0.00012053556684025519,SC,SC,plateau_recentred,plateau_recentred,0.24079834591294852,0.24079834591294852,0.0,26765.548084298567,26765.548084298567,0.0,7582236.81268219,7582236.81268219,5.5508408783597165,1.119562171780984,5.568546343350482,11.119387221710198,1.660291476242734
-2.0,1,42,0.00014568811511317392,0.0001366437973902854,SC,SC,plateau_recentred,plateau_recentred,0.23870861117507616,0.23870861117507616,0.0,11206.169883253746,11206.169883253746,0.0,7683208.401671678,7683208.401671678,5.1712330638563575,1.1130766948455084,5.5700352188924835,10.741268282748841,1.694500844230488
-2.0,1,56,0.0001651577024572859,0.00015490471281399474,SC,SC,plateau_recentred,plateau_recentred,0.2369818333202972,0.2369818333202972,0.0,5667.329699399103,5667.329699399103,0.0,7446793.6929876525,7446793.6929876525,4.874677475440461,1.1089315840596026,5.57051208396003,10.445189559400491,1.696027802039648
-2.0,1,70,0.00018722918241986797,0.00017560599537069446,SC,SC,plateau_recentred,plateau_recentred,0.23560386324590135,0.23560386324590135,0.0,3339.239366234592,3339.239366234592,0.0,7429819.184604939,7429819.184604939,4.6449674397836525,1.1073520299245196,5.570491192609438,10.21545863239309,1.711799056894207
-2.0,1,84,0.00021225026885263176,0.0001990737728372878,SC,SC,plateau_recentred,plateau_recentred,0.23369077138057234,0.23369077138057234,0.0,2090.418675103066,2090.418675103066,0.0,7504327.710097845,7504327.710097845,4.440920607924556,1.1039748298715222,5.571123749405529,10.012044357330085,1.738196056830007
-2.0,1,98,0.00024061514367423875,0.00022567775632017926,SC,SC,plateau_recentred,plateau_recentred,0.231946552146542,0.231946552146542,0.0,1362.7952579887676,1362.7952579887676,0.0,7673084.161411993,7673084.161411993,4.254991292961271,1.1020235801145497,5.571250401508391,9.826241694469662,1.7616268561428063
-2.0,1,112,0.00027277066680952977,0.00025583706468149684,SC,SC,plateau_recentred,plateau_recentred,0.23001307686814135,0.23001307686814135,0.0,935.923415291066,935.923415291066,0.0,7651572.295506102,7651572.295506102,4.0915758250584995,1.099660682440492,5.571475568451091,9.66305139350959,1.7822512288501036
-2.0,1,126,0.0003092234160142482,0.0002900268273315183,SC,SC,plateau_recentred,plateau_recentred,0.2280796604344417,0.2280796604344417,0.0,651.3698054589532,651.3698054589532,0.0,7654765.895466508,7654765.895466508,3.9342546296586183,1.098284839135947,5.571384073871762,9.50563870353038,1.8127036832928074
-2.0,1,140,0.0003505476674960928,0.00032878566941279506,SC,SC,plateau_recentred,plateau_recentred,0.22579912310106354,0.22579912310106354,0.0,471.6608928970501,471.6608928970501,0.0,7698305.156130316,7698305.156130316,3.793869605840295,1.0953968578758266,5.571571343730338,9.365440949570633,1.8314447473544713
-2.0,1,154,0.0003973944430566423,0.0003727241972955342,SC,SC,plateau_recentred,plateau_recentred,0.22408558262583492,0.22408558262583492,0.0,341.1932234470199,341.1932234470199,0.0,7590642.254670517,7590642.254670517,3.654125163649667,1.0950095998589915,5.570686314014662,9.224811477664328,1.8420592135173628
-2.0,1,168,0.00045050176627992045,0.00042253461806201044,SC,SC,plateau_recentred,plateau_recentred,0.22099715615045706,0.22099715615045706,0.0,255.5031192035042,255.5031192035042,0.0,7703661.0765414145,7703661.0765414145,3.5280411823607976,1.0912008407714477,5.571166104797217,9.099207287158015,1.8740684329520776
-2.0,1,182,0.0005107062893487946,0.00047900164453023957,SC,SC,plateau_recentred,plateau_recentred,0.21786595613795526,0.21786595613795526,0.0,192.45804947798842,192.45804947798842,0.0,7418423.992008032,7418423.992008032,3.4045656435004177,1.0870742054478673,5.571581517247861,8.976147160748278,1.8920215058702836
-2.0,1,196,0.0005789564736542463,0.0005430148576110674,SC,SC,plateau_recentred,plateau_recentred,0.21436860410590436,0.21436860410590436,0.0,145.4131599985626,145.4131599985626,0.0,7386772.981463279,7386772.981463279,3.282748184272797,1.0837717425705202,5.5716666087522375,8.854414793025034,1.934338796257835
-2.0,1,210,0.0006563275318451911,0.0006155827207555844,SC,SC,plateau_recentred,plateau_recentred,0.21164068741332534,0.21164068741332534,0.0,110.72900495590704,110.72900495590704,0.0,7598545.746507812,7598545.746507812,3.165608378151848,1.0836017346712952,5.570464099831831,8.73607247798368,1.9799956544654962
-2.0,1,224,0.0007440383667169925,0.0006978484672774944,SC,SC,plateau_recentred,plateau_recentred,0.20784250823875158,0.20784250823875158,0.0,86.08382599713134,86.08382599713134,0.0,7385707.841019707,7385707.841019707,3.056755305549777,1.0804520132901694,5.569977336178701,8.626732641728477,2.0032121802290708
-2.0,1,238,0.000843470773792987,0.0007911081108384397,SC,SC,plateau_recentred,plateau_recentred,0.2034874957003714,0.2034874957003714,0.0,67.03352985343142,67.03352985343142,0.0,7416284.737492287,7416284.737492287,2.948808493751483,1.0772517103103756,5.569294676086449,8.518103169837932,2.036371975053607
-2.0,1,252,0.0009561912101145875,0.0008968308628316843,SC,SC,plateau_recentred,plateau_recentred,0.1992338575891392,0.1992338575891392,0.0,52.86860877381605,52.86860877381605,0.0,7257699.064443089,7257699.064443089,2.846875141255549,1.0746995821822949,5.568133821684567,8.415008962940115,2.064986587940598
-2.0,1,266,0.0010839754721896355,0.0010166822783235104,SC,SC,plateau_recentred,plateau_recentred,0.192890974618327,0.192890974618327,0.0,41.77965222112857,41.77965222112857,0.0,7540950.8334845435,7540950.8334845435,2.745152236749042,1.0698152317879768,5.567623664542037,8.31277590129108,2.14898137782047
-2.0,1,280,0.001228836671870237,0.0011525504951886475,SC,SC,plateau_recentred,plateau_recentred,0.18771092227013153,0.18771092227013153,0.0,33.06800856076216,33.06800856076216,0.0,7636099.0206128005,7636099.0206128005,2.64545595449804,1.0672232032728097,5.565763167640856,8.211219122138896,2.20312509206134
-2.0,1,294,0.0013930569508946444,0.0013065759798134955,SC,SC,plateau_recentred,plateau_recentred,0.17883864941653585,0.17883864941653585,0.0,26.73089778583797,26.73089778583797,0.0,7230755.781942451,7230755.781942451,2.5519935043243342,1.0570465430558549,5.56683112167404,8.118824625998375,2.3081240058012344
-2.0,1,308,0.001579223433723298,0.0014811852479802185,SC,SC,plateau_recentred,plateau_recentred,0.17048184025334648,0.17048184025334648,0.0,21.723305661554985,21.723305661554985,0.0,7565776.166659265,7565776.166659265,2.462861536712656,1.0500470718385342,5.565875457098163,8.028736993810819,2.3946317683949374
-2.0,1,322,0.0017902689850683995,0.001679129092169012,SC,SC,plateau_recentred,plateau_recentred,0.1616416936411914,0.1616416936411914,0.0,17.877905877655927,17.877905877655927,0.0,7240111.442590094,7240111.442590094,2.3796797403963073,1.0429946485225774,5.564447986859726,7.944127727256033,2.4659992891657887
-2.0,1,336,0.0020295184142127276,0.0019035259175129542,MC,MC,tangent,tangent,0.25,0.25,0.0,7.703329384214629,7.703329384214645,-9.161110932256239e-16,7699695.181653894,7699695.181653894,2.0952298070216075,2.924320756070875,5.48325974184791,7.578489548869517,0.6012668238498254
-2.0,1,350,0.002300740854018324,0.0021579108691179975,MC,MC,tangent,tangent,0.25,0.25,0.0,6.286230528826835,6.286230528826835,0.0,7303004.748959204,7303004.748959204,2.0161214259650464,3.0575975489614207,5.474079958219754,7.4902013841848,0.6088269052143079
-2.0,1,364,0.002608209139803419,0.002446291524699407,MC,MC,tangent,tangent,0.25,0.25,0.0,5.108281393270357,5.108281393270357,0.0,7311436.820290185,7311436.820290185,1.936239300090641,3.250418540603248,5.46384659332788,7.400085893418521,0.6148148307075034
-2.0,1,378,0.0029567671235433135,0.0027732110299172608,MC,MC,tangent,tangent,0.25,0.25,0.0,4.126283516709885,4.126283516709885,0.0,7420833.533304627,7420833.533304627,1.854943993832961,3.5106674608498367,5.452426151930436,7.3073701457633975,0.6196689175981979
-2.0,1,392,0.0033519059838602594,0.003143819671042405,MC,MC,tangent,tangent,0.25,0.25,0.0,3.374098160475324,3.374098160475324,0.0,7345564.915809434,7345564.915809434,1.7799328521345372,3.8143343359873336,5.440035941704849,7.219968793839386,0.6237309428472159
-2.0,1,406,0.0037998507339918053,0.0035639560125104,MC,MC,tangent,tangent,0.25,0.25,0.0,2.7270733945729755,2.7270733945729755,0.0,7405749.05637679,7405749.05637679,1.7016432181716297,4.2483088067814565,5.425864688980988,7.1275079071526175,0.6265355657481287
-2.0,1,420,0.004307658290578997,0.0040402388775996586,MC,MC,tangent,tangent,0.25,0.25,0.0,2.2287016697655355,2.2287016697655355,0.0,7540291.557443279,7540291.557443279,1.6292857308746718,4.797039004542016,5.4105772883230365,7.039863019197708,0.6282088253475581
-2.0,1,434,0.004883328648255025,0.004580171621301985,MC,MC,tangent,tangent,0.25,0.25,0.0,1.8395780342249828,1.839578034224979,8.678947198979575e-16,7640782.640036416,7640782.640036416,1.5619292607428639,5.561839623688533,5.394600035179011,6.956529295921875,0.6284198241547462
-2.0,1,448,0.005535930911470199,0.005192260338092255,MC,MC,tangent,tangent,0.5,0.5,0.0,0.7519396081755739,0.7519396081755729,5.785964799319719e-16,7270011.283704301,7270011.283704301,1.3662556183173675,9.999999999999652,5.20173842418357,6.5679940425009375,0.606259533629932
-2.0,1,462,0.006275746169065011,0.005886147866848442,MC,MC,tangent,tangent,0.5,0.5,0.0,0.6510067905557254,0.6510067905557254,0.0,7397932.7101856535,7397932.7101856535,1.3233201369130454,9.999999999999998,5.182076462491867,6.5053965994049125,0.6149811972033579
-2.0,1,476,0.007114429462428795,0.006672765704027499,MC,MC,tangent,tangent,0.5,0.5,0.0,0.5622355769639711,0.5622355769639711,0.0,7564062.508186313,7564062.508186313,1.2809059751512404,9.999999999975142,5.160823428889218,6.4417294040404585,0.6239729019589801
-2.0,1,490,0.008065193398893555,0.007564506218340277,MC,MC,tangent,tangent,0.5,0.5,0.0,0.4874791335349132,0.48747913353491384,-5.785964799319727e-16,7216950.867622413,7216950.867622413,1.2440775569284972,9.999999999999998,5.135689554350667,6.379767111279164,0.6314734519107091
-2.0,1,504,0.009143016303003959,0.008575417879991347,MC,MC,tangent,tangent,0.5,0.5,0.0,0.425628045826356,0.4256280458263557,2.8929823996598605e-16,7389363.133458584,7389363.133458584,1.2133722199626666,4.989079709972409,5.107469097900807,6.320841317863473,0.6685869107123652
-2.0,1,518,0.010364878184875526,0.00972142658012226,MC,MC,tangent,tangent,0.5,0.5,0.0,0.3723306765503162,0.3723306765503162,0.0,7043117.109118994,7043117.109118994,1.1857092233370343,5.072913390964839,5.077030676892777,6.262739900229811,0.6853356899326364
-2.0,1,532,0.011750028243087796,0.011020586527125955,MC,MC,tangent,tangent,0.5,0.5,0.0,0.33115708043285497,0.33115708043285497,0.0,7049033.6372777345,7049033.6372777345,1.169906262857282,4.797059108016447,5.041938862978572,6.211845125835854,0.6998278708388536
-2.0,1,546,0.013320288116345003,0.012493364672445311,MC,MC,tangent,tangent,0.5,0.5,0.0,0.29263185866429586,0.2926318586642961,-3.375146132936506e-16,7231353.136889761,7231353.136889761,1.152673793021868,4.417476818799685,5.005458893486479,6.158132686508347,0.7333857041519812
-2.0,1,560,0.015100395661331367,0.014162963146700264,MC,MC,tangent,tangent,0.5,0.5,0.0,0.260243987780762,0.2602439877807618,3.857309866213147e-16,7231353.136889761,7231353.136889761,1.1416171686371848,3.523387852478383,4.965574617237108,6.107191785874292,0.7887839751642057
-2.0,1,574,0.01711839467263121,0.01605568478579653,MC,MC,tangent,tangent,0.5,0.5,0.0,0.23459249477609115,0.2345924947760913,-2.4108186663832183e-16,7423587.3346302025,7423587.3346302025,1.139043313303706,3.164512548083968,4.92308188123977,6.0621251945434755,0.8186697659950192
-2.0,1,588,0.019406076684359785,0.018201347505512593,MC,MC,tangent,tangent,0.5,0.5,0.0,0.2112613123032015,0.21126131230320155,-9.643274665532873e-17,7251385.10906633,7251385.10906633,1.1398506096879317,2.6827116197544467,4.876780444256022,6.016631053943954,0.8780496922249146
-2.0,1,602,0.02199948181363931,0.020633754052614348,MC,MC,tangent,tangent,0.5,0.5,0.0,0.1911434411642677,0.1911434411642677,0.0,7450673.843565678,7450673.843565678,1.1451254406858373,2.240228986586954,4.828045040432519,5.973170481118356,0.9724079907005686
-2.0,1,616,0.02493946653620638,0.023391224532954596,MC,MC,tangent,tangent,0.5,0.5,0.0,0.17545753319025598,0.17545753319025598,0.0,7450673.843565678,7450673.843565678,1.1626895137588502,2.173558016472167,4.773293586182546,5.935983099941396,0.9748822772576968
-2.0,1,630,0.028272347338879067,0.02651720010599705,MC,MC,tangent,tangent,0.5,0.5,0.0,0.16116314342996418,0.16116314342996396,5.785964799319719e-16,6918871.5338295,6918871.5338295,1.1806449541137447,2.0340511458381805,4.718431856196542,5.899076810310286,1.0065236204033412
-2.0,1,644,0.03205063038897715,0.030060927356361258,MC,MC,tangent,tangent,0.5,0.5,0.0,0.14822734431277715,0.14822734431277707,2.8929823996598605e-16,6918871.5338295,6918871.5338295,1.2026406624356896,1.8510603827187846,4.660098746039488,5.862739408475177,1.083919183207912
-2.0,1,658,0.036333838715903344,0.03407823412397392,MC,MC,tangent,tangent,0.5,0.5,0.0,0.13701807830151155,0.13701807830151166,-3.375146132936506e-16,7111512.553626791,7111512.553626791,1.2317086481077273,1.7006240045858698,4.596880304826506,5.828588952934234,1.1718643284830939
-2.0,1,672,0.04118944993628881,0.038632409015240336,MC,MC,tangent,tangent,0.5,0.5,0.0,0.12859831151985357,0.1285983115198536,-9.643274665532873e-17,6947766.196757251,6947766.196757251,1.2697247996296614,1.6685462001540485,4.531321547513863,5.801046347143524,1.1509846032394004
-2.0,1,686,0.04669395929562081,0.043795198451051204,MC,MC,tangent,tangent,0.5,0.5,0.0,0.12046588560395799,0.12046588560395805,-1.9286549331065747e-16,6947766.196757251,6947766.196757251,1.3078077118242697,1.5781244875855336,4.4648674466134874,5.772675158437758,1.2206201913940817
-2.0,1,700,0.05293408477349404,0.04964793695910376,MC,MC,tangent,tangent,0.5,0.5,0.0,0.11186269715956988,0.11186269715956983,1.9286549331065737e-16,7143713.710223511,7143713.710223511,1.3450719505102076,1.486435717031357,4.395424416781821,5.740496367292028,1.3606214898964368
-2.0,1,714,0.060008133237702044,0.05628282851715159,MC,MC,tangent,tangent,0.5,0.5,0.0,0.10664528231705164,0.10664528231705164,0.0,6820914.446541842,6820914.446541842,1.398501329504362,1.4596525473115582,4.321251399508979,5.719752729013341,1.3303055448925885
-2.0,1,728,0.06802754916954634,0.06380439913345144,MC,MC,tangent,tangent,0.5,0.5,0.0,0.09997072568140924,0.09997072568140924,0.0,6820914.446541842,6820914.446541842,1.4450081514958808,1.398928061593666,4.246675773892491,5.6916839253883715,1.4793273506141633
-2.0,1,742,0.07711867035896258,0.07233114354834155,MC,MC,tangent,tangent,0.5,0.5,0.0,0.0950174366980029,0.09501743669800285,2.8929823996598605e-16,6820914.446541842,6820914.446541842,1.499771822276701,1.3732847642784545,4.169842568677838,5.669614390954539,1.4859968844593239
-2.0,1,756,0.08742471822866626,0.08199739199907073,MC,MC,tangent,tangent,0.5,0.5,0.0,0.09048651255388673,0.09048651255388677,-1.9286549331065747e-16,6665026.533209079,6665026.533209079,1.5553234933780173,1.344884002806145,4.09307143773947,5.648394931117487,1.5317368821139623
-2.0,1,770,0.09910805414286328,0.09295542645687134,MC,MC,tangent,tangent,0.5,0.5,0.0,0.08571829813665996,0.08571829813665975,1.0607602132086145e-15,6665026.533209079,6665026.533209079,1.6102622595212281,1.319083564774639,4.014622361140922,5.62488462066215,1.599974279330604
-2.0,1,784,0.11235273724638661,0.10537787967545051,MC,MC,tangent,tangent,0.5,0.5,0.0,0.08147804236659523,0.08147804236659523,0.0,6665026.533209079,6665026.533209079,1.6697574797665962,1.2975364444592237,3.9330941868554774,5.602851666622073,1.6771290722177108
-2.0,1,798,0.127367424130429,0.11946045484548332,MC,MC,tangent,tangent,0.5,0.5,0.0,0.0774131250026078,0.07741312500260787,-3.85730986621315e-16,6665026.533209079,6665026.533209079,1.729476789286191,1.276125558987621,3.851148890816998,5.580625680103189,1.727788270885967
-2.0,1,812,0.14438865600617423,0.13542500870051552,MC,MC,tangent,tangent,0.5,0.5,0.0,0.07366552105855352,0.07366552105855356,-2.4108186663832183e-16,6861407.15840338,6861407.15840338,1.789431512759953,1.2564519965352283,3.76964383308614,5.559075345846093,1.7714917079035064
-2.0,1,826,0.1636845851724229,0.15352304664549105,MC,MC,tangent,tangent,0.5,0.5,0.0,0.07018254486190327,0.07018254486190327,0.0,6705768.211267249,6705768.211267249,1.8506245145226987,1.237312197140324,3.6874156781766025,5.5380401926993015,1.8015429121987825
-2.0,1,840,0.18555919948394317,0.17403968497012076,MC,MC,tangent,tangent,0.5,0.5,0.0,0.06704631660743267,0.06704631660743264,1.9286549331065737e-16,6705768.211267249,6705768.211267249,1.9132755926974108,1.2190488933286268,3.604910411613674,5.518186004311085,1.815275669386626
-2.0,1,854,0.2103571113727749,0.19729814256775954,MC,MC,tangent,tangent,0.5,0.5,0.0,0.06380295465271593,0.06380295465271593,0.0,6705768.211267249,6705768.211267249,1.9743430185749835,1.1991183212530545,3.5223088531179974,5.496651871692981,1.851968235180004
-2.0,1,868,0.23846898686867357,0.22366483292227807,MC,MC,tangent,tangent,0.5,0.5,0.0,0.06064165844797586,0.06064165844797583,1.9286549331065737e-16,6253140.411154441,6253140.411154441,2.0332916912798886,1.1816183492661112,3.4412904594860017,5.47458215076589,1.8649688252608434
-2.0,1,882,0.27033770014742475,0.2535551365820376,MC,MC,tangent,tangent,0.5,0.5,0.0,0.057698876009918895,0.05769887600991892,-1.9286549331065747e-16,6253140.411154441,6253140.411154441,2.093048167530851,1.161465178045269,3.3599302662819897,5.452978433812841,1.8813344150185858
-2.0,1,896,0.30646531056571247,0.287439945060456,MC,MC,tangent,tangent,0.5,0.5,0.0,0.05463906897172728,0.05463906897172725,1.9286549331065737e-16,6111298.924791931,6111298.924791931,2.148737191941132,1.1429046330965522,3.280577179339481,5.429314371280613,1.9080773362814145
-2.0,1,910,0.3474209720986756,0.3258530792557056,MC,MC,tangent,tangent,0.5,0.5,0.0,0.05170396799929047,0.05170396799929047,0.0,5972674.862944227,5972674.862944227,2.202889963679208,1.1236615609997032,3.202444991192665,5.405334954871873,1.9270280724668085
-2.0,1,924,0.3938498997853399,0.36939969925924143,MC,MC,tangent,tangent,0.5,0.5,0.0,0.04871024465407981,0.04871024465407981,0.0,6297979.346071926,6297979.346071926,2.255686746017203,1.1008725033277864,3.123744645616853,5.379431391634056,1.9561718240109702
-2.0,1,938,0.44648353443920774,0.41876583804118983,MC,MC,tangent,tangent,0.5,0.5,0.0,0.045875633128971784,0.045875633128971804,-1.9286549331065747e-16,5837195.243998071,5837195.243998071,2.3016295762057886,1.0826690809041837,3.0517635755392605,5.353393151745049,1.9607441871501237
-2.0,1,952,0.5016364722968638,0.47049488169204756,FC,FC,plateau_recentred,plateau_recentred,0.5626172033028226,0.5626172033028226,0.0,0.036230165172025985,0.036230165172025985,0.0,5704788.741799601,5704788.741799601,2.3747302024866617,1.2667102864048971,2.8761511922368506,5.250881394723512,1.72898584084911
-2.0,1,966,0.5437616319255452,0.5100049115449525,FC,FC,plateau_recentred,plateau_recentred,0.5640658207038431,0.5640658207038431,0.0,0.03452214678653598,0.03452214678653598,0.0,6017610.266656888,6017610.266656888,2.3990817457771985,1.2581779342403807,2.8308271297971843,5.229908875574383,1.7157008371753633
-2.0,1,980,0.5841669263524998,0.5479018454223843,FC,FC,plateau_recentred,plateau_recentred,0.5666278081091132,0.5666278081091132,0.0,0.03294147459293511,0.03294147459293511,0.0,5882141.525614991,5882141.525614991,2.4248301489439195,1.2541532806267224,2.7847239678447124,5.209554116788632,1.699470629044561
-2.0,1,994,0.6278195488721805,0.5888445132748733,FC,FC,plateau_recentred,plateau_recentred,0.5686745640760503,0.5686745640760503,0.0,0.031406064946913226,0.031406064946913226,0.0,5882141.525614991,5882141.525614991,2.44820304936371,1.2492033935770843,2.7406215558505496,5.1888246052142595,1.6856019616515419
-2.0,1,1008,0.674207802630171,0.632352984387098,FC,FC,plateau_recentred,plateau_recentred,0.5652860251225623,0.5652860251225623,0.0,0.030532984579229136,0.030532984579229136,0.0,5749722.463596156,5749722.463596156,2.4663258869968385,1.2186719210178711,2.7102544521291922,5.176580339126031,1.6945332350125697
-2.0,1,1022,0.724306160386226,0.6793412362529868,FC,FC,plateau_recentred,plateau_recentred,0.5709666822634657,0.5709666822634657,0.0,0.028792268261150705,0.028792268261150705,0.0,5749722.463596156,5749722.463596156,2.489866454535723,1.2242487708323622,2.6612205062552476,5.151086960790971,1.6639394296397696
-2.0,1,1036,0.771186703589626,0.7233114354834157,FC,FC,plateau_recentred,plateau_recentred,0.5681573532225702,0.5681573532225702,0.0,0.02801425308203933,0.02801425308203933,0.0,5620284.426074924,5620284.426074924,2.5078589981802697,1.1967786026664042,2.6313311303395155,5.139190128519785,1.6712658285687607
-2.0,1,1050,0.8233082706766917,0.7721972958514804,FC,FC,plateau_recentred,plateau_recentred,0.5718126541059861,0.5718126541059861,0.0,0.026605060900249684,0.026605060900249684,0.0,5933666.256304854,5933666.256304854,2.5228334179366465,1.1933861823583576,2.593941920197423,5.11677533813407,1.6553435014268938
-2.0,1,1064,0.8759398496240602,0.8215615065451826,FC,FC,plateau_recentred,plateau_recentred,0.5758121235578705,0.5758121235578705,0.0,0.025337823504996575,0.025337823504996575,0.0,5493760.30407973,5493760.30407973,2.5403319349118223,1.193310926486164,2.5552484525052077,5.09558038741703,1.6312031426852525
-2.0,1,1078,0.9308326223135523,0.8730465360806885,FC,FC,plateau_recentred,plateau_recentred,0.573822132460121,0.573822132460121,0.0,0.02453365761255584,0.02453365761255584,0.0,5801103.23295594,5801103.23295594,2.5517263578213423,1.1685990424033015,2.529847022972398,5.08157338079374,1.6483854314362612
-2.0,1,1092,0.9887218045112784,0.9273419580316868,FC,FC,plateau_recentred,plateau_recentred,0.5777081325466124,0.5777081325466124,0.0,0.023359592340019813,0.023359592340019813,0.0,5801103.23295594,5801103.23295594,2.564207314199017,1.1647519367804977,2.4960690259677807,5.060276340166798,1.6239376305428377
-2.0,1,1106,1.045815930351596,0.980891680721416,FC,FC,plateau_recentred,plateau_recentred,0.5824041967230869,0.5824041967230869,0.0,0.02220772400820439,0.02220772400820439,0.0,5671501.777447268,5671501.777447268,2.5776198018913696,1.167546628110846,2.460695330369968,5.038315132261338,1.6014943092877383
-2.0,1,1120,1.1035742449353014,1.035064359319456,FC,FC,plateau_recentred,plateau_recentred,0.5868356162045574,0.5868356162045574,0.0,0.020980486696407803,0.020980486696407803,0.0,5671501.777447268,5671501.777447268,2.585929145837703,1.1697824654683207,2.4276974934668525,5.013626639304555,1.599438570915352
-2.0,1,1134,1.1645224352961225,1.092228886216513,FC,FC,plateau_recentred,plateau_recentred,0.5761684138582425,0.5761684138582425,0.0,0.019455025325862574,0.019455025325862574,0.0,5587490.537324941,5587490.537324941,2.5672660644152545,1.1336817106229018,2.4135768168255094,4.980842881240764,1.6018410541271386
-2.0,1,1148,1.2288366718702433,1.1525504951886534,FC,FC,plateau_recentred,plateau_recentred,0.5654845322313663,0.5654845322313663,0.0,0.018831715756735687,0.018831715756735687,0.0,5170531.568173193,5170531.568173193,2.586651459658916,1.1313644453412626,2.380049511461662,4.966700971120578,1.5888842317238099
-2.0,1,1162,1.2894736842105265,1.2094231619956979,FC,FC,plateau_recentred,plateau_recentred,0.5589737775988352,0.5589737775988352,0.0,0.018585011858015348,0.018585011858015348,0.0,4931708.042429768,4931708.042429768,2.621839475105524,1.1357331743767674,2.3391344481758307,4.960973923281355,1.603873330608573
-2.0,1,1176,1.3561125023080152,1.2719250424776285,FC,FC,plateau_recentred,plateau_recentred,0.562160928210034,0.562160928210034,0.0,0.01781944403629692,0.01781944403629692,0.0,4821529.59623152,4821529.59623152,2.6649640728556854,1.1620465283306471,2.277741157892094,4.942705230747779,1.587392691970679
-2.0,1,1190,1.4182440582626876,1.330199471636234,FC,FC,plateau_recentred,plateau_recentred,0.5652622732769794,0.5652622732769794,0.0,0.017146820175129293,0.017146820175129293,0.0,4968811.734990443,4968811.734990443,2.6947233126694186,1.1753799956692894,2.2312713613566904,4.925994674026109,1.5745869316473815
-2.0,1,1204,1.4849624060150375,1.392775944572305,FC,FC,plateau_recentred,plateau_recentred,0.5634656863842136,0.5634656863842136,0.0,0.01680282677707716,0.01680282677707716,0.0,4496084.656059833,4496084.656059833,2.717522992246919,1.1601774039620913,2.19967043870749,4.917193430954409,1.5805333195285203
-2.0,1,1218,1.5526315789473681,1.4562442154642072,FC,FC,plateau_recentred,plateau_recentred,0.5671150993143529,0.5671150993143529,0.0,0.016129297301824577,0.016129297301824577,0.0,4496084.656059833,4496084.656059833,2.72971271707312,1.165372127460407,2.169713810758089,4.899426527831209,1.5597211985057382
-2.0,1,1232,1.6222460729620618,1.5215370419118663,FC,FC,plateau_recentred,plateau_recentred,0.570775807327559,0.570775807327559,0.0,0.015500201779085019,0.015500201779085019,0.0,4288413.399160323,4288413.399160323,2.7414095592934293,1.1668874002131044,2.140738873239478,4.882148432532907,1.5390324730973006
-2.0,1,1246,1.6954887218045114,1.590232787347113,FC,FC,plateau_recentred,plateau_recentred,0.5689429364615867,0.5689429364615867,0.0,0.015162327374951086,0.015162327374951086,0.0,4192606.688602809,4192606.688602809,2.7421033265069408,1.1568548451046332,2.1304736236487223,4.872576950155663,1.5518576769933619
-2.0,1,1260,1.763157894736842,1.6537010582390153,FC,FC,plateau_recentred,plateau_recentred,0.567288419153194,0.567288419153194,0.0,0.014865995998904851,0.014865995998904851,0.0,4192606.688602809,4192606.688602809,2.7400943462428757,1.1492778529346388,2.123910746087739,4.864005092330615,1.5618409647717915
-2.0,1,1274,1.8383458646616542,1.7242213592300182,FC,FC,plateau_recentred,plateau_recentred,0.5709278434695181,0.5709278434695181,0.0,0.014275888617433216,0.014275888617433216,0.0,4224889.672648713,4224889.672648713,2.7418769867316337,1.164040030113425,2.1045372448877346,4.846414231619368,1.551247565896484
-2.0,1,1288,1.9061437174542544,1.7878103215368737,FC,FC,plateau_recentred,plateau_recentred,0.5693313210176516,0.5693313210176516,0.0,0.014022625768434679,0.014022625768434679,0.0,3909612.961051658,3909612.961051658,2.740311938859213,1.1555126285364103,2.0983284857631275,4.838640424622341,1.5536494261265605
-2.0,1,1302,1.981203007518797,1.8582099311129234,FC,FC,plateau_recentred,plateau_recentred,0.5676029823317998,0.5676029823317998,0.0,0.013753484200478,0.013753484200478,0.0,3729030.4543326357,3729030.4543326357,2.7402208585492756,1.1480582549461482,2.0900029550854202,4.830223813634696,1.5644193685293815
-2.0,1,1316,2.056390977443609,1.9287302321039261,FC,FC,plateau_recentred,plateau_recentred,0.5713551638321608,0.5713551638321608,0.0,0.013235571796979642,0.013235571796979642,0.0,3645720.8225074126,3645720.8225074126,2.740758118048438,1.1618871434014755,2.0727956709326794,4.8135537889811175,1.5452633372892366
-2.0,1,1330,2.1315789473684212,1.999250533094929,FC,FC,plateau_recentred,plateau_recentred,0.5696881191013012,0.5696881191013012,0.0,0.012979165244083424,0.012979165244083424,0.0,3645720.8225074126,3645720.8225074126,2.7385908395133494,1.154472958207008,2.066467002920795,4.805057842434144,1.5550150612016318
-2.0,1,1344,2.206766917293233,2.0697708340859315,FC,FC,plateau_recentred,plateau_recentred,0.5680574387499767,0.5680574387499767,0.0,0.01274903552040478,0.01274903552040478,0.0,3477327.3238453274,3477327.3238453274,2.7386479023992036,1.147527827750544,2.0586405094744222,4.797288411873626,1.5650828767756826
-2.0,1,1358,2.281954887218045,2.1402911350769345,FC,FC,plateau_recentred,plateau_recentred,0.5719150938806675,0.5719150938806675,0.0,0.012281759019956092,0.012281759019956092,0.0,3399640.948624456,3399640.948624456,2.739158207377324,1.162054575077357,2.04191344522423,4.781071652601554,1.5452836804272985
-2.0,1,1372,2.3634197261974306,2.2166986371115653,FC,FC,plateau_recentred,plateau_recentred,0.5702119901322426,0.5702119901322426,0.0,0.012048050370583162,0.012048050370583162,0.0,3399640.948624456,3399640.948624456,2.7371427656227274,1.154606221663482,2.035585089690925,4.7727278553136525,1.5551129191778412
-2.0,1,1386,2.439849624060151,2.2883837671580407,FC,FC,plateau_recentred,plateau_recentred,0.5686485281074765,0.5686485281074765,0.0,0.0118470629982727,0.0118470629982727,0.0,3242613.720977323,3242613.720977323,2.7373100906645185,1.1479927016171412,2.0281116879657484,4.765421778630267,1.5646649273689823
-2.0,1,1400,2.561889013687202,2.402846951865171,FC,FC,plateau_recentred,plateau_recentred,0.5716752220169286,0.5716752220169286,0.0,0.01131005498687199,0.01131005498687199,0.0,3170171.042228972,3170171.042228972,2.7368609835949256,1.1591825753144371,2.008414813526474,4.7452757971213995,1.5497231080848595
-2.0,1,1414,2.904256830572931,2.723960575767479,FC,FC,plateau_recentred,plateau_recentred,0.5706668715903875,0.5706668715903875,0.0,0.010333945530685196,0.010333945530685196,0.0,3046492.0035522925,3046492.0035522925,2.7352518956817407,1.154911305206722,1.9708253531575202,4.706077248839261,1.5656737047432137
-2.0,1,1428,3.2923782774609203,3.087987444467019,FC,FC,plateau_recentred,plateau_recentred,0.5693691023684827,0.5693691023684827,0.0,0.009442188385971838,0.009442188385971838,0.0,2570582.9546574336,2570582.9546574336,2.7325132681789936,1.1467312144953854,1.9343704735874159,4.6668837417664095,1.5659206181329266
-2.0,1,1442,3.732367815334758,3.500662433228964,FC,FC,plateau_recentred,plateau_recentred,0.5732916183770279,0.5732916183770279,0.0,0.008433629964456677,0.008433629964456677,0.0,2397073.034374311,2397073.034374311,2.7312495694627428,1.1625302401072137,1.8865760531987679,4.617825622661511,1.5500423583806688
-2.0,1,1456,4.231157034510027,3.9684868192641503,FC,FC,plateau_recentred,plateau_recentred,0.571463823025399,0.571463823025399,0.0,0.007666072982105847,0.007666072982105847,0.0,2252486.3035804033,2252486.3035804033,2.729065887408154,1.1559994951472672,1.8473181428266057,4.57638403023476,1.5677746609205496
-2.0,1,1470,4.796603854831481,4.49883070277836,FC,FC,plateau_recentred,plateau_recentred,0.5693644578222451,0.5693644578222451,0.0,0.006964386738146977,0.006964386738146977,0.0,1943704.2989639807,1943704.2989639807,2.7251722447372178,1.146551499657582,1.8095217158604129,4.534693960597631,1.5733524319864751
-2.0,1,1484,5.437616319255451,5.100049115449525,FC,FC,plateau_recentred,plateau_recentred,0.5726104862949525,0.5726104862949525,0.0,0.006193070163510882,0.006193070163510882,0.0,1826463.8785899554,1826463.8785899554,2.725254896308084,1.1625391011660882,1.758462184758622,4.483717081066706,1.5666396773320082
-2.0,1,1498,6.164292931060073,5.781613645504393,FC,FC,plateau_recentred,plateau_recentred,0.5756347579691043,0.5756347579691043,0.0,0.005505352823440993,0.005505352823440993,0.0,1576083.1429139923,1576083.1429139923,2.725517892061749,1.1765659097483834,1.7070783456693102,4.432596237731059,1.5522930605062768
-2.0,1,1512,6.988081745554302,6.554261653014747,FC,FC,plateau_recentred,plateau_recentred,0.5729331132100136,0.5729331132100136,0.0,0.004981152479551946,0.004981152479551946,0.0,1370498.0120706994,1370498.0120706994,2.720914997910639,1.1666853400557766,1.6682259190952848,4.389140917005924,1.561873928096903
-2.0,1,1526,7.921960722614703,7.430165426149287,FC,FC,plateau_recentred,plateau_recentred,0.5756016623584492,0.5756016623584492,0.0,0.004412392121680552,0.004412392121680552,0.0,1317030.273458697,1317030.273458697,2.7202511097376387,1.1835910557956144,1.6162340714988686,4.336485181236507,1.5605192608422758
-2.0,1,1540,8.980642181321816,8.423123943266827,FC,FC,plateau_recentred,plateau_recentred,0.5781153538077152,0.5781153538077152,0.0,0.003911032609466264,0.003911032609466264,0.0,1111289.8270447229,1111289.8270447229,2.7180601143875216,1.1982225413889616,1.566042403398208,4.28410251778573,1.5429929030669187
-2.0,1,1554,10.180804577672388,9.548780261868876,FC,FC,plateau_recentred,plateau_recentred,0.5749291197280657,0.5749291197280657,0.0,0.0035254262981573776,0.0035254262981573776,0.0,1044259.010397595,1044259.010397595,2.7144663181821596,1.190070398959833,1.5245564024054765,4.239022720587636,1.5676476622088527
-2.0,1,1568,11.541355256790725,10.824867959154556,FC,FC,plateau_recentred,plateau_recentred,0.5771691931683621,0.5771691931683621,0.0,0.003118636668421886,0.003118636668421886,0.0,901106.8011891358,901106.8011891358,2.7137983961383623,1.205180653314443,1.4719774655610727,4.185775861699435,1.5579483602452697
-2.0,1,1582,13.083728319034787,12.271490506599774,FC,FC,plateau_recentred,plateau_recentred,0.5792938313413462,0.5792938313413462,0.0,0.0027563915200640625,0.0027563915200640625,0.0,783565.9465336296,783565.9465336296,2.710712410998748,1.2228083807878234,1.4214395749066133,4.132151985905361,1.5467433519120057
-2.0,1,1596,14.832222292576159,13.911437979824496,FC,FC,plateau_recentred,plateau_recentred,0.5757424547283592,0.5757424547283592,0.0,0.002479358496805567,0.002479358496805567,0.0,736302.7897811651,736302.7897811651,2.706579307414168,1.2150519952346532,1.37957110039873,4.086150407812898,1.5740934033133964
-2.0,1,1610,16.814382932144426,15.770546093192305,FC,FC,plateau_recentred,plateau_recentred,0.5776650994578815,0.5776650994578815,0.0,0.002189079253819104,0.002189079253819104,0.0,635366.7480960735,635366.7480960735,2.7053583134925585,1.2317675800048582,1.3267142523870206,4.032072565879579,1.5668042661215167
-2.0,1,1624,19.061437174542544,17.878103215368736,FC,FC,plateau_recentred,plateau_recentred,0.5795033052523971,0.5795033052523971,0.0,0.0019314236721122502,0.0019314236721122502,0.0,552489.1685546135,552489.1685546135,2.7038662128150777,1.2495985014757585,1.2738224178826911,3.977688630697769,1.5615956453160407
-2.0,1,1638,21.608785087464046,20.2673117779575,FC,FC,plateau_recentred,plateau_recentred,0.5812656822844582,0.5812656822844582,0.0,0.0017033593184686753,0.0017033593184686753,0.0,480422.18495830323,480422.18495830323,2.699836214232596,1.27136128772181,1.2232811372459436,3.9231173514785396,1.5541891135775427
-2.0,1,1652,24.496557561768185,22.975811346240924,FC,FC,plateau_recentred,plateau_recentred,0.5773771880990144,0.5773771880990144,0.0,0.001530599351291721,0.001530599351291721,0.0,427301.93688728195,427301.93688728195,2.6953933530987877,1.2623812202800775,1.1812792525807234,3.876672605679511,1.5785358175454247
-2.0,1,1666,27.770248533090715,26.046271592475193,FC,FC,plateau_recentred,plateau_recentred,0.5790084510344187,0.5790084510344187,0.0,0.0013478832851714746,0.0013478832851714746,0.0,389557.8702986271,389557.8702986271,2.6930110883260103,1.2837501525461632,1.1284522801733372,3.8214633684993475,1.5799682252691514
-2.0,1,1680,31.4814316928032,29.52706451343554,FC,FC,plateau_recentred,plateau_recentred,0.5805848610531748,0.5805848610531748,0.0,0.0011874631798642,0.0011874631798642,0.0,338743.7326711504,338743.7326711504,2.6907334080869783,1.304129832494011,1.0756978248311073,3.7664312329180856,1.576721391322364
-2.0,1,1694,35.6885729793766,33.473026482318595,FC,FC,plateau_recentred,plateau_recentred,0.5821142567538223,0.5821142567538223,0.0,0.0010445194828947542,0.0010445194828947542,0.0,318311.3769683827,318311.3769683827,2.685095655996243,1.3336673320643038,1.0256319698228875,3.7107276258191306,1.5810039148783759
-2.0,1,1708,40.45795165012969,37.946322140359555,FC,FC*,plateau_recentred,plateau,0.5780104308022225,0.5702365945643645,0.0077738362378579895,0.0009385718036830723,0.0010304069042873913,-0.040541256918386726,261988.58062228514,261988.58062228514,3.6744694837291614,1.422520791463682,0.03035035705732625,3.7048198407864876,1.8809850079262533
-2.0,1,1722,45.86470444391582,43.017423737902746,FC,FC*,plateau_recentred,plateau,0.5794567630046245,0.5718502794346961,0.007606483569928324,0.000825637730147888,0.0009057029132816536,-0.040196233488182,238846.83100956862,238846.83100956862,3.6184464883896577,1.4439428567568433,0.03035035705732625,3.648796845446984,1.8734997472280739
-2.0,1,1736,51.99400928447669,48.76622135345485,FC,FC*,plateau_recentred,plateau,0.5808682790867706,0.573424926741265,0.007443352345505638,0.0007266793079059748,0.000796537463073454,-0.0398634126386765,207691.52221423332,207691.52221423332,3.5626669302260954,1.4642592523570304,0.03035035705732625,3.5930172872834216,1.859157850081974
-2.0,1,1750,58.942427172510946,55.28328148109825,FC,FC*,plateau_recentred,plateau,0.5822505596708619,0.5719971723805087,0.010253387290353189,0.0006394269704423586,0.0007059737939934527,-0.04299762971592891,180600.1286152178,180600.1286152178,3.5102493038744584,1.460061873702525,0.03035035705732625,3.5405996609317847,1.8627602387731665
-2.0,1,1764,66.81942340661188,62.6712738140377,FC,FC*,plateau_recentred,plateau,0.5836087838309879,0.5701792834291011,0.01342950040188684,0.0005621032736181954,0.000629165790036369,-0.04894898589379356,169706.68406723026,169706.68406723026,3.460225824164235,1.4752435055228441,0.03035035705732625,3.490576181221561,1.894236172481233
-2.0,1,1778,75.7490920983714,71.04658870181215,FC,FC*,plateau_recentred,plateau,0.5793431431706747,0.5716700708360466,0.007673072334628106,0.0005041137054103882,0.0005531608256435761,-0.040322911354367774,146442.44933257732,146442.44933257732,3.404312139872479,1.4985185422182281,0.03035035705732625,3.434662496929805,1.8783163173329682
-2.0,1,1792,85.87211114964163,80.54117076257413,FC,FC*,plateau_recentred,plateau,0.5806530145601113,0.5731360690141567,0.007516945545954612,0.000443411442487899,0.00048619630591320714,-0.040004758637071994,127340.41766476378,127340.41766476378,3.3482723784737645,1.5248334960388514,0.03035035705732625,3.3786227355310907,1.865003321049666
-2.0,1,1806,97.34795849064635,91.30459753714634,FC,FC*,plateau_recentred,plateau,0.5819434814729836,0.5716113204114357,0.010332161061547884,0.00038998988539744035,0.0004307226028191952,-0.043144319113663315,110730.06525730943,110730.06525730943,3.295658386313684,1.52349673157417,0.03035035705732625,3.3260087433710104,1.8687709524759277
-2.0,1,1820,110.35742449353015,103.5064359319456,FC,FC*,plateau_recentred,plateau,0.5832193217261878,0.5730347311293625,0.010184590596825305,0.00034267445260772436,0.00037820795684490683,-0.042848933713309535,104051.04550840554,104051.04550840554,3.2391913851082017,1.5609878415557994,0.03035035705732625,3.269541742165528,1.8692353688476084
-2.0,1,1834,125.1054601418827,117.33891357415216,FC,FC*,plateau_recentred,plateau,0.5788821499912011,0.5711182060253485,0.007763943965852671,0.0003074213688879197,0.0003374731873024207,-0.040505221195608086,85639.99811957609,85639.99811957609,3.1896999969524997,1.5751386765717161,0.03035035705732625,3.220050354009826,1.8787221587080136
-2.0,1,1848,141.82440582626876,133.0199471636234,FC,FC*,plateau_recentred,plateau,0.5801294531046383,0.5725178375550616,0.007611615549576678,0.0002701037717145842,0.0002962938971129936,-0.04019205753583454,78075.3195804984,78075.3195804984,3.1331834299246255,1.6148198491668233,0.03035035705732625,3.1635337869819518,1.8725858720174935
-2.0,1,1862,160.7776516321715,150.7965755301734,FC,FC*,plateau_recentred,plateau,0.5813638875838497,0.5709342349682818,0.010429652615567941,0.00023748861861488854,0.00026240559283940865,-0.043330285866975994,67891.1330014122,67891.1330014122,3.080433810927521,1.6196364094281013,0.03035035705732625,3.110784167984847,1.876614079316414
-2.0,1,1876,182.2637867844891,170.9488514805683,FC,FC*,plateau_recentred,plateau,0.5825894138188756,0.5723068755150018,0.010282538303873823,0.00020878616763051063,0.00023053823553778426,-0.04304124221331217,59035.377184248566,59035.377184248566,3.024203688586657,1.6626639115440616,0.03035035705732625,3.0545540456439833,1.8639398326891934
-2.0,1,1890,206.62130361888174,193.79425374734694,FC,FC*,plateau_recentred,plateau,0.5838080973300858,0.5703375670579377,0.013470530272148062,0.00018339345114959951,0.00020530369721470456,-0.0490129471775127,55474.479345153595,55474.479345153595,2.9738574941338345,1.7047175943919395,0.03035035705732625,3.0042078511911607,1.8965400704924282
-2.0,1,1904,234.2339301862863,219.6926885452645,FC,FC*,plateau_recentred,plateau,0.5794164228005708,0.5716975827775784,0.00771884002299239,0.0001643573007056356,0.0001803831065853867,-0.04040686205367727,47869.76232200425,47869.76232200425,2.9176565858341603,1.757678029386777,0.03035035705732625,2.9480069428914866,1.8814156570796328
-2.0,1,1918,265.536675500387,249.05215952981908,FC,FC*,plateau_recentred,plateau,0.5806182990205978,0.5730480677173436,0.007570231303254182,0.00014447700720486865,0.00015845411169199272,-0.04010477629663136,41625.60483916287,41625.60483916287,2.8613642367816805,1.819450793769709,0.03035035705732625,2.8917145938390068,1.8687930999268845
-2.0,1,1932,301.0226826648105,282.3351954823326,FC,FC*,plateau_recentred,plateau,0.581812303910596,0.571420610938084,0.010391692972511968,0.00012700178795507303,0.00014030157967478185,-0.04325272575874277,36195.93860882151,36195.93860882151,2.8085232845313306,1.8406630215400885,0.03035035705732625,2.838873641588657,1.8729385926072302
-2.0,1,1946,341.25099784412686,320.0661369832566,FC,FC*,plateau_recentred,plateau,0.5830027625894217,0.5727546029462869,0.010248159643134858,0.00011149659961747899,0.00012309087830106972,-0.042964247925033845,34012.67078326154,34012.67078326154,2.751686594251032,1.9283328846525782,0.03035035705732625,2.782036951308358,1.8732442138073249
-2.0,1,1960,386.8553774709468,362.8393968678809,FC,FC*,plateau_recentred,plateau,0.5841911996280995,0.5707534857426788,0.013437713885420699,9.811985184417526e-05,0.00010982716723872114,-0.048952898257992296,27994.385329698365,27994.385329698365,2.7021705057251104,1.988922855676428,0.03035035705732625,2.7325208627824367,1.8839364643197127
-2.0,1,1974,438.5542724377551,411.32882459956966,FC,FC*,plateau_recentred,plateau,0.5797696938791786,0.5720832270396968,0.00768646683948182,8.784649641095421e-05,9.639701902053553e-05,-0.040339158822567854,25521.60940059861,25521.60940059861,2.6455243276908584,2.0958755326070087,0.03035035705732625,2.6758746847481847,1.878388711677929
-2.0,1,1988,497.16214656432567,466.2983220867555,FC,FC*,plateau_recentred,plateau,0.5809467414764256,0.5734071748903106,0.007539566586114987,7.720985649707827e-05,8.466688919408871e-05,-0.04004085807318172,22192.55697621155,22192.55697621155,2.5891743270389576,2.212248783435455,0.03035035705732625,2.619524684096284,1.8659633401863096
-2.0,1,2002,563.6023076517386,528.6138781851639,FC,FC*,plateau_recentred,plateau,0.5821194663426372,0.5717561144488682,0.010363351893769024,6.786233185435508e-05,7.495906257033227e-05,-0.043195368081875914,19297.747936336767,19297.747936336767,2.5362848703695198,2.2697107558113716,0.03035035705732625,2.566635227426846,1.8701174547197659
-2.0,1,2016,638.9214532632683,599.2572114766701,FC,FC*,plateau_recentred,plateau,0.5832910555592918,0.5730691615667942,0.010221893992497622,5.959373732534796e-05,6.57830129382468e-05,-0.042913138434371924,18133.745736241846,18133.745736241846,2.4795744844870065,2.443213398263096,0.03035035705732625,2.5099248415443327,1.8714370096908333
-2.0,1,2030,724.3061603862267,679.3412362529874,FC,FC*,plateau_recentred,plateau,0.5844635398589445,0.5710514784041361,0.013412061454808444,5.242139209764e-05,5.8669292968151004e-05,-0.04890230465655773,14925.116255820503,14925.116255820503,2.4298715781985116,2.5724591337327563,0.03035035705732625,2.460221935255838,1.8814346307675054
-2.0,1,2044,821.1015787526973,770.1275953551096,FC,FC*,plateau_recentred,plateau,0.5800256804047185,0.5723649155001762,0.007660764904542261,4.692671044533813e-05,5.1488001536110905e-05,-0.04028592406787098,13606.763743995401,13606.763743995401,2.373166759069969,2.7915124619504526,0.03035035705732625,2.4035171161272952,1.8758737382036443
-2.0,1,2058,930.8326223135522,873.0465360806883,FC,FC*,plateau_recentred,plateau,0.581189259281536,0.5736744755549291,0.007514783726606855,4.1243527964037145e-05,4.522157560440145e-05,-0.03998988223311882,11831.890180224482,11831.890180224482,2.3168064136003492,3.0408140910116725,0.03035035705732625,2.3471567706576755,1.8631380430118472
-1.0,1,14,0.00011336388169258527,0.00010632625227764493,SC,SC,plateau_recentred,plateau_recentred,0.24639770391356974,0.24639770391356974,0.0,5499709.833521407,5499709.833521407,0.0,44583651.402893476,44583651.402893476,7.868102985904706,1.1473097666159107,5.565558509055908,13.433661494960614,1.7731400012613472
-1.0,1,28,0.00012851369672417512,0.00012053556684025519,SC,SC,plateau_recentred,plateau_recentred,0.2456455776486782,0.2456455776486782,0.0,1759870.7410363453,1759870.7410363453,0.0,44895505.89065734,44895505.89065734,7.372590188152525,1.1422696524969502,5.566212301157414,12.93880248930994,1.6505419544539428
-1.0,1,42,0.00014568811511317392,0.0001366437973902854,SC,SC,plateau_recentred,plateau_recentred,0.24489271582305108,0.24489271582305108,0.0,826872.2377989871,826872.2377989871,0.0,44585319.908578835,44585319.908578835,7.043712450175948,1.1369022480851099,5.567047678959288,12.610760129135237,1.6410893072151926
-1.0,1,56,0.0001651577024572859,0.00015490471281399474,SC,SC,plateau_recentred,plateau_recentred,0.2443240809495674,0.2443240809495674,0.0,442766.2935555109,442766.2935555109,0.0,44108195.167813756,44108195.167813756,6.772091377260061,1.1325374883417072,5.567404893073601,12.339496270333662,1.6116613222295737
-1.0,1,70,0.00018722918241986797,0.00017560599537069446,SC,SC,plateau_recentred,plateau_recentred,0.24381230297060846,0.24381230297060846,0.0,261487.47078332515,261487.47078332515,0.0,43403318.22409197,43403318.22409197,6.543057825754595,1.1295776548696705,5.567714777033164,12.110772602787758,1.6095004642784323
-1.0,1,84,0.00021225026885263176,0.0001990737728372878,SC,SC,plateau_recentred,plateau_recentred,0.24317479389377666,0.24317479389377666,0.0,165745.89051511185,165745.89051511185,0.0,42325896.50696103,42325896.50696103,6.344562192767211,1.1256792991100513,5.568202294974726,11.912764487741937,1.609644669872366
-1.0,1,98,0.00024061514367423875,0.00022567775632017926,SC,SC,plateau_recentred,plateau_recentred,0.24284486945987113,0.24284486945987113,0.0,108322.61820936651,108322.61820936651,0.0,44064809.53163275,44064809.53163275,6.159974445754119,1.125408615881927,5.568066421198627,11.728040866952746,1.6270358615966167
-1.0,1,112,0.00027277066680952977,0.00025583706468149684,SC,SC,plateau_recentred,plateau_recentred,0.2422200111316377,0.2422200111316377,0.0,74190.09126151752,74190.09126151752,0.0,43752850.867805555,43752850.867805555,5.995191941627359,1.1225830335701459,5.568475682061218,11.563667623688577,1.635882322463399
-1.0,1,126,0.0003092234160142482,0.0002900268273315183,SC,SC,plateau_recentred,plateau_recentred,0.24164628190694115,0.24164628190694115,0.0,51449.29554518038,51449.29554518038,0.0,42154450.02882093,42154450.02882093,5.835990620395439,1.1201900437758905,5.568710530670245,11.404701151065684,1.6367673469985422
-1.0,1,140,0.0003505476674960928,0.00032878566941279506,SC,SC,plateau_recentred,plateau_recentred,0.241120272294126,0.241120272294126,0.0,36859.931665507036,36859.931665507036,0.0,41981842.12651587,41981842.12651587,5.69109736881888,1.1185317582590744,5.568778875307935,11.259876244126815,1.6397523332283621
-1.0,1,154,0.0003973944430566423,0.0003727241972955342,SC,SC,plateau_recentred,plateau_recentred,0.2405719223614303,0.2405719223614303,0.0,26919.754068507587,26919.754068507587,0.0,42532366.967738494,42532366.967738494,5.55436618207908,1.117062034534643,5.569026624275639,11.123392806354719,1.6494709655297524
-1.0,1,168,0.00045050176627992045,0.00042253461806201044,SC,SC,plateau_recentred,plateau_recentred,0.2398200480894429,0.2398200480894429,0.0,19697.967447827312,19697.967447827312,0.0,43392919.07169463,43392919.07169463,5.418412414142147,1.1149103768077309,5.569330719651513,10.98774313379366,1.6664068843322881
-1.0,1,182,0.0005107062893487946,0.00047900164453023957,SC,SC,plateau_recentred,plateau_recentred,0.2393993677878938,0.2393993677878938,0.0,14541.867399726618,14541.867399726618,0.0,42376142.631744474,42376142.631744474,5.286976239259814,1.1141644006196116,5.568965659324193,10.855941898584007,1.657842823866047
-1.0,1,196,0.0005789564736542463,0.0005430148576110674,SC,SC,plateau_recentred,plateau_recentred,0.238781048069547,0.238781048069547,0.0,10947.926160078534,10947.926160078534,0.0,43804939.51965014,43804939.51965014,5.163704622149769,1.1135117541748902,5.568948955814232,10.732653577964001,1.679246501740168
-1.0,1,210,0.0006563275318451911,0.0006155827207555844,SC,SC,plateau_recentred,plateau_recentred,0.23802089827075662,0.23802089827075662,0.0,8204.355735448264,8204.355735448264,0.0,41679175.31564791,41679175.31564791,5.0384519109235075,1.1111232698457705,5.568914290283066,10.607366201206574,1.6744272891832268
-1.0,1,224,0.0007440383667169925,0.0006978484672774944,SC,SC,plateau_recentred,plateau_recentred,0.2370537462773138,0.2370537462773138,0.0,6277.544346762378,6277.544346762378,0.0,42665230.71798415,42665230.71798415,4.92194205101967,1.1087494732895955,5.569169456763765,10.491111507783435,1.6948241636692523
-1.0,1,238,0.000843470773792987,0.0007911081108384397,SC,SC,plateau_recentred,plateau_recentred,0.2363006835370118,0.2363006835370118,0.0,4799.562211278369,4799.562211278369,0.0,43149110.4072726,43149110.4072726,4.805662499934067,1.1075875615522786,5.568860843759607,10.374523343693674,1.6987001960370496
-1.0,1,252,0.0009561912101145875,0.0008968308628316843,SC,SC,plateau_recentred,plateau_recentred,0.23559722757071436,0.23559722757071436,0.0,3663.508807724632,3663.508807724632,0.0,41307506.02703989,41307506.02703989,4.68885794106282,1.1062849929987515,5.568361017314355,10.257218958377175,1.6984711816753357
-1.0,1,266,0.0010839754721896355,0.0010166822783235104,SC,SC,plateau_recentred,plateau_recentred,0.2348349759245049,0.2348349759245049,0.0,2822.2191817195076,2822.2191817195076,0.0,41427458.53890599,41427458.53890599,4.57609660994665,1.1055002804338818,5.567815847729352,10.143912457676002,1.702605668520531
-1.0,1,280,0.001228836671870237,0.0011525504951886475,SC,SC,plateau_recentred,plateau_recentred,0.23366884513895053,0.23366884513895053,0.0,2179.6014763968697,2179.6014763968697,0.0,43096118.26608401,43096118.26608401,4.4640368515172755,1.103607963119064,5.567661960272962,10.031698811790237,1.727336038638244
-1.0,1,294,0.0013930569508946444,0.0013065759798134955,SC,SC,plateau_recentred,plateau_recentred,0.2328481678221767,0.2328481678221767,0.0,1687.9082105727985,1687.9082105727985,0.0,41495816.6924455,41495816.6924455,4.35391439348432,1.1028914559823793,5.566756150641675,9.920670544125995,1.7274889006095357
-1.0,1,308,0.001579223433723298,0.0014811852479802185,SC,SC,plateau_recentred,plateau_recentred,0.23151457209792262,0.23151457209792262,0.0,1311.4100143009127,1311.4100143009127,0.0,42136829.693373084,42136829.693373084,4.244713839294956,1.1004808357849816,5.5663463748247075,9.811060214119664,1.740718523286235
-1.0,1,322,0.0017902689850683995,0.001679129092169012,SC,SC,plateau_recentred,plateau_recentred,0.23018837654645888,0.23018837654645888,0.0,1033.6498258469153,1033.6498258469153,0.0,43127261.173514985,43127261.173514985,4.1419132221647335,1.0984595940576494,5.565781932014097,9.70769515417883,1.754305269277315
-1.0,1,336,0.0020295184142127276,0.0019035259175129542,SC,SC,plateau_recentred,plateau_recentred,0.22911309461709403,0.22911309461709403,0.0,808.3368030816457,808.3368030816457,0.0,42929212.36346772,42929212.36346772,4.036551298215152,1.097345811934977,5.564362772576401,9.600914070791553,1.7422026038854266
-1.0,1,350,0.002300740854018324,0.0021579108691179975,SC,SC,plateau_recentred,plateau_recentred,0.22763566628226403,0.22763566628226403,0.0,648.3812770144784,648.3812770144784,0.0,41618296.90792966,41618296.90792966,3.941774410697906,1.0944074889355007,5.563377773132604,9.50515218383051,1.7235985072062945
-1.0,1,364,0.002608209139803419,0.002446291524699407,SC,SC,plateau_recentred,plateau_recentred,0.226076962749501,0.226076962749501,0.0,520.466076542794,520.466076542794,0.0,41616174.90619352,41616174.90619352,3.847424196576161,1.0927689030756684,5.5622899496937945,9.409714146269955,1.7316197656537968
-1.0,1,378,0.0029567671235433135,0.0027732110299172608,SC,SC,plateau_recentred,plateau_recentred,0.2243787338189057,0.2243787338189057,0.0,416.2800819654017,416.2800819654017,0.0,42961329.91189053,42961329.91189053,3.7515096170900417,1.0915540019479455,5.561197732692053,9.312707349782094,1.7539784919813306
-1.0,1,392,0.0033519059838602594,0.003143819671042405,SC,SC,plateau_recentred,plateau_recentred,0.22258433861830246,0.22258433861830246,0.0,330.76128891102513,330.76128891102513,0.0,41963081.79673295,41963081.79673295,3.6528409066029934,1.089765070414872,5.559995487397208,9.2128363940002,1.764916417754252
-1.0,1,406,0.0037998507339918053,0.0035639560125104,SC,SC,plateau_recentred,plateau_recentred,0.22061889744603885,0.22061889744603885,0.0,262.4954746739358,262.4954746739358,0.0,42123940.694683075,42123940.694683075,3.5536561597192375,1.0883023595215549,5.558787379389074,9.11244353910831,1.7890999625304622
-1.0,1,420,0.004307658290578997,0.0040402388775996586,SC,SC,plateau_recentred,plateau_recentred,0.21846198995852661,0.21846198995852661,0.0,208.93662341306236,208.93662341306236,0.0,41131794.81551583,41131794.81551583,3.455794595371749,1.0864009856703891,5.557541694880044,9.013336290251793,1.802363350675624
-1.0,1,434,0.004883328648255025,0.004580171621301985,SC,SC,plateau_recentred,plateau_recentred,0.2162589812514905,0.2162589812514905,0.0,166.65146286814357,166.65146286814357,0.0,43074149.78950091,43074149.78950091,3.3594050402945244,1.0860969797095945,5.555725808339865,8.915130848634389,1.8360334502532845
-1.0,1,448,0.005535930911470199,0.005192260338092255,SC,SC,plateau_recentred,plateau_recentred,0.21377179182801065,0.21377179182801065,0.0,133.27172922464084,133.27172922464084,0.0,41598283.329940096,41598283.329940096,3.263815998754642,1.0843505008143182,5.554243752430877,8.818059751185519,1.8519655476047594
-1.0,1,462,0.006275746169065011,0.005886147866848442,SC,SC,plateau_recentred,plateau_recentred,0.21004734280684725,0.21004734280684725,0.0,106.54115924638425,106.54115924638425,0.0,41147108.57228052,41147108.57228052,3.167113697976558,1.080266433896868,5.553725438322176,8.720839136298734,1.9005810354543171
-1.0,1,476,0.007114429462428795,0.006672765704027499,SC,SC,plateau_recentred,plateau_recentred,0.20617271781815888,0.20617271781815888,0.0,84.80247423288876,84.80247423288876,0.0,40424912.343037486,40424912.343037486,3.0684109236708523,1.0757067729839467,5.553319318310345,8.621730241981197,1.9499203816373776
-1.0,1,490,0.008065193398893555,0.007564506218340277,SC,SC,plateau_recentred,plateau_recentred,0.201532073877231,0.201532073877231,0.0,67.66974230874425,67.66974230874425,0.0,41295503.36684825,41295503.36684825,2.9711045449841893,1.07065182744843,5.55261169605771,8.5237162410419,2.0064381447921393
-1.0,1,504,0.009143016303003959,0.008575417879991347,SC,SC,plateau_recentred,plateau_recentred,0.19752695141388674,0.19752695141388674,0.0,53.84216224255621,53.84216224255621,0.0,40684504.379185125,40684504.379185125,2.874037561607678,1.0680957018657644,5.550406649131504,8.424444210739182,2.0487689739471184
-1.0,1,518,0.010364878184875526,0.00972142658012226,SC,SC,plateau_recentred,plateau_recentred,0.19299649625085838,0.19299649625085838,0.0,42.61968230052374,42.61968230052374,0.0,40668188.05096187,40668188.05096187,2.7747113153489478,1.0654387925806668,5.5482206110642105,8.322931926413158,2.095415537987773
-1.0,1,532,0.011750028243087796,0.011020586527125955,SC,SC,plateau_recentred,plateau_recentred,0.18633896015407733,0.18633896015407733,0.0,34.64606468523532,34.64606468523532,0.0,40185892.77166739,40185892.77166739,2.685880777830481,1.0591214818145276,5.547094852439668,8.232975630270149,2.1254423695285793
-1.0,1,546,0.013320288116345003,0.012493364672445311,SC,SC,plateau_recentred,plateau_recentred,0.179473873282647,0.179473873282647,0.0,27.98074138908587,27.98074138908587,0.0,41441263.67415183,41441263.67415183,2.5945901583678017,1.0543278008065204,5.545590777563375,8.140180935931177,2.2160030478672335
-1.0,1,560,0.015100395661331367,0.014162963146700264,SC,SC,plateau_recentred,plateau_recentred,0.17315947160070322,0.17315947160070322,0.0,22.358575963799534,22.358575963799534,0.0,41064665.45840352,41064665.45840352,2.4995409441861796,1.051591450642016,5.543224913714155,8.042765857900335,2.274248867293802
-1.0,1,574,0.01711839467263121,0.01605568478579653,SC,SC,plateau_recentred,plateau_recentred,0.16077975151119628,0.16077975151119628,0.0,18.725784516778873,18.725784516778873,0.0,41481644.173068866,41481644.173068866,2.419986112938352,1.0367302128754061,5.545775626962435,7.9657617399007865,2.3823149312992347
-1.0,1,588,0.019406076684359785,0.018201347505512593,SC,SC,plateau_recentred,plateau_recentred,0.15092928124379926,0.15092928124379926,0.0,15.31946527625059,15.31946527625059,0.0,41227195.573675394,41227195.573675394,2.3341768394233835,1.0292102476888827,5.544388485530808,7.878565324954192,2.490829442781532
-1.0,1,602,0.02199948181363931,0.020633754052614348,MC,MC,tangent,tangent,0.25,0.25,0.0,6.222870687576821,6.222870687576821,0.0,40010259.226837665,40010259.226837665,2.0319642706426113,3.049927685066275,5.455348224094587,7.487312494737198,0.6055585572701863
-1.0,1,616,0.02493946653620638,0.023391224532954596,MC,MC,tangent,tangent,0.25,0.25,0.0,4.988410318196531,4.988410318196531,0.0,40729062.734222084,40729062.734222084,1.9469450457383972,3.245136910085245,5.444338841505728,7.391283887244126,0.6123662235640238
-1.0,1,630,0.028272347338879067,0.02651720010599705,MC,MC,tangent,tangent,0.25,0.25,0.0,3.991722650172268,3.991722650172268,0.0,41715606.61902862,41715606.61902862,1.8622281868190156,3.515540996506604,5.432253889906698,7.294482076725713,0.6174731682543959
-1.0,1,644,0.03205063038897715,0.030060927356361258,MC,MC,tangent,tangent,0.25,0.25,0.0,3.2035119905530247,3.2035119905530216,3.857309866213147e-16,41692640.15716811,41692640.15716811,1.779256543447547,3.8938901576823435,5.419691528801513,7.19894807224906,0.6203712750973025
-1.0,1,658,0.036333838715903344,0.03407823412397392,MC,MC,tangent,tangent,0.25,0.25,0.0,2.589115053667825,2.589115053667825,0.0,40732039.792488925,40732039.792488925,1.7020547890488855,4.35776744163963,5.404418279133603,7.106473068182488,0.6230901276108733
-1.0,1,672,0.04118944993628881,0.038632409015240336,MC,MC,tangent,tangent,0.25,0.25,0.0,2.1287781121816733,2.1287781121816733,0.0,40802371.01742965,40802371.01742965,1.63398349972381,4.725617660334447,5.387468614863346,7.021452114587156,0.6289346983665093
-1.0,1,686,0.04669395929562081,0.043795198451051204,MC,MC,tangent,tangent,0.25,0.25,0.0,1.749064571403075,1.7490645714030768,-4.3394735994897945e-16,39040415.856004484,39040415.856004484,1.5670952768664408,5.390202204851987,5.369032284432112,6.936127561298553,0.6306288735614985
-1.0,1,700,0.05293408477349404,0.04964793695910376,MC,MC,tangent,tangent,0.5,0.5,0.0,0.7052233047831091,0.7052233047831096,-2.892982399659862e-16,40127331.59938023,40127331.59938023,1.366617039646125,9.99999999982833,5.175031334277569,6.541648373923694,0.6066819703986127
-1.0,1,714,0.060008133237702044,0.05628282851715159,MC,MC,tangent,tangent,0.5,0.5,0.0,0.6176597651105648,0.6176597651105648,0.0,41518747.61528172,41518747.61528172,1.330198911822819,9.999999999968882,5.15387211849938,6.484071030322199,0.6145630025024655
-1.0,1,728,0.06802754916954634,0.06380439913345144,MC,MC,tangent,tangent,0.5,0.5,0.0,0.5342014881098868,0.5342014881098865,1.9286549331065737e-16,38758229.92784972,38758229.92784972,1.2918685982248366,9.999999999999998,5.1291582136439535,6.42102681186879,0.6227398676285479
-1.0,1,742,0.07711867035896258,0.07233114354834155,MC,MC,tangent,tangent,0.5,0.5,0.0,0.46996924963129044,0.46996924963129044,0.0,39949033.955070585,39949033.955070585,1.2625849277222576,9.999999999999934,5.1028062333756825,6.36539116109794,0.6299259199287133
-1.0,1,756,0.08742471822866626,0.08199739199907073,MC,MC,tangent,tangent,0.5,0.5,0.0,0.4125736372749649,0.41257363727496454,3.857309866213147e-16,38425210.55181618,38425210.55181618,1.2348577652602266,9.999999999999998,5.073965426994892,6.308823192255119,0.6362294725890529
-1.0,1,770,0.09910805414286328,0.09295542645687134,MC,MC,tangent,tangent,0.5,0.5,0.0,0.36331512667452665,0.36331512667452626,4.821637332766433e-16,39661291.61596424,39661291.61596424,1.2112190937460854,4.288403309894407,5.042386104782629,6.253605198528715,0.6773103229338205
-1.0,1,784,0.11235273724638661,0.10537787967545051,MC,MC,tangent,tangent,0.5,0.5,0.0,0.3203847470103161,0.3203847470103161,0.0,38782414.52721936,38782414.52721936,1.1907368637202302,4.556507018282736,5.008256686519706,6.198993550239937,0.6875692884906708
-1.0,1,798,0.127367424130429,0.11946045484548332,MC,MC,tangent,tangent,0.5,0.5,0.0,0.28576823888789193,0.285768238887892,-9.643274665532873e-17,37082655.390100725,37082655.390100725,1.17792877564035,4.597527735241893,4.971406901126573,6.149335676766923,0.6959634425034642
-1.0,1,812,0.14438865600617423,0.13542500870051552,MC,MC,tangent,tangent,0.5,0.5,0.0,0.2546738902543312,0.2546738902543312,0.0,39184076.89804383,39184076.89804383,1.1683702942442982,4.906056879503599,4.930935846524829,6.099306140769127,0.6998972660524126
-1.0,1,826,0.1636845851724229,0.15352304664549105,MC,MC,tangent,tangent,0.5,0.5,0.0,0.2284305963472668,0.22843059634726687,-9.643274665532873e-17,37479834.45305783,37479834.45305783,1.1629681196960113,4.763300523305415,4.88910787222821,6.052075991924221,0.7077309694851832
-1.0,1,840,0.18555919948394317,0.17403968497012076,MC,MC,tangent,tangent,0.5,0.5,0.0,0.20678971993900314,0.20678971993900314,0.0,36655714.21523026,36655714.21523026,1.165803132962909,4.621497011792705,4.843047530454363,6.008850663417273,0.7102402386891645
-1.0,1,854,0.2103571113727749,0.19729814256775954,MC,MC,tangent,tangent,0.5,0.5,0.0,0.18692317120272628,0.1869231712027263,-4.8216373327664354e-17,36151318.33043156,36151318.33043156,1.1692816578974026,4.415239822562214,4.795703200822016,5.9649848587194185,0.7179782438557295
-1.0,1,868,0.23846898686867357,0.22366483292227807,MC,MC,tangent,tangent,0.5,0.5,0.0,0.16959130153184815,0.16959130153184815,0.0,36151318.33043156,36151318.33043156,1.1771343583599703,4.220639827115406,4.74559093321429,5.9227252915742605,0.722697265703257
-1.0,1,882,0.27033770014742475,0.2535551365820376,MC,MC,tangent,tangent,0.5,0.5,0.0,0.15445477047860368,0.15445477047860368,0.0,35362600.32727113,35362600.32727113,1.1879482674957775,4.164499616989866,4.69417477731602,5.882123044811798,0.7184037048649576
-1.0,1,896,0.30646531056571247,0.287439945060456,MC,MC,tangent,tangent,0.5,0.5,0.0,0.14097693225011915,0.14097693225011912,9.64327466553287e-17,36608954.19455755,36608954.19455755,1.202161423257969,3.888710170055342,4.640308350925846,5.842469774183815,0.7248636052010624
-1.0,1,910,0.3474209720986756,0.3258530792557056,MC,MC,tangent,tangent,0.5,0.5,0.0,0.12918082803892,0.12918082803892,0.0,35816521.68953571,35816521.68953571,1.2207645895306043,3.8837674806887112,4.583755192858797,5.804519782389401,0.714299822981671
-1.0,1,924,0.3938498997853399,0.36939969925924143,MC,MC,tangent,tangent,0.5,0.5,0.0,0.11871677517774117,0.11871677517774117,0.0,35041242.07207445,35041242.07207445,1.242120216175461,3.8613300297424984,4.525713593125193,5.7678338093006545,0.7031384490828747
-1.0,1,938,0.44648353443920774,0.41876583804118983,MC,MC,tangent,tangent,0.5,0.5,0.0,0.10921728031916843,0.10921728031916843,0.0,34282744.05307399,34282744.05307399,1.2617015002484349,3.925491617797268,4.469911575854922,5.731613076103357,0.6894634224627862
-1.0,1,952,0.5016364722968638,0.47049488169204756,MC,MC,tangent,tangent,0.5,0.5,0.0,0.1015632171776725,0.1015632171776725,0.0,33540664.380308196,33540664.380308196,1.283083686335353,4.025276444955826,4.416974481437922,5.700058167773275,0.6737648336705232
-1.0,1,966,0.5437616319255452,0.5100049115449525,MC,MC,tangent,tangent,0.5,0.5,0.0,0.09641903871081572,0.09641903871081572,0.0,33540664.380308196,33540664.380308196,1.2953719720843615,4.046427754520134,4.382112543587075,5.677484515671437,0.6666820159258718
-1.0,1,980,0.5841669263524998,0.5479018454223843,MC,MC,tangent,tangent,0.5,0.5,0.0,0.09218701789902244,0.09218701789902244,0.0,32814647.664459463,32814647.664459463,1.3094825446932339,4.096034254706855,4.348508940165693,5.657991484858926,0.657196016378791
-1.0,1,994,0.6278195488721803,0.5888445132748731,MC,MC,tangent,tangent,0.5,0.5,0.0,0.0882955250776174,0.08829552507761748,-3.85730986621315e-16,32104346.208920408,32104346.208920408,1.3227435124227516,4.192505209548779,4.3165168995308845,5.639260411953636,0.646790134081305
-1.0,1,1008,0.6742078026301712,0.6323529843870982,MC,MC,tangent,tangent,0.5,0.5,0.0,0.08444401547622012,0.08444401547622007,1.9286549331065737e-16,32104346.208920408,32104346.208920408,1.3367105705567766,4.318162399863287,4.283180024492221,5.6198905950489975,0.6352380561189521
-1.0,1,1022,0.724306160386226,0.6793412362529868,MC,MC,tangent,tangent,0.5,0.5,0.0,0.08091678090656222,0.08091678090656222,0.0,34024766.81064187,34024766.81064187,1.3517593690610006,4.091733987236189,4.249600946325234,5.601360315386235,0.6364961866073945
-1.0,1,1036,0.771186703589626,0.7233114354834157,MC,MC,tangent,tangent,0.5,0.5,0.0,0.078038775310696,0.07803877531069592,4.821637332766433e-16,31409419.843277052,31409419.843277052,1.365552256956864,4.465655339846125,4.220079906666598,5.585632163623462,0.6163440719362554
-1.0,1,1050,0.8233082706766917,0.7721972958514804,MC,MC,tangent,tangent,0.5,0.5,0.0,0.07506760015735194,0.07506760015735194,0.0,33294099.51953977,33294099.51953977,1.3783603445931356,4.224208038614599,4.1904139058770244,5.56877425047016,0.6183714099640387
-1.0,1,1064,0.8759398496240602,0.8215615065451826,MC,MC,tangent,tangent,0.5,0.5,0.0,0.07235906063860557,0.07235906063860553,2.8929823996598605e-16,32579122.995497234,32579122.995497234,1.3914640759725323,4.401894451300605,4.161350562644437,5.55281463861697,0.6062154645614072
-1.0,1,1078,0.9308326223135523,0.8730465360806885,MC,MC,tangent,tangent,0.5,0.5,0.0,0.0699388810506781,0.0699388810506781,0.0,31047795.93935705,31047795.93935705,1.4032981075893634,4.552379472158561,4.1347422905596085,5.538040398148972,0.5957896536949414
-1.0,1,1092,0.9887218045112782,0.9273419580316866,MC,MC,tangent,tangent,0.5,0.5,0.0,0.06751172796735756,0.06751172796735756,0.0,32922302.16759537,32922302.16759537,1.4147744215015472,4.3695772022009205,4.107926520806872,5.522700942308419,0.5957014131886592
-1.0,1,1106,1.045815930351596,0.980891680721416,MC,MC,tangent,tangent,0.5,0.5,0.0,0.06537722307756338,0.06537722307756338,0.0,30381057.822386034,30381057.822386034,1.4265526279184215,4.713682413547503,4.082195560274219,5.50874818819264,0.5797776979011903
-1.0,1,1120,1.1035742449353014,1.035064359319456,MC,MC,tangent,tangent,0.5,0.5,0.0,0.06285875421642245,0.06285875421642245,0.0,32220950.21504211,32220950.21504211,1.4331684886761507,3.9452901307926815,4.05851899928556,5.491687487961711,0.6004390478538038
-1.0,1,1134,1.1645224352961225,1.092228886216513,MC,MC,tangent,tangent,0.5,0.5,0.0,0.05601015525554402,0.05601015525554402,0.0,31534539.336744677,31534539.336744677,1.4116758657424653,1.8980360500748206,4.029912629136501,5.441588494878966,0.8251671799108001
-1.0,1,1148,1.2288366718702428,1.152550495188653,MC,MC,tangent,tangent,0.5,0.5,0.0,0.05088671385813153,0.05088671385813153,0.0,29406950.675878033,29406950.675878033,1.406086114430868,1.8145978485237844,3.9938400100324514,5.399926124463319,0.8587993785702164
-1.0,1,1162,1.2894736842105265,1.2094231619956979,MC,MC,tangent,tangent,0.5,0.5,0.0,0.04777264558550815,0.04777264558550817,-1.9286549331065747e-16,28780487.12633134,28780487.12633134,1.416229403076219,1.8315026011106526,3.9562716079032647,5.372501010979484,0.8478463305143804
-1.0,1,1176,1.3561125023080152,1.2719250424776285,MC,MC,tangent,tangent,0.5,0.5,0.0,0.04544161159150119,0.04544161159150116,2.8929823996598605e-16,28780487.12633134,28780487.12633134,1.4341722587421573,1.81920304647711,3.9166031849130634,5.350775443655221,0.8434002842698599
-1.0,1,1190,1.4182440582626876,1.330199471636234,MC,MC,tangent,tangent,0.5,0.5,0.0,0.043957076188927524,0.043957076188927524,0.0,26838710.288866933,26838710.288866933,1.4530211655829859,1.8051772559496995,3.8833293503508877,5.336350515933874,0.8367397605396171
-1.0,1,1204,1.4849624060150375,1.392775944572305,MC,MC,tangent,tangent,0.5,0.5,0.0,0.04260429269303287,0.04260429269303289,-1.9286549331065747e-16,26838710.288866933,26838710.288866933,1.468077994090127,1.7404940140660634,3.8546970839318337,5.3227750780219605,0.8537235293674054
-1.0,1,1218,1.5526315789473681,1.4562442154642072,MC,MC,tangent,tangent,0.5,0.5,0.0,0.04151277673223025,0.04151277673223027,-2.4108186663832183e-16,25027942.25851409,25027942.25851409,1.479891192324582,1.7161671975633996,3.8316123097628223,5.311503502087405,0.8551784099511872
-1.0,1,1232,1.6222460729620618,1.5215370419118663,MC,MC,tangent,tangent,0.5,0.5,0.0,0.04041729992962275,0.04041729992962275,0.0,25027942.25851409,25027942.25851409,1.4889977359174644,1.6556326112363027,3.8108912796469063,5.2998890155643705,0.8756005061256669
-1.0,1,1246,1.6954887218045114,1.590232787347113,MC,MC,tangent,tangent,0.5,0.5,0.0,0.0393033196279527,0.0393033196279527,0.0,25027942.25851409,25027942.25851409,1.4900119462139296,1.6364580186540427,3.7977390053713913,5.287750951585321,0.8838284959504116
-1.0,1,1260,1.763157894736842,1.6537010582390153,MC,MC,tangent,tangent,0.5,0.5,0.0,0.03839490158553576,0.038394901585535796,-3.85730986621315e-16,23339344.065104216,23339344.065104216,1.4914721393135293,1.6536293438516911,3.786123137801858,5.277595277115387,0.8726603561521932
-1.0,1,1274,1.8383458646616542,1.7242213592300182,MC,MC,tangent,tangent,0.5,0.5,0.0,0.037353955702373806,0.037353955702373806,0.0,23339344.065104216,23339344.065104216,1.4912382139719518,1.642980342729521,3.774420103832441,5.265658317804393,0.877973814210701
-1.0,1,1288,1.9061437174542544,1.7878103215368737,MC,MC,tangent,tangent,0.5,0.5,0.0,0.03649753164813358,0.03649753164813358,0.0,23339344.065104216,23339344.065104216,1.4923006364867735,1.6352475345448363,3.7632845757238105,5.255585212210584,0.8827401121788596
-1.0,1,1302,1.981203007518797,1.8582099311129234,MC,MC,tangent,tangent,0.5,0.5,0.0,0.03562649831766952,0.03562649831766952,0.0,21764673.090693623,21764673.090693623,1.4928219890187038,1.6497275487218028,3.7522728675683616,5.245094856587065,0.8722912548839232
-1.0,1,1316,2.056390977443609,1.9287302321039261,MC,MC,tangent,tangent,0.5,0.5,0.0,0.03472665841521301,0.03472665841521301,0.0,21764673.090693623,21764673.090693623,1.4925634018362783,1.6390647115968857,3.741421311727353,5.233984713563632,0.8778219510110487
-1.0,1,1330,2.1315789473684212,1.999250533094929,MC,MC,tangent,tangent,0.5,0.5,0.0,0.03394426706356304,0.03394426706356304,0.0,20296242.834562622,20296242.834562622,1.4940686335007167,1.6578562995677224,3.730019520553187,5.224088154053904,0.8660847280129159
-1.0,1,1344,2.206766917293233,2.0697708340859315,MC,MC,tangent,tangent,0.5,0.5,0.0,0.03314837540650539,0.03314837540650534,7.71461973242629e-16,20296242.834562622,20296242.834562622,1.4939707739369024,1.6470938389717116,3.7198131930427056,5.213783966979608,0.8714519518286592
-1.0,1,1358,2.281954887218045,2.1402911350769345,MC,MC,tangent,tangent,0.5,0.5,0.0,0.0323712345941993,0.032371234594199286,1.9286549331065737e-16,20296242.834562622,20296242.834562622,1.4937497301604248,1.6371471193533875,3.7097312513299796,5.203480981490404,0.8766733012567265
-1.0,1,1372,2.3634197261974306,2.2166986371115653,MC,MC,tangent,tangent,0.5,0.5,0.0,0.03163389186272223,0.03163389186272223,0.0,18926885.392809946,18926885.392809946,1.4952141684044713,1.6558859181868477,3.698260175673335,5.193474344077806,0.865005404685301
-1.0,1,1386,2.4398496240601504,2.2883837671580403,MC,MC,tangent,tangent,0.5,0.5,0.0,0.030930046489169628,0.03093004648916961,2.8929823996598605e-16,18926885.392809946,18926885.392809946,1.4950820481549205,1.6456271512143898,3.6886202429917154,5.183702291146636,0.8701597274378373
-1.0,1,1400,2.561889013687202,2.402846951865171,MC,MC,tangent,tangent,0.5,0.5,0.0,0.02985845351049707,0.02985845351049707,0.0,18926885.392809946,18926885.392809946,1.495756792227085,1.6335030303515603,3.672632236264919,5.168389028492004,0.8772708372621503
-1.0,1,1414,2.904256830572931,2.723960575767479,MC,MC,tangent,tangent,0.5,0.5,0.0,0.027296411434223275,0.027296411434223275,0.0,16459102.747825723,16459102.747825723,1.497151437958822,1.648433386141188,3.632275836005668,5.12942727396449,0.8650169086303627
-1.0,1,1428,3.2923782774609203,3.087987444467019,MC,MC,tangent,tangent,0.5,0.5,0.0,0.0248480276620352,0.0248480276620352,0.0,15348631.464247748,15348631.464247748,1.4978891091404762,1.6362288625375814,3.590724531102026,5.088613640242502,0.8695905439884417
-1.0,1,1442,3.732367815334758,3.500662433228964,MC,MC,tangent,tangent,0.5,0.5,0.0,0.02255367330583889,0.02255367330583889,0.0,13637931.826348297,13637931.826348297,1.4994139179769543,1.6438872227522339,3.5471250857095242,5.046539003686479,0.8630427320437181
-1.0,1,1456,4.231157034510027,3.9684868192641503,MC,MC,tangent,tangent,0.5,0.5,0.0,0.02042133807406274,0.02042133807406274,0.0,12446870.308349289,12446870.308349289,1.499894860923571,1.638168864122277,3.5035110525600333,5.003405913483604,0.8636422597018433
-1.0,1,1470,4.796603854831481,4.49883070277836,MC,MC,tangent,tangent,0.5,0.5,0.0,0.018440386473730808,0.018440386473730808,0.0,11059589.847607693,11059589.847607693,1.5011879033408895,1.6431942066113698,3.4579038337984396,4.959091737139329,0.8588806631567282
-1.0,1,1484,5.437616319255451,5.100049115449525,MC,MC,tangent,tangent,0.5,0.5,0.0,0.016617394698020933,0.01661739469802094,-1.9286549331065747e-16,10093706.454138264,10093706.454138264,1.501400032949098,1.635610610665773,3.4124846208256985,4.913884653774796,0.8606495210193773
-1.0,1,1498,6.164292931060073,5.781613645504393,MC,MC,tangent,tangent,0.5,0.5,0.0,0.014938725432765676,0.014938725432765676,0.0,8968700.61786034,8968700.61786034,1.502418495264076,1.6388937994990573,3.365216768310814,4.86763526357489,0.8569944597645519
-1.0,1,1512,6.988081745554302,6.554261653014747,MC,MC,tangent,tangent,0.5,0.5,0.0,0.013406728273177772,0.01340672827317779,-6.268128532596371e-16,8185423.922507683,8185423.922507683,1.503323376253935,1.6315351277382109,3.3173211493388775,4.8206445255928125,0.8596860004637469
-1.0,1,1526,7.921960722614703,7.430165426149287,MC,MC,tangent,tangent,0.5,0.5,0.0,0.012012048324044941,0.012012048324044941,0.0,7118167.124647147,7118167.124647147,1.5032844724179872,1.6398230158269387,3.2696543166437584,4.772938789061746,0.8520553152356423
-1.0,1,1540,8.980642181321814,8.423123943266825,MC,MC,tangent,tangent,0.5,0.5,0.0,0.01074119526861357,0.01074119526861357,0.0,6637914.932001153,6637914.932001153,1.5039018331208656,1.6231192521672695,3.2204724971328673,4.724374330253733,0.8604608855716556
-1.0,1,1554,10.180804577672388,9.548780261868876,MC,MC,tangent,tangent,0.5,0.5,0.0,0.009591570347116283,0.009591570347116283,0.0,5772430.150532703,5772430.150532703,1.5034424897566656,1.6299062772975708,3.171768944996859,4.675211434753525,0.8535234294306902
-1.0,1,1568,11.541355256790725,10.824867959154556,MC,MC,tangent,tangent,0.5,0.5,0.0,0.008555239862446159,0.008555239862446159,0.0,5019791.6339873355,5019791.6339873355,1.5040255150057709,1.638340129006477,3.1215283936950877,4.625553908700859,0.8468607981097274
-1.0,1,1582,13.083728319034787,12.271490506599774,MC,MC,tangent,tangent,0.5,0.5,0.0,0.0076195825056584,0.0076195825056583925,4.821637332766433e-16,4681113.7276340285,4681113.7276340285,1.5043388487725156,1.6198166345910188,3.0709140456116164,4.575252894384132,0.8562440910785333
-1.0,1,1596,14.83222229257616,13.911437979824498,MC,MC,tangent,tangent,0.5,0.5,0.0,0.006780008672640978,0.006780008672640971,4.821637332766433e-16,4070766.5428488906,4070766.5428488906,1.5046764497099145,1.62807471015443,3.0198755180648043,4.524551967774719,0.8494547818270632
-1.0,1,1610,16.814382932144426,15.770546093192305,MC,MC,tangent,tangent,0.5,0.5,0.0,0.006027956983431801,0.006027956983431801,0.0,3539999.498100917,3539999.498100917,1.5039292178220296,1.632355838617874,2.9695626450092836,4.473491862831313,0.844052728243481
-1.0,1,1624,19.061437174542544,17.878103215368736,MC,MC,tangent,tangent,0.5,0.5,0.0,0.0053533307894981785,0.0053533307894981785,0.0,3301160.975324183,3301160.975324183,1.5040275890248558,1.6124767097740067,2.917918209206912,4.421945798231768,0.8542429518062964
-1.0,1,1638,21.608785087464042,20.267311777957495,MC,MC,tangent,tangent,0.5,0.5,0.0,0.004750595311074892,0.004750595311074902,-8.678947198979592e-16,2870738.9806784447,2870738.9806784447,1.504064280766571,1.618596216478232,2.866005473367728,4.370069754134299,0.8485133176708007
-1.0,1,1652,24.496557561768185,22.975811346240924,MC,MC,tangent,tangent,0.5,0.5,0.0,0.004213663473990854,0.004213663473990854,0.0,2496437.5735652964,2496437.5735652964,1.5030445750855153,1.6226422035871324,2.8149369908397075,4.317981565925223,0.8429523432277856
-1.0,1,1666,27.77024853309071,26.04627159247519,MC,MC,tangent,tangent,0.5,0.5,0.0,0.003733874275141359,0.003733874275141359,0.0,2218194.2094526957,2218194.2094526957,1.5029047324015838,1.6198392777247506,2.7625766765246027,4.2654814089261865,0.8425821066922011
-1.0,1,1680,31.4814316928032,29.52706451343554,MC,MC,tangent,tangent,0.5,0.5,0.0,0.0033083504559668045,0.003308350455966811,-8.678947198979592e-16,2024469.398684617,2024469.398684617,1.5028647642139386,1.606832966366875,2.710068462613308,4.212933226827246,0.848429941870449
-1.0,1,1694,35.6885729793766,33.473026482318595,MC,MC,tangent,tangent,0.5,0.5,0.0,0.0029294020202548375,0.0029294020202548406,-4.3394735994897945e-16,1760508.8820074515,1760508.8820074515,1.502738801816577,1.6128264209607313,2.657361893297004,4.160100695113581,0.8424663776077799
-1.0,1,1708,40.45795165012969,37.946322140359555,MC,MC,tangent,tangent,0.5,0.5,0.0,0.0025927303250406985,0.002592730325040696,4.821637332766433e-16,1530964.866962638,1530964.866962638,1.5013467486247971,1.614582247181555,2.605732317053882,4.107079065678679,0.8377906215175135
-1.0,1,1722,45.86470444391583,43.01742373790275,MC,MC,tangent,tangent,0.5,0.5,0.0,0.0022932617551109,0.0022932617551109,0.0,1360329.3904610034,1360329.3904610034,1.5009591790320154,1.610496425316226,2.552816167698618,4.0537753467306334,0.8378278140284589
-1.0,1,1736,51.99400928447668,48.766221353454846,MC,MC,tangent,tangent,0.5,0.5,0.0,0.0020286085855930496,0.0020286085855930496,0.0,1241525.7471071945,1241525.7471071945,1.5006866467102289,1.5961682366918177,2.4998333308689396,4.000519977579168,0.8443050288542262
-1.0,1,1750,58.942427172510946,55.28328148109825,MC,MC,tangent,tangent,0.5,0.5,0.0,0.0017935295825730827,0.0017935295825730845,-4.3394735994897945e-16,1079649.3671098712,1079649.3671098712,1.5002887397779512,1.6000493091108594,2.446741522949547,3.9470302627274982,0.8391148011501639
-1.0,1,1764,66.81942340661188,62.6712738140377,MC,MC,tangent,tangent,0.5,0.5,0.0,0.0015854489548458922,0.0015854489548458922,0.0,938879.2448459028,938879.2448459028,1.4985901758634967,1.601372926744975,2.394883806548692,3.8934739824121887,0.8340093591944332
-1.0,1,1778,75.7490920983714,71.04658870181215,MC,MC,tangent,tangent,0.5,0.5,0.0,0.001400744711355539,0.0014007447113555402,-3.85730986621315e-16,834235.362560342,834235.362560342,1.4979670366798308,1.5959909275027484,2.3417136731228494,3.83968070980268,0.8345262592837954
-1.0,1,1792,85.87211114964163,80.54117076257413,MC,MC,tangent,tangent,0.5,0.5,0.0,0.0012378606760948844,0.001237860676094888,-1.3018420798469394e-15,761377.8611480015,761377.8611480015,1.49745270762847,1.5806258836901204,2.288540777399904,3.785993485028374,0.8418307950688029
-1.0,1,1806,97.34795849064635,91.30459753714634,MC,MC,tangent,tangent,0.5,0.5,0.0,0.0010933322119296516,0.0010933322119296516,0.0,662105.5808429709,662105.5808429709,1.496710382014871,1.583172673254346,2.2353634799122855,3.7320738619271565,0.8369177820242703
-1.0,1,1820,110.35742449353015,103.5064359319456,MC,MC,tangent,tangent,0.5,0.5,0.0,0.000965764153375939,0.000965764153375942,-1.3018420798469394e-15,575776.9204405437,575776.9204405437,1.4960933855392544,1.586619387648457,2.182099414335835,3.6781927998750894,0.8312982530944215
-1.0,1,1834,125.1054601418827,117.33891357415216,MC,MC,tangent,tangent,0.5,0.5,0.0,0.0008528321718746998,0.0008528321718746998,0.0,500704.22558577213,500704.22558577213,1.4938603747114945,1.584991349242747,2.130324918798572,3.6241852935100667,0.8270132083384307
-1.0,1,1848,141.82440582626876,133.0199471636234,MC,MC,tangent,tangent,0.5,0.5,0.0,0.000753647076954034,0.000753647076954034,0.0,444897.65159906,444897.65159906,1.4933296223531598,1.5780024898805758,2.0771601150881525,3.5704897374413123,0.8281373251911789
-1.0,1,1862,160.7776516321715,150.7965755301734,MC,MC,tangent,tangent,0.5,0.5,0.0,0.0006647922042496065,0.0006647922042496065,0.0,406042.7519694843,406042.7519694843,1.4919766506605447,1.561326111980537,2.0240309857288894,3.516007636389434,0.8368252048973807
-1.0,1,1876,182.2637867844891,170.9488514805683,MC,MC,tangent,tangent,0.5,0.5,0.0,0.0005868547731263113,0.0005868547731263113,0.0,353100.8528859407,353100.8528859407,1.4909689792978935,1.5615823704363712,1.9708833803071517,3.4618523596050452,0.8316741145096422
-1.0,1,1890,206.62130361888174,193.79425374734694,MC,MC,tangent,tangent,0.5,0.5,0.0,0.0005180608557858773,0.0005180608557858789,-1.350058453174604e-15,307061.7852529693,307061.7852529693,1.489964886482178,1.5615005466224123,1.9177376105226243,3.407702497004802,0.8252897319023024
-1.0,1,1904,234.23393018628636,219.69268854526453,MC,MC,tangent,tangent,0.5,0.5,0.0,0.0004573053527485789,0.0004573053527485789,0.0,267025.5231391287,267025.5231391287,1.487285723909165,1.5542125118399128,1.8662422792881053,3.3535280031972703,0.8197235049195679
-1.0,1,1918,265.536675500387,249.05215952981908,MC,MC,tangent,tangent,0.5,0.5,0.0,0.00040409351735026165,0.00040409351735026165,0.0,229668.2055853744,229668.2055853744,1.4865654704336286,1.548493659852855,1.8132381312976946,3.2998036017313233,0.8075506553081965
-1.0,1,1932,301.0226826648105,282.3351954823326,MC,MC,tangent,tangent,0.5,0.5,0.0,0.0003561129979085757,0.00035611299790857647,-9.161110932256239e-16,216542.56689097927,216542.56689097927,1.4846174829198788,1.5225922534974996,1.7602920609089914,3.24490954382887,0.8300019054902618
-1.0,1,1946,341.25099784412686,320.0661369832566,MC,MC,tangent,tangent,0.5,0.5,0.0,0.0003142874988149271,0.0003142874988149271,0.0,188308.65637779442,188308.65637779442,1.483325775218809,1.5084064655560667,1.7073230499068046,3.1906488251256135,0.8218836254499648
-1.0,1,1960,386.85537747094673,362.83939686788085,MC,MC,tangent,tangent,0.5,0.5,0.0,0.00027734064606866596,0.00027734064606866596,0.0,163756.02532070846,163756.02532070846,1.480187913573293,1.475351260621652,1.6561473277193217,3.1363352412926147,0.8175093187957314
-1.0,1,1974,438.5542724377552,411.3288245995697,MC,MC,tangent,tangent,0.5,0.5,0.0,0.0002446663557545185,0.0002446663557545185,0.0,145504.40634917028,145504.40634917028,1.4785432166694181,1.443823821725084,1.603352755023379,3.081895971692797,0.8221853549401466
-1.0,1,1988,497.16214656432567,466.2983220867555,MC,MC,tangent,tangent,0.5,0.5,0.0,0.0002159338151958319,0.0002159338151958319,0.0,132796.856457555,132796.856457555,1.4769995117782506,1.4206582715876295,1.550642864697882,3.0276423764761327,0.8335234285709754
-1.0,1,2002,563.6023076517386,528.6138781851639,MC,MC,tangent,tangent,0.5,0.5,0.0,0.00019049911362172404,0.00019049911362172404,0.0,115482.133465735,115482.133465735,1.4751958031941634,1.375145166357164,1.4980188744620655,2.973214677656229,0.8382233099300522
-1.0,1,2016,638.9214532632683,599.2572114766701,MC,MC,tangent,tangent,0.5,0.5,0.0,0.00016810069102730086,0.00016810069102730086,0.0,100424.99126521435,100424.99126521435,1.473509959105066,1.3277481882106614,1.4453812580131657,2.9188912171182317,0.8471497058028046
-1.0,1,2030,724.3061603862267,679.3412362529874,MC,MC,tangent,tangent,0.5,0.5,0.0,0.0001483121181221638,0.0001483121181221638,0.0,87331.07510185357,87331.07510185357,1.4697143659850531,1.279089328334693,1.3947839897252274,2.8644983557102806,0.8608377263140344
-1.0,1,2044,821.1015787526972,770.1275953551095,MC,MC,tangent,tangent,0.5,0.5,0.0,0.00013081878301880265,0.00013081878301880265,0.0,77597.48817574124,77597.48817574124,1.4675815710339486,1.243130118695512,1.3424102520053145,2.809991823039263,0.8758561242801738
-1.0,1,2058,930.8326223135522,873.0465360806883,MC,MC,tangent,tangent,0.5,0.5,0.0,0.00011544056205486972,0.00011544056205486972,0.0,70820.55284299953,70820.55284299953,1.4655271015149798,1.217004220472307,1.2901530494405025,2.7556801509554822,0.8924469606568568
0.0,1,14,0.00011336388169258527,0.00010632625227764493,VSC,VSC,plateau,plateau,0.2508783000175547,0.2508783000175547,0.0,nan,nan,nan,268660893.6068487,268660893.6068487,nan,nan,nan,nan,nan
0.0,1,28,0.00012851369672417512,0.00012053556684025519,VSC,VSC,plateau,plateau,0.2484564390083197,0.2484564390083197,0.0,nan,nan,nan,258924627.77874523,258924627.77874523,nan,nan,nan,nan,nan
0.0,1,42,0.00014568811511317392,0.0001366437973902854,SC,SC,plateau_recentred,plateau_recentred,0.2475729355305463,0.2475729355305463,0.0,37709051.12503203,37709051.12503203,0.0,251643699.2257144,251643699.2257144,8.706247302203431,1.1578706747035707,5.559877152801848,14.26612445500528,1.7456017436906857
0.0,1,56,0.0001651577024572859,0.00015490471281399474,SC,SC,plateau_recentred,plateau_recentred,0.24709871258402208,0.24709871258402208,0.0,24597820.304825485,24597820.304825485,0.0,256117442.70662174,256117442.70662174,8.519790897767981,1.1526278734232178,5.560784577391557,14.080575475159538,1.661497443867804
0.0,1,70,0.00018722918241986797,0.00017560599537069446,SC,SC,plateau_recentred,plateau_recentred,0.24675318292490864,0.24675318292490864,0.0,16287044.756091475,16287044.756091475,0.0,253183279.04665095,253183279.04665095,8.34022905972731,1.149132910236366,5.561292080710611,13.901521140437922,1.6308997867568142
0.0,1,84,0.00021225026885263176,0.0001990737728372878,SC,SC,plateau_recentred,plateau_recentred,0.24649574462378923,0.24649574462378923,0.0,10981719.623789635,10981719.623789635,0.0,252928511.82663837,252928511.82663837,8.168806733608653,1.1469262151918254,5.561542468496208,13.730349202104861,1.6239393350762967
0.0,1,98,0.00024061514367423875,0.00022567775632017926,SC,SC,plateau_recentred,plateau_recentred,0.24629711774492238,0.24629711774492238,0.0,7651150.998006396,7651150.998006396,0.0,245441265.61486563,245441265.61486563,8.011791361841794,1.1448527338570538,5.561614261791171,13.573405623632965,1.5924933669193955
0.0,1,112,0.00027277066680952977,0.00025583706468149684,SC,SC,plateau_recentred,plateau_recentred,0.2460634614551563,0.2460634614551563,0.0,5441092.263876036,5441092.263876036,0.0,250186334.88964626,250186334.88964626,7.863599904143567,1.143092204606854,5.561765036736969,13.425364940880536,1.6077396926097829
0.0,1,126,0.0003092234160142482,0.0002900268273315183,SC,SC,plateau_recentred,plateau_recentred,0.2458415280801189,0.2458415280801189,0.0,3962721.864732657,3962721.864732657,0.0,248182994.64032668,248182994.64032668,7.725828134977486,1.1407842507124946,5.561844306831806,13.287672441809292,1.5969360810069995
0.0,1,140,0.0003505476674960928,0.00032878566941279506,SC,SC,plateau_recentred,plateau_recentred,0.2456683976994658,0.2456683976994658,0.0,2907987.0709087346,2907987.0709087346,0.0,246602428.97268283,246602428.97268283,7.591494276915371,1.1392607029033681,5.561777045014231,13.153271321929601,1.5886831911713943
0.0,1,154,0.0003973944430566423,0.0003727241972955342,SC,SC,plateau_recentred,plateau_recentred,0.24536229991534267,0.24536229991534267,0.0,2137093.3959174296,2137093.3959174296,0.0,247188597.611671,247188597.611671,7.457518746471973,1.1366735893921598,5.5619836064173525,13.019502352889326,1.5943817602723351
0.0,1,168,0.00045050176627992045,0.00042253461806201044,SC,SC,plateau_recentred,plateau_recentred,0.2452440384524948,0.2452440384524948,0.0,1604340.9290253434,1604340.9290253434,0.0,248584385.67490423,248584385.67490423,7.333264969830836,1.1362025569530594,5.561710543921247,12.894975513752083,1.59891093675073
0.0,1,182,0.0005107062893487946,0.00047900164453023957,SC,SC,plateau_recentred,plateau_recentred,0.24495927454101254,0.24495927454101254,0.0,1197526.4024506833,1197526.4024506833,0.0,244301454.94073194,244301454.94073194,7.206201301638679,1.133610591882923,5.5617626462950405,12.767963947933719,1.587540672958216
0.0,1,196,0.0005789564736542463,0.0005430148576110674,SC,SC,plateau_recentred,plateau_recentred,0.24470820047488434,0.24470820047488434,0.0,893259.8177116611,893259.8177116611,0.0,247365970.11391547,247365970.11391547,7.0788939228693435,1.1322401413782204,5.561762725948566,12.64065664881791,1.5968255929367376
0.0,1,210,0.0006563275318451911,0.0006155827207555844,SC,SC,plateau_recentred,plateau_recentred,0.24444714679636165,0.24444714679636165,0.0,679499.5873007221,679499.5873007221,0.0,243104031.80627465,243104031.80627465,6.960227555113317,1.130517936515264,5.561640492821766,12.521868047935083,1.5975918925590014
0.0,1,224,0.0007440383667169925,0.0006978484672774944,SC,SC,plateau_recentred,plateau_recentred,0.24421580493172906,0.24421580493172906,0.0,517402.6922080848,517402.6922080848,0.0,237021276.26392844,237021276.26392844,6.842108803372327,1.1290461046043494,5.561398731422712,12.40350753479504,1.5940081030158175
0.0,1,238,0.000843470773792987,0.0007911081108384397,SC,SC,plateau_recentred,plateau_recentred,0.2439563176297675,0.2439563176297675,0.0,391192.5258517004,391192.5258517004,0.0,246707958.28396752,246707958.28396752,6.7209483906162895,1.128194140053149,5.561121008560207,12.282069399176496,1.6109044827056738
0.0,1,252,0.0009561912101145875,0.0008968308628316843,SC,SC,plateau_recentred,plateau_recentred,0.2437418154676172,0.2437418154676172,0.0,303885.0130436439,303885.0130436439,0.0,247047054.82515463,247047054.82515463,6.61162632682016,1.1274359632140865,5.56076180595514,12.1723881327753,1.6119475704582846
0.0,1,266,0.0010839754721896355,0.0010166822783235104,SC,SC,plateau_recentred,plateau_recentred,0.24347505008408474,0.24347505008408474,0.0,232041.58762709252,232041.58762709252,0.0,243369215.16155025,243369215.16155025,6.4949350097661736,1.1260240138708657,5.5603096691182525,12.055244678884426,1.6078638332005555
0.0,1,280,0.001228836671870237,0.0011525504951886475,SC,SC,plateau_recentred,plateau_recentred,0.24325294870888572,0.24325294870888572,0.0,179191.2639183233,179191.2639183233,0.0,243246738.46390405,243246738.46390405,6.383296418751932,1.1254214493464199,5.559699264642717,11.94299568339465,1.6130807262443896
0.0,1,294,0.0013930569508946444,0.0013065759798134955,SC,SC,plateau_recentred,plateau_recentred,0.242802715636019,0.242802715636019,0.0,140095.80084520066,140095.80084520066,0.0,240846491.41437465,240846491.41437465,6.276687796454919,1.123079072640987,5.559416172359587,11.836103968814506,1.618014799846695
0.0,1,308,0.001579223433723298,0.0014811852479802185,SC,SC,plateau_recentred,plateau_recentred,0.24253716608983547,0.24253716608983547,0.0,107797.01129262774,107797.01129262774,0.0,246087798.11637872,246087798.11637872,6.163611021995429,1.122634892893338,5.558674548704314,11.722285570699743,1.624617742727829
0.0,1,322,0.0017902689850683995,0.001679129092169012,SC,SC,plateau_recentred,plateau_recentred,0.24228920502337917,0.24228920502337917,0.0,83787.6248457578,83787.6248457578,0.0,245115791.5421694,245115791.5421694,6.055146053793695,1.121811971275125,5.557712676357305,11.612858730151,1.6210613924620418
0.0,1,336,0.0020295184142127276,0.0019035259175129542,SC,SC,plateau_recentred,plateau_recentred,0.2417722668860693,0.2417722668860693,0.0,65748.21333737693,65748.21333737693,0.0,236399920.95631945,236399920.95631945,5.950496267278597,1.1187931401537987,5.557066539027305,11.507562806305902,1.6123428913146607
0.0,1,350,0.002300740854018324,0.0021579108691179975,SC,SC,plateau_recentred,plateau_recentred,0.2415375417525392,0.2415375417525392,0.0,52384.331337032665,52384.331337032665,0.0,236541600.0932773,236541600.0932773,5.853070481329537,1.1176649897462947,5.555809774013044,11.40888025534258,1.5906230072098342
0.0,1,364,0.002608209139803419,0.002446291524699407,SC,SC,plateau_recentred,plateau_recentred,0.24103664653298537,0.24103664653298537,0.0,41848.97025321083,41848.97025321083,0.0,237181665.61776105,237181665.61776105,5.756344581163737,1.1154813881371566,5.555019045571128,11.311363626734865,1.585997165371705
0.0,1,378,0.0029567671235433135,0.0027732110299172608,SC,SC,plateau_recentred,plateau_recentred,0.24076237639318485,0.24076237639318485,0.0,33119.66527819053,33119.66527819053,0.0,235158783.53793386,235158783.53793386,5.656067081082093,1.1150773263880798,5.553697708521692,11.209764789603785,1.58314129592399
0.0,1,392,0.0033519059838602594,0.003143819671042405,SC,SC,plateau_recentred,plateau_recentred,0.24022626235220734,0.24022626235220734,0.0,26252.713718975603,26252.713718975603,0.0,244978447.30337432,244978447.30337432,5.556014774142593,1.1137387628331632,5.5528382791812465,11.10885305332384,1.597677326048599
0.0,1,406,0.0037998507339918053,0.0035639560125104,SC,SC,plateau_recentred,plateau_recentred,0.23993995090539702,0.23993995090539702,0.0,20538.90749379617,20538.90749379617,0.0,238305218.2609644,238305218.2609644,5.450612608091795,1.1136630239804464,5.551643581416869,11.002256189508664,1.6023994413389688
0.0,1,420,0.004307658290578997,0.0040402388775996586,SC,SC,plateau_recentred,plateau_recentred,0.2393185410560768,0.2393185410560768,0.0,16244.318530725752,16244.318530725752,0.0,238854142.62254387,238854142.62254387,5.349506204490822,1.11139415535618,5.550874143019687,10.90038034751051,1.605142364152125
0.0,1,434,0.004883328648255025,0.004580171621301985,SC,SC,plateau_recentred,plateau_recentred,0.23871473149637648,0.23871473149637648,0.0,12826.583964081703,12826.583964081703,0.0,242456827.50047258,242456827.50047258,5.248132690865631,1.1100481240676832,5.549657168206572,10.797789859072203,1.6189961711420504
0.0,1,448,0.005535930911470199,0.005192260338092255,SC,SC,plateau_recentred,plateau_recentred,0.23834388951476404,0.23834388951476404,0.0,10115.989749241304,10115.989749241304,0.0,239056718.86942506,239056718.86942506,5.146271391315664,1.1096601655790184,5.548415839915184,10.694687231230848,1.6184414909368432
0.0,1,462,0.006275746169065011,0.005886147866848442,SC,SC,plateau_recentred,plateau_recentred,0.23760860128984926,0.23760860128984926,0.0,7908.13319561408,7908.13319561408,0.0,243770746.24326563,243770746.24326563,5.040110805870262,1.1080672035500012,5.547642020234558,10.58775282610482,1.6375765299078462
0.0,1,476,0.007114429462428795,0.006672765704027499,SC,SC,plateau_recentred,plateau_recentred,0.23685348598364717,0.23685348598364717,0.0,6193.331252298861,6193.331252298861,0.0,235279566.42337674,235279566.42337674,4.934723929780423,1.105965603326142,5.546879229867914,10.481603159648337,1.648757920293376
0.0,1,490,0.008065193398893555,0.007564506218340277,SC,SC,plateau_recentred,plateau_recentred,0.23636186694093952,0.23636186694093952,0.0,4806.576833269255,4806.576833269255,0.0,240159298.08971298,240159298.08971298,4.826042655730066,1.1057091980666327,5.545472083821898,10.371514739551964,1.6619683680024349
0.0,1,504,0.009143016303003959,0.008575417879991347,SC,SC,plateau_recentred,plateau_recentred,0.23541621614307096,0.23541621614307096,0.0,3754.2169753951575,3754.2169753951575,0.0,232607831.00410268,232607831.00410268,4.719727611960494,1.102932057516245,5.544470607787517,10.26419821974801,1.6680170143044117
0.0,1,518,0.010364878184875526,0.00972142658012226,SC,SC,plateau_recentred,plateau_recentred,0.23479286727213847,0.23479286727213847,0.0,2908.7825957815753,2908.7825957815753,0.0,232258252.4022205,232258252.4022205,4.6102688919108985,1.1022038029198142,5.543121221748287,10.153390113659185,1.6712023092509076
0.0,1,532,0.011750028243087796,0.011020586527125955,SC,SC,plateau_recentred,plateau_recentred,0.23362397820215663,0.23362397820215663,0.0,2269.4398797487697,2269.4398797487697,0.0,239467751.67430043,239467751.67430043,4.50339538273429,1.0992357134424782,5.542202150141025,10.045597532875314,1.6745681256792084
0.0,1,546,0.013320288116345003,0.012493364672445311,SC,SC,plateau_recentred,plateau_recentred,0.23288384236210868,0.23288384236210868,0.0,1757.1474593575708,1757.1474593575708,0.0,233516903.16551486,233516903.16551486,4.39355155146526,1.0985939891883119,5.540935508077871,9.93448705954313,1.676438818338072
0.0,1,560,0.015100395661331367,0.014162963146700264,SC,SC,plateau_recentred,plateau_recentred,0.2316811712170501,0.2316811712170501,0.0,1381.704592900578,1381.704592900578,0.0,227605835.00557506,227605835.00557506,4.28923713521581,1.0962912175598236,5.540856916647083,9.830094051862893,1.680965865988313
0.0,1,574,0.01711839467263121,0.01605568478579653,SC,SC,plateau_recentred,plateau_recentred,0.2302999323032237,0.2302999323032237,0.0,1069.9740374954615,1069.9740374954615,0.0,237430691.05993232,237430691.05993232,4.178581524673865,1.0943369434531065,5.5404705657908,9.719052090464665,1.7012623030454561
0.0,1,588,0.019406076684359785,0.018201347505512593,SC,SC,plateau_recentred,plateau_recentred,0.22941576965429805,0.22941576965429805,0.0,833.2602393618345,833.2602393618345,0.0,237032318.07085735,237032318.07085735,4.071175293973872,1.0944229990417915,5.539284215776168,9.61045950975004,1.7069503489492144
0.0,1,602,0.02199948181363931,0.020633754052614348,SC,SC,plateau_recentred,plateau_recentred,0.22798552012887827,0.22798552012887827,0.0,651.5680168522296,651.5680168522296,0.0,240523200.33209014,240523200.33209014,3.965322599153097,1.0933427533045574,5.538316009679505,9.503638608832603,1.734330221685671
0.0,1,616,0.02493946653620638,0.023391224532954596,SC,SC,plateau_recentred,plateau_recentred,0.22634287636792205,0.22634287636792205,0.0,512.7878678381744,512.7878678381744,0.0,236001311.3409533,236001311.3409533,3.8624944149605853,1.0908695984419354,5.537122177240885,9.39961659220147,1.7353699804258111
0.0,1,630,0.028272347338879067,0.02651720010599705,SC,SC,plateau_recentred,plateau_recentred,0.22457182324972114,0.22457182324972114,0.0,403.33032040358376,403.33032040358376,0.0,234164521.51268098,234164521.51268098,3.7600028693184075,1.088934289817697,5.535336852693019,9.295339722011427,1.7476079338564123
0.0,1,644,0.03205063038897715,0.030060927356361258,SC,SC,plateau_recentred,plateau_recentred,0.22290779379967968,0.22290779379967968,0.0,319.8916317864383,319.8916317864383,0.0,230447761.62943166,230447761.62943166,3.661536415767826,1.0879509058955763,5.533145314165518,9.194681729933343,1.7717649144401746
0.0,1,658,0.036333838715903344,0.03407823412397392,SC,SC,plateau_recentred,plateau_recentred,0.2209224752489785,0.2209224752489785,0.0,252.17845664124633,252.17845664124633,0.0,227028606.46540123,227028606.46540123,3.5612457572656697,1.0873583482890474,5.530141075842076,9.091386833107746,1.797901233010429
0.0,1,672,0.04118944993628881,0.038632409015240336,SC,SC,plateau_recentred,plateau_recentred,0.21882559644051316,0.21882559644051316,0.0,201.62584415503557,201.62584415503557,0.0,232970729.11996102,232970729.11996102,3.467457527206278,1.0853522792888104,5.5267675221112995,8.994225049317578,1.8054817373921552
0.0,1,686,0.04669395929562081,0.043795198451051204,SC,SC,plateau_recentred,plateau_recentred,0.2166038350300936,0.2166038350300936,0.0,160.3368481221552,160.3368481221552,0.0,230158643.63030457,230158643.63030457,3.3717838889442446,1.0839463004457712,5.522928303743459,8.894712192687704,1.827158843662173
0.0,1,700,0.05293408477349404,0.04964793695910376,SC,SC,plateau_recentred,plateau_recentred,0.2133284110939778,0.2133284110939778,0.0,128.4770959549176,128.4770959549176,0.0,231226784.4632981,231226784.4632981,3.2789379295997167,1.080382292227918,5.519566632464988,8.798504562064705,1.8743291142763623
0.0,1,714,0.060008133237702044,0.05628282851715159,SC,SC,plateau_recentred,plateau_recentred,0.2107934813958272,0.2107934813958272,0.0,104.17933688334593,104.17933688334593,0.0,229117375.98780248,229117375.98780248,3.193149602068634,1.0783434754459753,5.514310837327776,8.70746043939641,1.8697057155762622
0.0,1,728,0.06802754916954634,0.06380439913345144,SC,SC,plateau_recentred,plateau_recentred,0.20788992865351338,0.20788992865351338,0.0,83.3861355528607,83.3861355528607,0.0,217370884.65762204,217370884.65762204,3.1027968082776174,1.076558391427298,5.50797588972015,8.610772697997767,1.901649032446757
0.0,1,742,0.07711867035896258,0.07233114354834155,SC,SC,plateau_recentred,plateau_recentred,0.20390999103926818,0.20390999103926818,0.0,68.23780692734846,68.23780692734846,0.0,225497267.4995855,225497267.4995855,3.0221467586033874,1.072997920877799,5.501557152770031,8.523703911373419,1.9330387277074916
0.0,1,756,0.08742471822866626,0.08199739199907073,SC,SC,plateau_recentred,plateau_recentred,0.2015797094297742,0.2015797094297742,0.0,54.87383537959337,54.87383537959337,0.0,224264012.1061518,224264012.1061518,2.9369549928796332,1.0741542840953686,5.492089173813973,8.429044166693606,1.9478492589349994
0.0,1,770,0.09910805414286328,0.09295542645687134,SC,SC,plateau_recentred,plateau_recentred,0.19700996704940635,0.19700996704940635,0.0,45.3779500737177,45.3779500737177,0.0,223272164.07410574,223272164.07410574,2.8624322981966044,1.0694074214092144,5.484091425397202,8.346523723593807,1.9804643270939903
0.0,1,784,0.11235273724638661,0.10537787967545051,SC,SC,plateau_recentred,plateau_recentred,0.19343741878427567,0.19343741878427567,0.0,37.07226619490789,37.07226619490789,0.0,222518573.2611583,222518573.2611583,2.785592392783833,1.0683658649283871,5.473135592734078,8.258727985517911,2.018538518104312
0.0,1,798,0.127367424130429,0.11946045484548332,SC,SC,plateau_recentred,plateau_recentred,0.18818939344283703,0.18818939344283703,0.0,30.856922847468724,30.856922847468724,0.0,211443650.68120655,211443650.68120655,2.7163381961654642,1.0628211326934227,5.462693269103777,8.179031465269242,2.046277077630279
0.0,1,812,0.14438865600617423,0.13542500870051552,SC,SC,plateau_recentred,plateau_recentred,0.18236222136138555,0.18236222136138555,0.0,25.90105282223799,25.90105282223799,0.0,216419219.39493233,216419219.39493233,2.652585035429236,1.0574806520299191,5.450411232788479,8.102996268217716,2.0869399365918757
0.0,1,826,0.1636845851724229,0.15352304664549105,SC,SC,plateau_recentred,plateau_recentred,0.1778496255836346,0.1778496255836346,0.0,21.642088390341367,21.642088390341367,0.0,216408192.50769925,216408192.50769925,2.589610599636306,1.0549862046338514,5.4353674174478765,8.024978017084182,2.1164469829524624
0.0,1,840,0.18555919948394317,0.17403968497012076,SC,SC,plateau_recentred,plateau_recentred,0.17144865126093378,0.17144865126093378,0.0,18.487360188720384,18.487360188720384,0.0,206866417.01890212,206866417.01890212,2.536351489137613,1.0490964171195698,5.420202264151784,7.956553753289397,2.1394497875397573
0.0,1,854,0.2103571113727749,0.19729814256775954,SC,SC,plateau_recentred,plateau_recentred,0.16433992740813214,0.16433992740813214,0.0,15.770192079748634,15.770192079748634,0.0,207255054.01137525,207255054.01137525,2.484083471121498,1.042224471482376,5.4034323625521825,7.887515833673681,2.1806172542289888
0.0,1,868,0.23846898686867357,0.22366483292227807,SC,SC,plateau_recentred,plateau_recentred,0.15923830236703812,0.15923830236703812,0.0,13.547929174113778,13.547929174113778,0.0,207862888.36288282,207862888.36288282,2.4386986416688465,1.0397953386909877,5.38285312654285,7.821551768211696,2.2062593242370596
0.0,1,882,0.27033770014742475,0.2535551365820376,SC,SC,plateau_recentred,plateau_recentred,0.14950261415614902,0.14950261415614902,0.0,11.99227445930125,11.99227445930125,0.0,208691843.83914527,208691843.83914527,2.403644996532991,1.0269765428198863,5.364935413471823,7.768580410004814,2.2563465761639034
0.0,1,896,0.30646531056571247,0.287439945060456,MC,MC,tangent,tangent,0.25,0.25,0.0,4.994143259313096,4.994143259313098,-2.4108186663832183e-16,209744550.07188937,209744550.07188937,2.1328506449877462,2.6667807001053627,5.255289201783252,7.388139846770998,0.6133320731167466
0.0,1,910,0.3474209720986756,0.3258530792557056,MC,MC,tangent,tangent,0.25,0.25,0.0,4.258319259495407,4.258319259495404,2.8929823996598605e-16,195681203.86044422,195681203.86044422,2.093522995378942,2.6936736415925537,5.225394073996363,7.318917069375305,0.6187208662009295
0.0,1,924,0.3938498997853399,0.36939969925924143,MC,MC,tangent,tangent,0.25,0.25,0.0,3.6635391574159692,3.6635391574159692,0.0,201553540.93693632,201553540.93693632,2.060839963102487,2.710368029912609,5.192739725354276,7.253579688456763,0.6241439597362196
0.0,1,938,0.44648353443920774,0.41876583804118983,MC,MC,tangent,tangent,0.25,0.25,0.0,3.186431298251727,3.186431298251729,-2.4108186663832183e-16,203067888.22312224,203067888.22312224,2.0343393104673195,2.7233384340800346,5.158644099387003,7.192983409854323,0.6287864729554837
0.0,1,952,0.5016364722968638,0.47049488169204756,MC,MC,tangent,tangent,0.25,0.25,0.0,2.8092814153534804,2.8092814153534817,-1.9286549331065747e-16,199809685.45666042,199809685.45666042,2.013090654830234,2.719039216316099,5.125183441956686,7.13827409678692,0.6333846509218339
0.0,1,966,0.5437616319255452,0.5100049115449525,MC,MC,tangent,tangent,0.25,0.25,0.0,2.6052912787071905,2.605291278707189,1.9286549331065737e-16,190976022.64355695,190976022.64355695,2.003640116596515,2.701239653428715,5.1018950197057755,7.10553513630229,0.6365585586808559
0.0,1,980,0.5841669263524998,0.5479018454223843,MC,MC,tangent,tangent,0.25,0.25,0.0,2.437152903382521,2.437152903382521,0.0,186706741.01035047,186706741.01035047,1.9969346533930998,2.6865713428974516,5.079626974280901,7.076561627674001,0.6391819961671845
0.0,1,994,0.6278195488721803,0.5888445132748731,MC,MC,tangent,tangent,0.25,0.25,0.0,2.288219278234168,2.288219278234168,0.0,197190403.76369417,197190403.76369417,1.9921608474874195,2.6809347648948583,5.057015643361291,7.04917649084871,0.6409195693878369
0.0,1,1008,0.674207802630171,0.632352984387098,MC,MC,tangent,tangent,0.25,0.25,0.0,2.155647832676043,2.1556478326760415,2.8929823996598605e-16,192815989.47957772,192815989.47957772,1.9896697979735805,2.6560766340056428,5.033586864458889,7.02325666243247,0.643562333530213
0.0,1,1022,0.724306160386226,0.6793412362529868,MC,MC,tangent,tangent,0.25,0.25,0.0,2.022268859852793,2.022268859852793,0.0,188538615.9234255,188538615.9234255,1.9868774655385035,2.63180280149253,5.008640279474852,6.995517745013355,0.646182906201681
0.0,1,1036,0.7711867035896258,0.7233114354834155,MC,MC,tangent,tangent,0.25,0.25,0.0,1.9354273640445474,1.9354273640445474,0.0,184356130.37209275,184356130.37209275,1.9886903579901665,2.6044676128542124,4.987765369679468,6.976455727669634,0.6479786178626223
0.0,1,1050,0.8233082706766917,0.7721972958514804,MC,MC,tangent,tangent,0.25,0.25,0.0,1.8416979465137724,1.8416979465137724,0.0,194878503.9923411,194878503.9923411,1.9902067910004062,2.5845786096310843,4.964690463501693,6.954897254502099,0.6494242581511215
0.0,1,1064,0.8759398496240602,0.8215615065451826,MC,MC,tangent,tangent,0.25,0.25,0.0,1.7652140428661127,1.7652140428661145,-4.3394735994897945e-16,190588776.1571622,190588776.1571622,1.9943215605989701,2.55834760512687,4.942154663785866,6.936476224384836,0.6509952852237559
0.0,1,1078,0.9308326223135523,0.8730465360806885,MC,MC,tangent,tangent,0.25,0.25,0.0,1.695118033050804,1.6951180330508049,-2.4108186663832183e-16,186393475.18037337,186393475.18037337,1.9989224676867532,2.532346970853642,4.919956326976417,6.918878794663169,0.652316901436514
0.0,1,1092,0.9887218045112782,0.9273419580316866,MC,MC,tangent,tangent,0.25,0.25,0.0,1.6370355742184655,1.6370355742184646,1.9286549331065737e-16,186393475.18037337,186393475.18037337,2.0058893955036763,2.500532168627851,4.897847572249283,6.90373696775296,0.6536304975211434
0.0,1,1106,1.045815930351596,0.980891680721416,MC,MC,tangent,tangent,0.25,0.25,0.0,1.58787373990527,1.5878737399052685,3.857309866213147e-16,182290522.50782824,182290522.50782824,2.0138224934269346,2.4748445311789777,4.876672323663897,6.890494817090832,0.6545026039319866
0.0,1,1120,1.1035742449353014,1.035064359319456,MC,MC,tangent,tangent,0.25,0.25,0.0,1.5267363408098111,1.5267363408098111,0.0,182290522.50782824,182290522.50782824,2.017620032361946,2.468178186454612,4.855822861477056,6.873442893839002,0.6541884941332566
0.0,1,1134,1.1645224352961225,1.092228886216513,MC,MC,tangent,tangent,0.25,0.25,0.0,1.3047397921675827,1.3047397921675827,0.0,174353575.620715,174353575.620715,1.9716914896144655,2.6337725006169608,4.833511268795226,6.805202758409691,0.6458843629712768
0.0,1,1148,1.2288366718702428,1.152550495188653,MC,MC,tangent,tangent,0.25,0.25,0.0,1.1215805988719958,1.1215805988719958,0.0,172067995.08099955,172067995.08099955,1.929156433259624,2.7542941722614946,4.810352905630177,6.739509338889801,0.6430829522628374
0.0,1,1162,1.2894736842105265,1.2094231619956979,MC,MC,tangent,tangent,0.25,0.25,0.0,1.0064261706820818,1.0064261706820818,0.0,168309875.0986443,168309875.0986443,1.9044280586066666,2.7892614743187267,4.788032713490648,6.692460772097315,0.6446945740006691
0.0,1,1176,1.3561125023080152,1.2719250424776285,MC,MC,tangent,tangent,0.25,0.25,0.0,0.9180678567439235,0.9180678567439244,-4.3394735994897945e-16,166190878.31904346,166190878.31904346,1.8883761030400936,2.7913287336407153,4.764177529802251,6.652553632842345,0.6475726346667507
0.0,1,1190,1.4182440582626876,1.330199471636234,MC,MC,tangent,tangent,0.25,0.25,0.0,0.8647782863297991,0.8647782863297991,0.0,159066385.23737833,159066385.23737833,1.8823068998144814,2.7721036060116497,4.744276727230098,6.626583627044579,0.6498414688684411
0.0,1,1204,1.4849624060150375,1.392775944572305,MC,MC,tangent,tangent,0.25,0.25,0.0,0.8232104975173697,0.8232104975173697,0.0,148322997.30680358,148322997.30680358,1.879744555599669,2.739872469202683,4.725445194918641,6.60518975051831,0.6518709987398551
0.0,1,1218,1.5526315789473681,1.4562442154642072,MC,MC,tangent,tangent,0.25,0.25,0.0,0.7945564909654896,0.7945564909654896,0.0,148322997.30680358,148322997.30680358,1.8812873506972234,2.7295711392099027,4.708516279826377,6.5898036305236,0.6521843864790675
0.0,1,1232,1.6222460729620618,1.5215370419118663,MC,MC,tangent,tangent,0.25,0.25,0.0,0.7690303453738732,0.7690303453738732,0.0,145108919.23378533,145108919.23378533,1.8828617009885535,2.712315336766716,4.692760626731562,6.575622327720115,0.6520230499686145
0.0,1,1246,1.6954887218045114,1.590232787347113,MC,MC,tangent,tangent,0.25,0.25,0.0,0.7507744925894255,0.7507744925894259,-1.9286549331065747e-16,138305220.78718057,138305220.78718057,1.8860294612434072,2.7054769461010113,4.679158898528488,6.565188359771896,0.6519300917819577
0.0,1,1260,1.7631578947368416,1.6537010582390148,MC,MC,tangent,tangent,0.25,0.25,0.0,0.7346523416561629,0.7346523416561624,2.8929823996598605e-16,135308222.44176137,135308222.44176137,1.8878276706353325,2.6993996321721716,4.6679330472233005,6.555760717858633,0.6519476202516435
0.0,1,1274,1.8383458646616537,1.7242213592300177,MC,MC,tangent,tangent,0.25,0.25,0.0,0.7167752472076625,0.7167752472076621,2.8929823996598605e-16,135308222.44176137,135308222.44176137,1.88982550616862,2.70163035966177,4.655236343653678,6.545061849822298,0.6515403122652007
0.0,1,1288,1.9061437174542544,1.7878103215368737,MC,MC,tangent,tangent,0.25,0.25,0.0,0.7008046188457142,0.7008046188457145,-1.9286549331065747e-16,128964047.6818573,128964047.6818573,1.8907364216371578,2.6923151435096733,4.644539384508178,6.535275806145336,0.6517768840005327
0.0,1,1302,1.981203007518797,1.8582099311129234,MC,MC,tangent,tangent,0.25,0.25,0.0,0.6850467782403263,0.6850467782403252,6.750292265873004e-16,126169467.43881819,126169467.43881819,1.8923162387600672,2.686859359563057,4.633082840068754,6.525399078828821,0.6517684622810299
0.0,1,1316,2.056390977443609,1.9287302321039261,MC,MC,tangent,tangent,0.25,0.25,0.0,0.6704301032291892,0.6704301032291898,-4.3394735994897945e-16,120253780.00792012,120253780.00792012,1.894760086627767,2.6823829619735315,4.62127227048745,6.5160323571152166,0.6517998518795809
0.0,1,1330,2.1315789473684212,1.999250533094929,MC,MC,tangent,tangent,0.25,0.25,0.0,0.6540797923288272,0.6540797923288272,0.0,120253780.00792012,120253780.00792012,1.8949735191792434,2.680750548185268,4.610336063352875,6.505309582532118,0.6516051371424865
0.0,1,1344,2.206766917293233,2.0697708340859315,MC,MC,tangent,tangent,0.25,0.25,0.0,0.6399527403388301,0.6399527403388294,4.821637332766433e-16,120253780.00792012,120253780.00792012,1.8966398942682603,2.6832364968800904,4.599186859466849,6.49582675373511,0.6512435947475236
0.0,1,1358,2.281954887218045,2.1402911350769345,MC,MC,tangent,tangent,0.25,0.25,0.0,0.627611998006827,0.6276119980068264,3.857309866213147e-16,112131806.23693793,112131806.23693793,1.8986416607577308,2.671773456414138,4.588728427246905,6.487370088004636,0.6516531998378321
0.0,1,1372,2.3634197261974306,2.2166986371115653,MC,MC,tangent,tangent,0.25,0.25,0.0,0.613692117643629,0.613692117643629,0.0,112131806.23693793,112131806.23693793,1.8998743205712367,2.6703531562769216,4.577755075241667,6.477629395812904,0.6514592074945739
0.0,1,1386,2.4398496240601504,2.2883837671580403,MC,MC,tangent,tangent,0.25,0.25,0.0,0.5995016194325887,0.5995016194325887,0.0,112131806.23693793,112131806.23693793,1.9002808969163891,2.6730335669659353,4.5671883143174945,6.467469211233883,0.651125038348752
0.0,1,1400,2.561889013687202,2.402846951865171,MC,MC,tangent,tangent,0.25,0.25,0.0,0.581595136220211,0.5815951362202104,3.857309866213147e-16,104558392.83496973,104558392.83496973,1.9027358541738022,2.6619375973326274,4.551563762401107,6.454299616574909,0.6513904671925835
0.0,1,1414,2.904256830572931,2.723960575767479,MC,MC,tangent,tangent,0.25,0.25,0.0,0.5336190143151759,0.5336190143151753,4.821637332766433e-16,97496489.88201647,97496489.88201647,1.906707913867276,2.6519851482408643,4.510202233064029,6.416910146931305,0.6511023363618115
0.0,1,1428,3.2923782774609203,3.087987444467019,MC,MC,tangent,tangent,0.25,0.25,0.0,0.48800184604353086,0.48800184604353086,0.0,90911549.81998752,90911549.81998752,1.9110754125285974,2.648637184084243,4.467024902991787,6.378100315520384,0.6505524019271433
0.0,1,1442,3.732367815334758,3.500662433228964,MC,MC,tangent,tangent,0.25,0.25,0.0,0.4445491237295622,0.44454912372956173,3.857309866213147e-16,79045877.29955868,79045877.29955868,1.9141902877292272,2.6320078989978564,4.423408321434694,6.337598609163921,0.650716957062844
0.0,1,1456,4.231157034510027,3.9684868192641503,MC,MC,tangent,tangent,0.25,0.25,0.0,0.4040079658296438,0.40400796582964466,-9.161110932256239e-16,73707096.74655616,73707096.74655616,1.9178643678011138,2.630607195070903,4.378204411021706,6.29606877882282,0.6501203917204949
0.0,1,1470,4.796603854831481,4.49883070277836,MC,MC,tangent,tangent,0.25,0.25,0.0,0.3667653436707405,0.3667653436707405,0.0,65506418.1409807,65506418.1409807,1.921391267475557,2.6188385833371126,4.332675874818469,6.254067142294026,0.6500823781795104
0.0,1,1484,5.437616319255451,5.100049115449525,MC,MC,tangent,tangent,0.25,0.25,0.0,0.3308464959613766,0.33084649596137694,-4.3394735994897945e-16,59758480.87029078,59758480.87029078,1.9235909485398732,2.6168522547806345,4.285714441432861,6.209305389972735,0.6495853419386283
0.0,1,1498,6.164292931060073,5.781613645504393,MC,MC,tangent,tangent,0.25,0.25,0.0,0.2988562573444353,0.2988562573444353,0.0,53109730.38077164,53109730.38077164,1.9265293942585848,2.606864525496663,4.238611809745972,6.165141204004557,0.6495038542162309
0.0,1,1512,6.988081745554303,6.554261653014747,MC,MC,tangent,tangent,0.25,0.25,0.0,0.2684070267959843,0.2684070267959843,0.0,48449554.9757457,48449554.9757457,1.9283133900330616,2.6067091467901213,4.1901593419190615,6.118472731952123,0.648968687351587
0.0,1,1526,7.921960722614703,7.430165426149287,MC,MC,tangent,tangent,0.25,0.25,0.0,0.24152238006558271,0.24152238006558271,0.0,42125973.931961715,42125973.931961715,1.9314721917108395,2.600213162387298,4.141164038688781,6.07263623039962,0.6488020116746639
0.0,1,1540,8.980642181321814,8.423123943266825,MC,MC,tangent,tangent,0.25,0.25,0.0,0.21627138165396445,0.21627138165396445,0.0,37439022.62860559,37439022.62860559,1.9325769115725189,2.5936431207939976,4.092100993816956,6.024677905389475,0.6486023501866742
0.0,1,1554,10.180804577672388,9.548780261868876,MC,MC,tangent,tangent,0.25,0.25,0.0,0.1936797942936829,0.1936797942936829,0.0,34153891.80246233,34153891.80246233,1.9348047027365332,2.5950107480826103,4.041958463074014,5.976763165810548,0.6480587404519271
0.0,1,1568,11.541355256790725,10.824867959154556,MC,MC,tangent,tangent,0.25,0.25,0.0,0.1728734750670699,0.1728734750670699,0.0,30353917.27945702,30353917.27945702,1.9360194099160837,2.5934304929951457,3.9913878029049132,5.927407212820997,0.6476825969535006
0.0,1,1582,13.083728319034785,12.271490506599772,MC,MC,tangent,tangent,0.25,0.25,0.0,0.15460909026323325,0.15460909026323294,8.678947198979575e-16,26392158.373538144,26392158.373538144,1.9379507663683526,2.5855893836636183,3.94096310900842,5.878913875376773,0.6476078494890941
0.0,1,1596,14.832222292576159,13.911437979824496,MC,MC,tangent,tangent,0.25,0.25,0.0,0.13752901858455516,0.13752901858455488,8.678947198979575e-16,24076347.570958063,24076347.570958063,1.9385060196126993,2.5889918280897253,3.8895671748756255,5.828073194488325,0.6469901922516498
0.0,1,1610,16.814382932144426,15.770546093192305,MC,MC,tangent,tangent,0.25,0.25,0.0,0.12262886246248753,0.12262886246248753,0.0,21397604.31365049,21397604.31365049,1.9403793767915687,2.58847005780482,3.8378921734988367,5.778271550290405,0.6466066069238295
0.0,1,1624,19.061437174542544,17.878103215368736,MC,MC,tangent,tangent,0.25,0.25,0.0,0.10902418127772401,0.10902418127772401,0.0,18604813.232536633,18604813.232536633,1.9407116038575372,2.582095061907074,3.7864900807836697,5.727201684641207,0.6464736775367339
0.0,1,1638,21.608785087464042,20.267311777957495,MC,MC,tangent,tangent,0.25,0.25,0.0,0.09670382231617927,0.09670382231617947,-8.678947198979592e-16,16972312.136791073,16972312.136791073,1.9409354702539958,2.5865940840921184,3.7341870207345624,5.675122490988558,0.6458421373945856
0.0,1,1652,24.496557561768185,22.975811346240924,MC,MC,tangent,tangent,0.25,0.25,0.0,0.08601251328344944,0.08601251328344926,8.678947198979575e-16,15083966.466279516,15083966.466279516,1.9425506869923819,2.5873184447732243,3.6816898015714496,5.6242404885638315,0.6454238423165336
0.0,1,1666,27.77024853309071,26.04627159247519,MC,MC,tangent,tangent,0.25,0.25,0.0,0.07626632179933313,0.07626632179933313,0.0,13115224.24648015,13115224.24648015,1.9430404445356824,2.5860829471602975,3.6289712076801046,5.572011652215787,0.6451054019031299
0.0,1,1680,31.4814316928032,29.52706451343554,MC,MC,tangent,tangent,0.25,0.25,0.0,0.06759382944124757,0.06759382944124785,-1.784005813123585e-15,11403440.031505661,11403440.031505661,1.9428489243531493,2.5807127525096383,3.576736977819775,5.519585902172924,0.6449392135714532
0.0,1,1694,35.6885729793766,33.473026482318595,MC,MC,tangent,tangent,0.25,0.25,0.0,0.059793948463668346,0.059793948463668346,0.0,10402831.849417267,10402831.849417267,1.9426772765457723,2.586173509893825,3.523658806880134,5.466336083425906,0.6442876287040076
0.0,1,1708,40.45795165012969,37.946322140359555,MC,MC,tangent,tangent,0.25,0.25,0.0,0.05305800226800684,0.05305800226800684,0.0,9245408.96409783,9245408.96409783,1.9439576420991727,2.5880233011409524,3.47047210250244,5.4144297446016125,0.6438225838711262
0.0,1,1722,45.86470444391582,43.017423737902746,MC,MC,tangent,tangent,0.25,0.25,0.0,0.046947882508821766,0.046947882508821766,0.0,8038708.657012062,8038708.657012062,1.9441546927338922,2.587373832076111,3.417140166956806,5.361294859690698,0.6434964899074179
0.0,1,1736,51.99400928447668,48.766221353454846,MC,MC,tangent,tangent,0.25,0.25,0.0,0.041531256912507836,0.041531256912507836,0.0,6989505.507356066,6989505.507356066,1.9436370355970989,2.5822679640865025,3.364416889948752,5.308053925545851,0.6433248766318149
0.0,1,1750,58.942427172510946,55.28328148109825,MC,MC,tangent,tangent,0.25,0.25,0.0,0.03667851951360623,0.03667851951360623,0.0,6376203.1722633345,6376203.1722633345,1.9432230206081234,2.588051492404307,3.310867627583297,5.25409064819142,0.6426887644847834
0.0,1,1764,66.81942340661188,62.6712738140377,MC,MC,tangent,tangent,0.25,0.25,0.0,0.032500127266545366,0.032500127266545234,1.7357894397959133e-15,5666784.469755191,5666784.469755191,1.944300377561302,2.5902877166019453,3.257263534703838,5.20156391226514,0.6422248128879465
0.0,1,1778,75.7490920983714,71.04658870181215,MC,MC,tangent,tangent,0.25,0.25,0.0,0.02871639965450798,0.02871639965450798,0.0,4927162.178691973,4927162.178691973,1.9442080054590374,2.5897643776212056,3.203600834085604,5.147808839544641,0.6419001235681324
0.0,1,1792,85.87211114964163,80.54117076257413,MC,MC,tangent,tangent,0.25,0.25,0.0,0.025374690501665357,0.025374690501665253,1.7357894397959133e-15,4284074.551397455,4284074.551397455,1.9442763732103323,2.590120834097291,3.1498032312366533,5.094079604446986,0.6415384921661974
0.0,1,1806,97.34795849064635,91.30459753714634,MC,MC,tangent,tangent,0.25,0.25,0.0,0.022387809088057244,0.022387809088057244,0.0,3908163.4195844876,3908163.4195844876,1.942894151257296,2.590264999109851,3.0967962941874876,5.0396904454447835,0.6411440526640785
0.0,1,1820,110.35742449353015,103.5064359319456,MC,MC,tangent,tangent,0.25,0.25,0.0,0.019852775325508724,0.019852775325508724,0.0,3207843.2867120365,3207843.2867120365,1.944545105370103,2.5828040423835468,3.042954972957109,4.987500078327212,0.6411586309260862
0.0,1,1834,125.1054601418827,117.33891357415216,MC,MC,tangent,tangent,0.25,0.25,0.0,0.0174977048983548,0.0174977048983548,0.0,3020003.357623365,3020003.357623365,1.9435534071583214,2.591631498615999,2.9891065312895804,4.932659938447902,0.6404371015636493
0.0,1,1848,141.82440582626876,133.0199471636234,MC,MC,tangent,tangent,0.25,0.25,0.0,0.015449343887908494,0.015449343887908558,-1.784005813123585e-15,2625835.9396978267,2625835.9396978267,1.9434096495757034,2.590799389912772,2.9351792413343114,4.878588890910015,0.6401765891407782
0.0,1,1862,160.7776516321715,150.7965755301734,MC,MC,tangent,tangent,0.25,0.25,0.0,0.01363915403155345,0.013639154031553505,-1.784005813123585e-15,2283114.8067447417,2283114.8067447417,1.9423712147682455,2.5838472049745835,2.882095069913518,4.824466284681764,0.640160210644291
0.0,1,1876,182.2637867844891,170.9488514805683,MC,MC,tangent,tangent,0.25,0.25,0.0,0.012056792778254482,0.012056792778254482,0.0,2082780.2278839443,2082780.2278839443,1.9427703776333445,2.588471851452481,2.828140269702443,4.770910647335787,0.6397016992948399
0.0,1,1890,206.62130361888174,193.79425374734694,MC,MC,tangent,tangent,0.25,0.25,0.0,0.0106378890502795,0.010637889050279544,-1.784005813123585e-15,1851049.3361673134,1851049.3361673134,1.9423370704698302,2.5891066941905794,2.7741972366268266,4.716534307096657,0.6394402282836852
0.0,1,1904,234.23393018628633,219.69268854526453,MC,MC,tangent,tangent,0.25,0.25,0.0,0.00938538332404859,0.00938538332404859,0.0,1609452.4732207574,1609452.4732207574,1.941857244646929,2.5862974062643262,2.720273621054428,4.662130865701357,0.6393797930936376
0.0,1,1918,265.536675500387,249.05215952981908,MC,MC,tangent,tangent,0.25,0.25,0.0,0.008283601009293989,0.008283601009293989,0.0,1399388.5592049267,1399388.5592049267,1.941635288983509,2.5837401428128333,2.6662627340064855,4.607898022989994,0.6393308030095912
0.0,1,1932,301.0226826648105,282.3351954823326,MC,MC,tangent,tangent,0.25,0.25,0.0,0.007309416543101041,0.00730941654310107,-1.7357894397959202e-15,1216741.9493380939,1216741.9493380939,1.940322881659557,2.573415100910493,2.6132386807898724,4.5535615624494294,0.6396469810090796
0.0,1,1946,341.25099784412686,320.0661369832566,MC,MC,tangent,tangent,0.25,0.25,0.0,0.006468148574406238,0.006468148574406238,0.0,1047838.7201928701,1047838.7201928701,1.9411694367512604,2.5680434730533492,2.559289401049889,4.500458837801149,0.6398235232880869
0.0,1,1960,386.85537747094673,362.83939686788085,MC,MC,tangent,tangent,0.25,0.25,0.0,0.005696337219737108,0.005696337219737131,-1.784005813123585e-15,986480.9999723409,986480.9999723409,1.9398970192459988,2.5714397712468924,2.5053775227545145,4.445274542000513,0.6397690410431908
0.0,1,1974,438.5542724377551,411.32882459956966,MC,MC,tangent,tangent,0.25,0.25,0.0,0.00502493070989142,0.0050249307098913995,1.8322221864512418e-15,857726.6170971796,857726.6170971796,1.939330633312644,2.56458627191977,2.4514782948573997,4.390808928170044,0.6401945261174371
0.0,1,1988,497.16214656432567,466.2983220867555,MC,MC,tangent,tangent,0.25,0.25,0.0,0.004433420693897245,0.004433420693897263,-1.784005813123585e-15,745777.1104538246,745777.1104538246,1.938872656544273,2.5573131883678824,2.3975451381996997,4.336417794743973,0.6407396365587876
0.0,1,2002,563.6023076517386,528.6138781851639,MC,MC,tangent,tangent,0.25,0.25,0.0,0.003916949762180555,0.003916949762180555,0.0,680338.0256975874,680338.0256975874,1.9379102526501581,2.5462225461564696,2.3447165994194323,4.2826268520695905,0.6416121566416686
0.0,1,2016,638.9214532632683,599.2572114766701,MC,MC,tangent,tangent,0.25,0.25,0.0,0.0034600241637183183,0.0034600241637183183,0.0,558425.4121750562,558425.4121750562,1.9378615817704832,2.5296393829289365,2.290896400647246,4.228757982417729,0.6427542307302452
0.0,1,2030,724.3061603862267,679.3412362529874,MC,MC,tangent,tangent,0.25,0.25,0.0,0.003046492675125703,0.003046492675125703,0.0,525726.0000002856,525726.0000002856,1.9363375223051218,2.524819654067935,2.237141466593604,4.173478988898726,0.6437987215895449
0.0,1,2044,821.1015787526972,770.1275953551095,MC,MC,tangent,tangent,0.25,0.25,0.0,0.0026872113009939833,0.0026872113009939833,0.0,457108.83789238724,457108.83789238724,1.935578304976759,2.5104356597682362,2.183402362912882,4.118980667889641,0.6453344355029775
0.0,1,2058,930.8326223135522,873.0465360806883,MC,MC,tangent,tangent,0.25,0.25,0.0,0.0023704773881951953,0.0023704773881951953,0.0,397447.51007029373,397447.51007029373,1.933684648430419,2.4867111413404577,2.1308300191806167,4.064514667611036,0.6475153960625099
1.0,1,14,0.00011336388169258527,0.00010632625227764493,VSC,VSC,plateau,plateau,0.25229809899075617,0.25229809899075617,0.0,nan,nan,nan,15682661.07528365,15682661.07528365,nan,nan,nan,nan,nan
1.0,1,28,0.00012851369672417512,0.00012053556684025519,VSC,VSC,plateau,plateau,0.2517521691233482,0.2517521691233482,0.0,nan,nan,nan,15409694.043416841,15409694.043416841,nan,nan,nan,nan,nan
1.0,1,42,0.00014568811511317392,0.0001366437973902854,VSC,VSC,plateau,plateau,0.251075336478662,0.251075336478662,0.0,nan,nan,nan,15132293.641078584,15132293.641078584,nan,nan,nan,nan,nan
1.0,1,56,0.0001651577024572859,0.00015490471281399474,VSC,VSC,plateau,plateau,0.2502460613131477,0.2502460613131477,0.0,nan,nan,nan,14929733.543700788,14929733.543700788,nan,nan,nan,nan,nan
1.0,1,70,0.00018722918241986797,0.00017560599537069446,VSC,VSC,plateau,plateau,0.24948399420367237,0.24948399420367237,0.0,nan,nan,nan,14929733.543700788,14929733.543700788,nan,nan,nan,nan,nan
1.0,1,84,0.00021225026885263176,0.0001990737728372878,VSC,VSC,plateau,plateau,0.24872911078922424,0.24872911078922424,0.0,nan,nan,nan,14791945.519859845,14791945.519859845,nan,nan,nan,nan,nan
1.0,1,98,0.00024061514367423875,0.00022567775632017926,VSC,VSC,plateau,plateau,0.2479748863793727,0.2479748863793727,0.0,nan,nan,nan,14386966.1226263,14386966.1226263,nan,nan,nan,nan,nan
1.0,1,112,0.00027277066680952977,0.00025583706468149684,VSC,VSC,plateau,plateau,0.24724423566633144,0.24724423566633144,0.0,nan,nan,nan,14349393.412786625,14349393.412786625,nan,nan,nan,nan,nan
1.0,1,126,0.0003092234160142482,0.0002900268273315183,SC,SC,plateau_recentred,plateau_recentred,0.24774018311327634,0.24774018311327634,0.0,1919635.0272951517,1919635.0272951517,0.0,14534852.62545342,14534852.62545342,9.41386000282874,1.15820970063168,5.5605177320548975,14.974377734883637,1.7096920509839826
1.0,1,140,0.0003505476674960928,0.00032878566941279506,SC,SC,plateau_recentred,plateau_recentred,0.2476981144371811,0.2476981144371811,0.0,1555148.3696294203,1555148.3696294203,0.0,14277622.762885831,14277622.762885831,9.322582011378017,1.1578483457417668,5.560348887065857,14.882930898443874,1.6352363745310667
1.0,1,154,0.0003973944430566423,0.0003727241972955342,SC,SC,plateau_recentred,plateau_recentred,0.24752473561781263,0.24752473561781263,0.0,1233138.9455753695,1233138.9455753695,0.0,13994177.93305716,13994177.93305716,9.221700885544612,1.1554034308359613,5.560470197562262,14.782171083106874,1.593761306068159
1.0,1,168,0.00045050176627992045,0.00042253461806201044,SC,SC,plateau_recentred,plateau_recentred,0.24735348977635216,0.24735348977635216,0.0,963619.5378680752,963619.5378680752,0.0,14142226.612102691,14142226.612102691,9.114429349978261,1.1537930008609243,5.560635316019207,14.675064665997468,1.6124229161644812
1.0,1,182,0.0005107062893487946,0.00047900164453023957,SC,SC,plateau_recentred,plateau_recentred,0.2472423144458158,0.2472423144458158,0.0,758311.3491129946,758311.3491129946,0.0,14352056.573865967,14352056.573865967,9.010533150200484,1.1525679231724253,5.560473474659055,14.571006624859539,1.6055167995720045
1.0,1,196,0.0005789564736542463,0.0005430148576110674,SC,SC,plateau_recentred,plateau_recentred,0.24715580987837918,0.24715580987837918,0.0,606153.465418054,606153.465418054,0.0,14156130.056092666,14156130.056092666,8.91352740076825,1.1515615148691696,5.560214260670515,14.473741661438766,1.590896212910635
1.0,1,210,0.0006563275318451911,0.0006155827207555844,SC,SC,plateau_recentred,plateau_recentred,0.24697684439262027,0.24697684439262027,0.0,477906.3612722973,477906.3612722973,0.0,13903731.398550157,13903731.398550157,8.810247869543211,1.1494651494350658,5.5602540108274,14.370501880370611,1.5803949343893002
1.0,1,224,0.0007440383667169925,0.0006978484672774944,SC,SC,plateau_recentred,plateau_recentred,0.24687302639184663,0.24687302639184663,0.0,374595.398132749,374595.398132749,0.0,14256617.465911519,14256617.465911519,8.704801792109748,1.1486432230810821,5.559919714741742,14.26472150685149,1.5940442382265203
1.0,1,238,0.000843470773792987,0.0007911081108384397,SC,SC,plateau_recentred,plateau_recentred,0.24677962603944825,0.24677962603944825,0.0,293193.4435433425,293193.4435433425,0.0,14146000.163645813,14146000.163645813,8.598810249898532,1.147553137345508,5.559503073433911,14.158313323332443,1.5869976968777526
1.0,1,252,0.0009561912101145875,0.0008968308628316843,SC,SC,plateau_recentred,plateau_recentred,0.24669524330899373,0.24669524330899373,0.0,230072.95248894155,230072.95248894155,0.0,14018470.031383667,14018470.031383667,8.493941682293359,1.1466771163422982,5.559082952506516,14.053024634799876,1.5816798518113095
1.0,1,266,0.0010839754721896355,0.0010166822783235104,SC,SC,plateau_recentred,plateau_recentred,0.2464977371553965,0.2464977371553965,0.0,181319.3113705613,181319.3113705613,0.0,13905569.845685396,13905569.845685396,8.3908019154796,1.1441278060574076,5.558801214554837,13.949603130034436,1.572096595692136
1.0,1,280,0.001228836671870237,0.0011525504951886475,SC,SC,plateau_recentred,plateau_recentred,0.24639703372458646,0.24639703372458646,0.0,141701.2277517028,141701.2277517028,0.0,13896570.658057956,13896570.658057956,8.284376596944858,1.1431806349598885,5.5581560852505465,13.842532682195404,1.569165563397984
1.0,1,294,0.0013930569508946444,0.0013065759798134955,SC,SC,plateau_recentred,plateau_recentred,0.24621039820072685,0.24621039820072685,0.0,113652.47783792007,113652.47783792007,0.0,13914929.699953599,13914929.699953599,8.188980573465674,1.1413396643356706,5.557757404179679,13.746737977645353,1.574546116917944
1.0,1,308,0.001579223433723298,0.0014811852479802185,SC,SC,plateau_recentred,plateau_recentred,0.24611549170033883,0.24611549170033883,0.0,89192.47056299106,89192.47056299106,0.0,13979199.318865266,13979199.318865266,8.08459201341421,1.1403865805565832,5.5568952493449455,13.641487262759156,1.5701997747338934
1.0,1,322,0.0017902689850683995,0.001679129092169012,SC,SC,plateau_recentred,plateau_recentred,0.24600801042498982,0.24600801042498982,0.0,69998.86812925742,69998.86812925742,0.0,13576327.296814492,13576327.296814492,7.9803321341166615,1.139138987329337,5.555917952524631,13.536250086641292,1.5580500038372829
1.0,1,336,0.0020295184142127276,0.0019035259175129542,SC,SC,plateau_recentred,plateau_recentred,0.24592092936829632,0.24592092936829632,0.0,53926.21738939036,53926.21738939036,0.0,13942869.301395567,13942869.301395567,7.86817253144984,1.1386945837968292,5.554786495717934,13.422959027167774,1.565525200153828
1.0,1,350,0.002300740854018324,0.0021579108691179975,SC,SC,plateau_recentred,plateau_recentred,0.24572493760966144,0.24572493760966144,0.0,43891.93976409716,43891.93976409716,0.0,13542144.086752616,13542144.086752616,7.779617840807083,1.1362427876171957,5.553926002753135,13.333543843560218,1.5402967324236352
1.0,1,364,0.002608209139803419,0.002446291524699407,SC,SC,plateau_recentred,plateau_recentred,0.24562659132946188,0.24562659132946188,0.0,34735.599662354405,34735.599662354405,0.0,13885852.824603591,13885852.824603591,7.679304836634128,1.1356052174541598,5.552629033181948,13.231933869816077,1.537402459839676
1.0,1,378,0.0029567671235433135,0.0027732110299172608,SC,SC,plateau_recentred,plateau_recentred,0.24540702723893051,0.24540702723893051,0.0,27618.651541882555,27618.651541882555,0.0,13562583.513453586,13562583.513453586,7.580699565546488,1.1334648791259492,5.551661974184227,13.132361539730715,1.5314322419519277
1.0,1,392,0.0033519059838602594,0.003143819671042405,SC,SC,plateau_recentred,plateau_recentred,0.24521236221962575,0.24521236221962575,0.0,22031.231116592062,22031.231116592062,0.0,13907375.759170566,13907375.759170566,7.483375386287287,1.132606117761061,5.55082244918596,13.034197835473247,1.547820426052952
1.0,1,406,0.0037998507339918053,0.0035639560125104,SC,SC,plateau_recentred,plateau_recentred,0.24508168503879765,0.24508168503879765,0.0,17364.71034619278,17364.71034619278,0.0,13648007.257667733,13648007.257667733,7.381267604553751,1.1315685931907205,5.549559007904482,12.930826612458233,1.5394505451408214
1.0,1,420,0.004307658290578997,0.0040402388775996586,SC,SC,plateau_recentred,plateau_recentred,0.24505973557586763,0.24505973557586763,0.0,13617.216997019783,13617.216997019783,0.0,13720098.00791733,13720098.00791733,7.277158248026153,1.1320134155280255,5.548089179230762,12.825247427256915,1.5438140346439595
1.0,1,434,0.004883328648255025,0.004580171621301985,SC,SC,plateau_recentred,plateau_recentred,0.24482994521016294,0.24482994521016294,0.0,10862.899329799524,10862.899329799524,0.0,13382463.537644742,13382463.537644742,7.179765263698227,1.1300626547667565,5.547339560145776,12.727104823844003,1.5382665658972028
1.0,1,448,0.005535930911470199,0.005192260338092255,SC,SC,plateau_recentred,plateau_recentred,0.2447009071618248,0.2447009071618248,0.0,8517.403706897914,8517.403706897914,0.0,13889557.968269456,13889557.968269456,7.0753347124342865,1.1298998902110255,5.546131588981859,12.621466301416145,1.5491138502975772
1.0,1,462,0.006275746169065011,0.005886147866848442,SC,SC,plateau_recentred,plateau_recentred,0.24442721125569794,0.24442721125569794,0.0,6704.107673512646,6704.107673512646,0.0,13473284.964524483,13473284.964524483,6.972740291693918,1.1275857608489592,5.5447597581568635,12.517500049850781,1.5533683538967389
1.0,1,476,0.007114429462428795,0.006672765704027499,SC,SC,plateau_recentred,plateau_recentred,0.24431577088662554,0.24431577088662554,0.0,5241.9402150408405,5241.9402150408405,0.0,13396878.849028908,13396878.849028908,6.867034498747354,1.1274257051548284,5.543616633754692,12.410651132502046,1.5624615918599363
1.0,1,490,0.008065193398893555,0.007564506218340277,SC,SC,plateau_recentred,plateau_recentred,0.2439894637101776,0.2439894637101776,0.0,4098.348894077711,4098.348894077711,0.0,13348938.652215982,13348938.652215982,6.761067620149571,1.1252080753942821,5.542700376196111,12.303767996345682,1.5658094207914293
1.0,1,504,0.009143016303003959,0.008575417879991347,SC,SC,plateau_recentred,plateau_recentred,0.24382393643266603,0.24382393643266603,0.0,3181.358702591388,3181.358702591388,0.0,13104043.293823196,13104043.293823196,6.652526168275783,1.1244199186194272,5.541245539939588,12.19377170821537,1.568305606994045
1.0,1,518,0.010364878184875526,0.00972142658012226,SC,SC,plateau_recentred,plateau_recentred,0.24344452395787727,0.24344452395787727,0.0,2479.006625754353,2479.006625754353,0.0,13128253.042840272,13128253.042840272,6.54502777719052,1.122053860209051,5.540408979381634,12.085436756572154,1.5746334267935123
1.0,1,532,0.011750028243087796,0.011020586527125955,SC,SC,plateau_recentred,plateau_recentred,0.24321478193165896,0.24321478193165896,0.0,1913.8558796387952,1913.8558796387952,0.0,13706558.205838224,13706558.205838224,6.433925052826004,1.1216492816023587,5.539143246924195,11.9730682997502,1.5822330317883415
1.0,1,546,0.013320288116345003,0.012493364672445311,SC,SC,plateau_recentred,plateau_recentred,0.2429918099156999,0.2429918099156999,0.0,1479.9777648954594,1479.9777648954594,0.0,13310292.750802914,13310292.750802914,6.3233131196222745,1.1204414963341727,5.53810114004935,11.861414259671625,1.5750813854657275
1.0,1,560,0.015100395661331367,0.014162963146700264,SC,SC,plateau_recentred,plateau_recentred,0.2425957668908905,0.2425957668908905,0.0,1152.8553425754487,1152.8553425754487,0.0,13154445.360465847,13154445.360465847,6.214876290518163,1.1186915084490825,5.538057595046464,11.752933885564627,1.5824486395713775
1.0,1,574,0.01711839467263121,0.01605568478579653,SC,SC,plateau_recentred,plateau_recentred,0.2423216061583803,0.2423216061583803,0.0,887.5212653083968,887.5212653083968,0.0,13166675.126966322,13166675.126966322,6.102079028958241,1.1177742292397812,5.537258807779659,11.6393378367379,1.580980239290019
1.0,1,588,0.019406076684359785,0.018201347505512593,SC,SC,plateau_recentred,plateau_recentred,0.24207733960247055,0.24207733960247055,0.0,691.3492524116234,691.3492524116234,0.0,13353755.282140182,13353755.282140182,5.994309986248839,1.1175835814577308,5.536546580352685,11.530856566601525,1.5836828207118536
1.0,1,602,0.02199948181363931,0.020633754052614348,SC,SC,plateau_recentred,plateau_recentred,0.241628828664479,0.241628828664479,0.0,539.8944763693092,539.8944763693092,0.0,13481399.025221836,13481399.025221836,5.887752316324714,1.1161473925413328,5.535715636970365,11.423467953295079,1.5958337263133553
1.0,1,616,0.02493946653620638,0.023391224532954596,SC,SC,plateau_recentred,plateau_recentred,0.24135403432580652,0.24135403432580652,0.0,419.5699707040162,419.5699707040162,0.0,12991647.422856204,12991647.422856204,5.77971438917279,1.1154924940304611,5.534249077352202,11.313963466524992,1.5908003850591155
1.0,1,630,0.028272347338879067,0.02651720010599705,SC,SC,plateau_recentred,plateau_recentred,0.24081807493635424,0.24081807493635424,0.0,327.275845331483,327.275845331483,0.0,13217318.094356725,13217318.094356725,5.67337434673777,1.1135193265646774,5.532698675593654,11.206073022331424,1.59659646577611
1.0,1,644,0.03205063038897715,0.030060927356361258,SC,SC,plateau_recentred,plateau_recentred,0.24030284997105603,0.24030284997105603,0.0,258.3662479260697,258.3662479260697,0.0,12781864.982088847,12781864.982088847,5.572511247598641,1.1116218736466565,5.530883599743406,11.103394847342047,1.5981070509071371
1.0,1,658,0.036333838715903344,0.03407823412397392,SC,SC,plateau_recentred,plateau_recentred,0.2400091765204715,0.2400091765204715,0.0,201.23277861361362,201.23277861361362,0.0,13118827.763875863,13118827.763875863,5.466585012137723,1.1121176944493256,5.52827278086252,10.994857793000243,1.609383552114769
1.0,1,672,0.04118944993628881,0.038632409015240336,SC,SC,plateau_recentred,plateau_recentred,0.23938723352516497,0.23938723352516497,0.0,158.86799171359687,158.86799171359687,0.0,12717255.968175476,12717255.968175476,5.366872283257595,1.1094914340116748,5.525323191348563,10.892195474606158,1.6038742340084875
1.0,1,686,0.04669395929562081,0.043795198451051204,SC,SC,plateau_recentred,plateau_recentred,0.23909163703891814,0.23909163703891814,0.0,124.56685155709054,124.56685155709054,0.0,13116697.01119349,13116697.01119349,5.265186684238995,1.1100219529645132,5.52137487254434,10.786561556783335,1.6143273940778622
1.0,1,700,0.05293408477349404,0.04964793695910376,SC,SC,plateau_recentred,plateau_recentred,0.23846276030782412,0.23846276030782412,0.0,98.71530543917952,98.71530543917952,0.0,12613650.016476812,12613650.016476812,5.168418488092723,1.1086392204719013,5.517125074577924,10.685543562670647,1.6218983614701643
1.0,1,714,0.060008133237702044,0.05628282851715159,SC,SC,plateau_recentred,plateau_recentred,0.2378066158134425,0.2378066158134425,0.0,78.45626081817235,78.45626081817235,0.0,13093905.84342599,13093905.84342599,5.073217715370901,1.1066775538374,5.512568959726033,10.585786675096934,1.6217159910406884
1.0,1,728,0.06802754916954634,0.06380439913345144,SC,SC,plateau_recentred,plateau_recentred,0.23707610249591363,0.23707610249591363,0.0,62.19443631794002,62.19443631794002,0.0,12780633.846647127,12780633.846647127,4.977960803615067,1.1048285053214062,5.506949801494573,10.48491060510964,1.6299045044281841
1.0,1,742,0.07711867035896258,0.07233114354834155,SC,SC,plateau_recentred,plateau_recentred,0.23692451172719675,0.23692451172719675,0.0,49.27135035471065,49.27135035471065,0.0,12487976.087057441,12487976.087057441,4.884309459310355,1.1054287649034407,5.4994440746585695,10.383753533968925,1.6157573964484437
1.0,1,756,0.08742471822866626,0.08199739199907073,SC,SC,plateau_recentred,plateau_recentred,0.2361801412712817,0.2361801412712817,0.0,39.369017775652296,39.369017775652296,0.0,13002639.118842317,13002639.118842317,4.79404614880273,1.1040886520235798,5.492267499879532,10.286313648682262,1.628133174086062
1.0,1,770,0.09910805414286328,0.09295542645687134,SC,SC,plateau_recentred,plateau_recentred,0.23538278491143863,0.23538278491143863,0.0,31.60618301050921,31.60618301050921,0.0,12840870.992076628,12840870.992076628,4.70735495843553,1.1023136802926266,5.48357616109642,10.19093111953195,1.6284988252039205
1.0,1,784,0.11235273724638661,0.10537787967545051,SC,SC,plateau_recentred,plateau_recentred,0.23458217509587276,0.23458217509587276,0.0,25.51730331517464,25.51730331517464,0.0,12604112.057054894,12604112.057054894,4.6237117147807885,1.1003569832090279,5.474282130220662,10.09799384500145,1.629662676328524
1.0,1,798,0.127367424130429,0.11946045484548332,SC,SC,plateau_recentred,plateau_recentred,0.2340422016087389,0.2340422016087389,0.0,20.528229083797363,20.528229083797363,0.0,12384729.195880057,12384729.195880057,4.5404581887827735,1.0996886273049953,5.463052365807828,10.003510554590601,1.62507233481773
1.0,1,812,0.14438865600617423,0.13542500870051552,SC,SC,plateau_recentred,plateau_recentred,0.2331753815628822,0.2331753815628822,0.0,16.661446342709755,16.661446342709755,0.0,12451158.324667456,12451158.324667456,4.462273044833488,1.0979561613296729,5.450598723045651,9.912871767879139,1.6263652637909214
1.0,1,826,0.1636845851724229,0.15352304664549105,SC,SC,plateau_recentred,plateau_recentred,0.23224614555332557,0.23224614555332557,0.0,13.598471895229872,13.598471895229872,0.0,12264480.282002337,12264480.282002337,4.387481724838527,1.0953165034401715,5.437167452226036,9.824649177064563,1.6196565455157586
1.0,1,840,0.18555919948394317,0.17403968497012076,SC,SC,plateau_recentred,plateau_recentred,0.23162176372871213,0.23162176372871213,0.0,11.097050530570966,11.097050530570966,0.0,12093305.648553865,12093305.648553865,4.315298919957664,1.0946758599139417,5.421067712691807,9.73636663264947,1.609397884441667
1.0,1,854,0.2103571113727749,0.19729814256775954,SC,SC,plateau_recentred,plateau_recentred,0.23074857195888845,0.23074857195888845,0.0,9.22888589419281,9.22888589419281,0.0,11627470.28827781,11627470.28827781,4.25168833799391,1.0920430875085487,5.404620007459794,9.656308345453704,1.5976504676958057
1.0,1,868,0.23846898686867357,0.22366483292227807,SC,SC,plateau_recentred,plateau_recentred,0.23009678506609788,0.23009678506609788,0.0,7.585695263933408,7.585695263933408,0.0,11491326.708675433,11491326.708675433,4.186054057510051,1.0914117655062334,5.385100403571962,9.571154461082013,1.5871123822862279
1.0,1,882,0.27033770014742475,0.2535551365820376,SC,SC,plateau_recentred,plateau_recentred,0.22947531642938337,0.22947531642938337,0.0,6.272626147171204,6.272626147171204,0.0,12163575.118365387,12163575.118365387,4.124845364299416,1.091219589680488,5.3637631088037505,9.488608473103167,1.5830276621177026
1.0,1,896,0.30646531056571247,0.287439945060456,SC,SC,plateau_recentred,plateau_recentred,0.22800079056150685,0.22800079056150685,0.0,5.337802655943528,5.337802655943528,0.0,11259250.94226116,11259250.94226116,4.076346562963479,1.0863713484191873,5.342175019515016,9.418521582478496,1.5679107402700192
1.0,1,910,0.3474209720986756,0.3258530792557056,SC,SC,plateau_recentred,plateau_recentred,0.22738750031924043,0.22738750031924043,0.0,4.484213896028471,4.484213896028471,0.0,11748422.539628472,11748422.539628472,4.025544560212963,1.0850563973225347,5.31730082900054,9.342845389213503,1.553363871185016
1.0,1,924,0.3938498997853399,0.36939969925924143,SC,SC,plateau_recentred,plateau_recentred,0.22623614522722396,0.22623614522722396,0.0,3.837300102486359,3.837300102486359,0.0,11655697.68799582,11655697.68799582,3.9846492497679775,1.0818636830838317,5.290535584530501,9.275184834298479,1.5392082473176891
1.0,1,938,0.44648353443920774,0.41876583804118983,SC,SC,plateau_recentred,plateau_recentred,0.22590545609372245,0.22590545609372245,0.0,3.2996424703329668,3.2996424703329668,0.0,11070132.27408326,11070132.27408326,3.94848602335331,1.080963794017287,5.261139930546387,9.209625953899696,1.5130701095744965
1.0,1,952,0.5016364722968638,0.47049488169204756,SC,SC,plateau_recentred,plateau_recentred,0.22511968492912526,0.22511968492912526,0.0,2.898198519806768,2.898198519806768,0.0,11283088.866520729,11283088.866520729,3.920959061292548,1.078802222664015,5.2323281380598115,9.15328719935236,1.4983863118587495
1.0,1,966,0.5437616319255452,0.5100049115449525,SC,SC,plateau_recentred,plateau_recentred,0.22401730259440036,0.22401730259440036,0.0,2.6859650615389414,2.6859650615389414,0.0,11003945.191623317,11003945.191623317,3.908094289866479,1.0749949817913578,5.212165138336964,9.120259428203443,1.4876766123429992
1.0,1,980,0.5841669263524998,0.5479018454223843,SC,SC,plateau_recentred,plateau_recentred,0.22425989356460418,0.22425989356460418,0.0,2.4781703957391246,2.4781703957391246,0.0,11225456.786511656,11225456.786511656,3.8937230814245716,1.0764198148191408,5.191567152203946,9.085290233628518,1.4740828527678846
1.0,1,994,0.6278195488721805,0.5888445132748733,SC,SC,plateau_recentred,plateau_recentred,0.2233797638431977,0.2233797638431977,0.0,2.3397113977101087,2.3397113977101087,0.0,10949656.956302539,10949656.956302539,3.887769471517407,1.072634254566043,5.172551888222328,9.060321359739735,1.4606635013888165
1.0,1,1008,0.674207802630171,0.632352984387098,SC,SC,plateau_recentred,plateau_recentred,0.2230248050474484,0.2230248050474484,0.0,2.198486082447798,2.198486082447798,0.0,10680633.291000603,10680633.291000603,3.8817594128900033,1.0715980477202667,5.151523376810147,9.03328278970015,1.4458828542841486
1.0,1,1022,0.724306160386226,0.6793412362529868,SC,SC,plateau_recentred,plateau_recentred,0.22323571334624545,0.22323571334624545,0.0,2.04130178513776,2.04130178513776,0.0,10907094.961961646,10907094.961961646,3.872509498729242,1.0725514418552191,5.12855678567831,9.001066284407552,1.428801816075657
1.0,1,1036,0.771186703589626,0.7233114354834157,SC,SC,plateau_recentred,plateau_recentred,0.2218802862789921,0.2218802862789921,0.0,1.9643813360909335,1.9643813360909335,0.0,10907094.961961646,10907094.961961646,3.874030002802027,1.067909614608261,5.110354865418145,8.984384868220172,1.4251911088888138
1.0,1,1050,0.8233082706766917,0.7721972958514804,SC,SC,plateau_recentred,plateau_recentred,0.22231994666392682,0.22231994666392682,0.0,1.8491110792386998,1.8491110792386998,0.0,10640980.964961676,10640980.964961676,3.869630629952701,1.0685356536780881,5.088491439840277,8.958122069792978,1.4012310350091959
1.0,1,1064,0.8759398496240602,0.8215615065451826,SC,SC,plateau_recentred,plateau_recentred,0.2222439198252367,0.2222439198252367,0.0,1.7760344812658733,1.7760344812658733,0.0,10381359.682992227,10381359.682992227,3.872977849860681,1.068184995300304,5.067632612426713,8.940610462287394,1.384301506937134
1.0,1,1078,0.9308326223135523,0.8730465360806885,SC,SC,plateau_recentred,plateau_recentred,0.22167585105801121,0.22167585105801121,0.0,1.712236576816629,1.712236576816629,0.0,10876124.281222457,10876124.281222457,3.877068712024372,1.0662365791070663,5.04765412723682,8.924722839261191,1.3793681958524544
1.0,1,1092,0.9887218045112784,0.9273419580316868,SC,SC,plateau_recentred,plateau_recentred,0.22161081919401365,0.22161081919401365,0.0,1.6359751365248008,1.6359751365248008,0.0,10612624.90413693,10612624.90413693,3.8783724206202224,1.0650105940767718,5.026563347421655,8.904935768041877,1.3612787800273853
1.0,1,1106,1.045815930351596,0.980891680721416,SC,SC,plateau_recentred,plateau_recentred,0.2204738124837158,0.2204738124837158,0.0,1.6059882315346927,1.6059882315346927,0.0,10612624.90413693,10612624.90413693,3.888807335171264,1.0609174542355153,5.008094092375692,8.896901427546956,1.3562298023594757
1.0,1,1120,1.1035742449353014,1.035064359319456,SC,SC,plateau_recentred,plateau_recentred,0.2206209426931275,0.2206209426931275,0.0,1.5404635192681337,1.5404635192681337,0.0,10612624.90413693,10612624.90413693,3.890906069540739,1.0619532929094875,4.987904417464209,8.878810487004948,1.3551265111753155
1.0,1,1134,1.1645224352961225,1.092228886216513,SC,SC,plateau_recentred,plateau_recentred,0.22053726865578033,0.22053726865578033,0.0,1.3085209940509324,1.3085209940509324,0.0,10104623.139171798,10104623.139171798,3.8402265223772956,1.0637562289392108,4.9677132415657335,8.807939763943029,1.429701000911431
1.0,1,1148,1.2288366718702428,1.152550495188653,SC,SC,plateau_recentred,plateau_recentred,0.21945368382870883,0.21945368382870883,0.0,1.120864856154237,1.120864856154237,0.0,9880163.022597803,9880163.022597803,3.7929297034859206,1.0602361556081634,4.947782617970576,8.740712321456497,1.469476775885108
1.0,1,1162,1.2894736842105265,1.2094231619956979,SC,SC,plateau_recentred,plateau_recentred,0.21977285962488413,0.21977285962488413,0.0,0.9891415545485747,0.9891415545485747,0.0,9410519.060902411,9410519.060902411,3.7583549645459366,1.0607663541133117,4.928062551767935,8.686417516313872,1.463253778741813
1.0,1,1176,1.3561125023080152,1.2719250424776285,SC,SC,plateau_recentred,plateau_recentred,0.21851003594457624,0.21851003594457624,0.0,0.9009667782542444,0.9009667782542444,0.0,9433244.205465788,9433244.205465788,3.735909879191691,1.0553672233881681,4.909957967194517,8.645867846386208,1.4589343720254369
1.0,1,1190,1.4182440582626876,1.330199471636234,SC,SC,plateau_recentred,plateau_recentred,0.21821608720746544,0.21821608720746544,0.0,0.8418724443977655,0.8418724443977655,0.0,8987992.633115247,8987992.633115247,3.7237195740134643,1.0541698120415475,4.892685789747985,8.61640536376145,1.4445142772760378
1.0,1,1204,1.4849624060150375,1.392775944572305,SC,SC,plateau_recentred,plateau_recentred,0.21753772894099488,0.21753772894099488,0.0,0.7994558501806776,0.7994558501806776,0.0,9012854.679233508,9012854.679233508,3.717031101869305,1.0518290948824784,4.8769224520771,8.593953553946404,1.4401218555493218
1.0,1,1218,1.5526315789473681,1.4562442154642072,SC,SC,plateau_recentred,plateau_recentred,0.21777661588779848,0.21777661588779848,0.0,0.7672523342354056,0.7672523342354056,0.0,8381203.17746769,8381203.17746769,3.7146378698947413,1.0516029377136102,4.861459417522671,8.576097287417412,1.4231642336234602
1.0,1,1232,1.6222460729620618,1.5215370419118663,SC,SC,plateau_recentred,plateau_recentred,0.21747148926053153,0.21747148926053153,0.0,0.7414906748761952,0.7414906748761952,0.0,8181014.908960937,8181014.908960937,3.714315271851985,1.0502335493705284,4.846949490823132,8.561264762675117,1.418756804683741
1.0,1,1246,1.6954887218045114,1.590232787347113,SC,SC,plateau_recentred,plateau_recentred,0.21682370241843052,0.21682370241843052,0.0,0.7287149208971071,0.7287149208971071,0.0,7815378.758009471,7815378.758009471,3.7187207069916925,1.047404510725369,4.834996024121333,8.553716731113026,1.4178376928572058
1.0,1,1260,1.763157894736842,1.6537010582390153,SC,SC,plateau_recentred,plateau_recentred,0.217748144484124,0.217748144484124,0.0,0.7069213825387216,0.7069213825387216,0.0,7628705.423863777,7628705.423863777,3.7181814546405643,1.0499907645935898,4.822348732545391,8.540530187185956,1.409595651506025
1.0,1,1274,1.8383458646616542,1.7242213592300182,SC,SC,plateau_recentred,plateau_recentred,0.21718290572941135,0.21718290572941135,0.0,0.6911289226691382,0.6911289226691382,0.0,7836997.189960273,7836997.189960273,3.720303905133098,1.0487370109342742,4.810414231807986,8.530718136941084,1.4189666129298473
1.0,1,1288,1.9061437174542544,1.7878103215368737,SC,SC,plateau_recentred,plateau_recentred,0.21734530538143093,0.21734530538143093,0.0,0.6780645381324584,0.6780645381324584,0.0,7287753.77923728,7287753.77923728,3.7231530614112844,1.0488181127444742,4.799277039583734,8.522430100995019,1.4116057971827871
1.0,1,1302,1.981203007518797,1.8582099311129234,SC,SC,plateau_recentred,plateau_recentred,0.21759522965777653,0.21759522965777653,0.0,0.6612074880862907,0.6612074880862907,0.0,7113682.971087529,7113682.971087529,3.7245037068034654,1.0497083584441922,4.786993125494728,8.511496832298194,1.4095199729381453
1.0,1,1316,2.056390977443609,1.9287302321039261,SC,SC,plateau_recentred,plateau_recentred,0.21707274990661932,0.21707274990661932,0.0,0.649357990178023,0.649357990178023,0.0,7307912.726618964,7307912.726618964,3.7271797471301285,1.047846374836907,4.776463510694185,8.503643257824313,1.4161341037537412
1.0,1,1330,2.1315789473684212,1.999250533094929,SC,SC,plateau_recentred,plateau_recentred,0.21721787702878106,0.21721787702878106,0.0,0.6345551983894431,0.6345551983894431,0.0,6795749.354099684,6795749.354099684,3.728535773221064,1.047860702434677,4.765092702101268,8.493628475322332,1.4089764254862214
1.0,1,1344,2.2067669172932334,2.069770834085932,SC,SC,plateau_recentred,plateau_recentred,0.21750838353710394,0.21750838353710394,0.0,0.6193706022648751,0.6193706022648751,0.0,6633430.26129204,6633430.26129204,3.7295074748644237,1.0489199478090059,4.75360218238618,8.483109657250603,1.4067348529413009
1.0,1,1358,2.281954887218045,2.1402911350769345,SC,SC,plateau_recentred,plateau_recentred,0.21702373450995602,0.21702373450995602,0.0,0.6103258195837591,0.6103258195837591,0.0,6336960.699100294,6336960.699100294,3.73286703452748,1.0467786018905676,4.743853777511946,8.476720812039426,1.4056202059945373
1.0,1,1372,2.3634197261974306,2.2166986371115653,SC,SC,plateau_recentred,plateau_recentred,0.21716300988259402,0.21716300988259402,0.0,0.5967955858792535,0.5967955858792535,0.0,6336960.699100294,6336960.699100294,3.73453961882666,1.047204358245091,4.7324450524913795,8.46698467131804,1.4061100411444118
1.0,1,1386,2.4398496240601504,2.2883837671580403,SC,SC,plateau_recentred,plateau_recentred,0.2174816050797438,0.2174816050797438,0.0,0.5809562764363466,0.5809562764363466,0.0,6185599.950161676,6185599.950161676,3.733782155974142,1.0483816411445217,4.7215203610936936,8.455302517067835,1.403768489317461
1.0,1,1400,2.561889013687202,2.402846951865171,SC,SC,plateau_recentred,plateau_recentred,0.21740866041941312,0.21740866041941312,0.0,0.5645385443466743,0.5645385443466743,0.0,5909145.380371637,5909145.380371637,3.737043389364719,1.0477073507125751,4.705809278775763,8.442852668140482,1.401003744385488
1.0,1,1414,2.904256830572931,2.723960575767479,SC,SC,plateau_recentred,plateau_recentred,0.21771724328393322,0.21771724328393322,0.0,0.5166120301379817,0.5166120301379817,0.0,5510212.353269721,5510212.353269721,3.74090557614159,1.048593379194684,4.663418008099643,8.404323584241233,1.3985159964565812
1.0,1,1428,3.2923782774609203,3.087987444467019,SC,SC,plateau_recentred,plateau_recentred,0.21718474042099536,0.21718474042099536,0.0,0.47543531327917005,0.47543531327917005,0.0,5152424.755046533,5152424.755046533,3.746782219556529,1.0462038891078032,4.621468285593849,8.368250505150378,1.4006332121992058
1.0,1,1442,3.732367815334758,3.500662433228964,SC,SC,plateau_recentred,plateau_recentred,0.21724316469692329,0.21724316469692329,0.0,0.43376357513039276,0.43376357513039276,0.0,4467857.5674380455,4467857.5674380455,3.7515239684089896,1.0462765733159283,4.576888180392425,8.328412148801414,1.3945485323754487
1.0,1,1456,4.231157034510027,3.9684868192641503,SC,SC,plateau_recentred,plateau_recentred,0.2173886256410763,0.2173886256410763,0.0,0.3935891849000122,0.3935891849000122,0.0,4166227.4958614237,4166227.4958614237,3.7541180072141325,1.0458655434536757,4.532084218147221,8.286202225361354,1.3920099483640032
1.0,1,1470,4.796603854831481,4.49883070277836,SC,SC,plateau_recentred,plateau_recentred,0.21734696444537124,0.21734696444537124,0.0,0.35855683098400787,0.35855683098400787,0.0,3622682.7503423104,3622682.7503423104,3.7599608330369856,1.0456025546288858,4.485756236810512,8.245717069847498,1.387602935985975
1.0,1,1484,5.437616319255451,5.100049115449525,SC,SC,plateau_recentred,plateau_recentred,0.21739932775116388,0.21739932775116388,0.0,0.32281693570730485,0.32281693570730485,0.0,3378111.377868666,3378111.377868666,3.7607565184829923,1.0448934305586897,4.439358861280541,8.200115379763533,1.3863324296718371
1.0,1,1498,6.164292931060073,5.781613645504393,SC,SC,plateau_recentred,plateau_recentred,0.21727064115192765,0.21727064115192765,0.0,0.29288392457070445,0.29288392457070445,0.0,2937387.799753257,2937387.799753257,3.7662895857517418,1.044325320074626,4.391565018641287,8.157854604393028,1.383107274660533
1.0,1,1512,6.988081745554302,6.554261653014747,SC,SC,plateau_recentred,plateau_recentred,0.21789610175572255,0.21789610175572255,0.0,0.2615108829383318,0.2615108829383318,0.0,2616663.002934934,2616663.002934934,3.765918624490282,1.0454318408187255,4.342730211568612,8.108648836058894,1.3749880316478018
1.0,1,1526,7.921960722614703,7.430165426149287,SC,SC,plateau_recentred,plateau_recentred,0.21704409410929767,0.21704409410929767,0.0,0.23730155441674955,0.23730155441674955,0.0,2440009.1510710535,2440009.1510710535,3.771622245816862,1.0427527775791559,4.294837406250298,8.06645965206716,1.383506809739571
1.0,1,1540,8.980642181321814,8.423123943266825,SC,SC,plateau_recentred,plateau_recentred,0.21760324635018305,0.21760324635018305,0.0,0.21138830470927888,0.21138830470927888,0.0,2121674.601553355,2121674.601553355,3.7719132895865854,1.0442002785526072,4.244326735273123,8.016240024859709,1.3758280549729087
1.0,1,1554,10.180804577672388,9.548780261868876,SC,SC,plateau_recentred,plateau_recentred,0.21813343631936544,0.21813343631936544,0.0,0.18838919093199788,0.18838919093199788,0.0,1931182.2178536558,1931182.2178536558,3.7722708325939442,1.0451372820587135,4.193944217426848,7.966215050020792,1.3709166905138408
1.0,1,1568,11.541355256790725,10.824867959154556,SC,SC,plateau_recentred,plateau_recentred,0.2171990248689622,0.2171990248689622,0.0,0.16990900371014475,0.16990900371014475,0.0,1720322.0704491148,1720322.0704491148,3.7767420008351675,1.041871304293358,4.144633461545427,7.921375462380594,1.3760914116324987
1.0,1,1582,13.083728319034785,12.271490506599772,SC,SC,plateau_recentred,plateau_recentred,0.21768051746489767,0.21768051746489767,0.0,0.1512978510466426,0.1512978510466426,0.0,1495881.128872582,1495881.128872582,3.778138136311641,1.0430455948408897,4.0928536923140175,7.870991828625659,1.3695160649390217
1.0,1,1596,14.832222292576159,13.911437979824496,SC,SC,plateau_recentred,plateau_recentred,0.21814101053542462,0.21814101053542462,0.0,0.13413812623420263,0.13413812623420263,0.0,1297360.9626163803,1297360.9626163803,3.7773555937236916,1.043359540891954,4.041355710739126,7.818711304462817,1.3604643336490856
1.0,1,1610,16.814382932144426,15.770546093192305,SC,SC,plateau_recentred,plateau_recentred,0.21714683896053277,0.21714683896053277,0.0,0.12081831921624141,0.12081831921624141,0.0,1212908.576500733,1212908.576500733,3.7822683660517784,1.040301503912953,3.9910234926692203,7.773291858720999,1.3714988497228866
1.0,1,1624,19.061437174542544,17.878103215368736,SC,SC,plateau_recentred,plateau_recentred,0.21757232851634734,0.21757232851634734,0.0,0.10692337807074062,0.10692337807074062,0.0,1054667.0776370883,1054667.0776370883,3.781897755417849,1.0412748029202816,3.9383339847573557,7.720231740175205,1.3656846488580894
1.0,1,1638,21.608785087464042,20.267311777957495,SC,SC,plateau_recentred,plateau_recentred,0.21798274706826984,0.21798274706826984,0.0,0.09447485506440001,0.09447485506440001,0.0,939511.0590090558,939511.0590090558,3.780421795841582,1.0416554497210915,3.8860535075329508,7.666475303374533,1.3601118822049116
1.0,1,1652,24.496557561768185,22.975811346240924,SC,SC,plateau_recentred,plateau_recentred,0.21694581266391819,0.21694581266391819,0.0,0.08497891936517589,0.08497891936517589,0.0,855158.0196637006,855158.0196637006,3.785469205553967,1.0382454957074003,3.835001067570904,7.620470273124871,1.3688518341531424
1.0,1,1666,27.77024853309071,26.04627159247519,SC,SC,plateau_recentred,plateau_recentred,0.21733157705365239,0.21733157705365239,0.0,0.07504923913527395,0.07504923913527395,0.0,743590.2647491036,743590.2647491036,3.7848335301469382,1.0390925156763655,3.781671832531351,7.566505362678289,1.363774275916459
1.0,1,1680,31.4814316928032,29.52706451343554,SC,SC,plateau_recentred,plateau_recentred,0.2177065649195574,0.2177065649195574,0.0,0.06624920317186234,0.06624920317186234,0.0,646578.1400811528,646578.1400811528,3.784161792174735,1.0398714959407815,3.7281779359288256,7.51233972810356,1.3586390776056172
1.0,1,1694,35.6885729793766,33.473026482318595,SC,SC,plateau_recentred,plateau_recentred,0.2180721408321672,0.2180721408321672,0.0,0.05845666787122653,0.05845666787122653,0.0,560769.9850151978,560769.9850151978,3.7827719158912005,1.0398418770154407,3.675221209361027,7.457993125252227,1.350657793437429
1.0,1,1708,40.45795165012969,37.946322140359555,SC,SC,plateau_recentred,plateau_recentred,0.21699703200988674,0.21699703200988674,0.0,0.05242851859983896,0.05242851859983896,0.0,524266.37140171236,524266.37140171236,3.787189761833615,1.0366019343299722,3.623536893838826,7.410726655672441,1.3627453810608794
1.0,1,1722,45.86470444391582,43.017423737902746,SC,SC,plateau_recentred,plateau_recentred,0.21734728362644404,0.21734728362644404,0.0,0.04622320867886075,0.04622320867886075,0.0,455868.2266266487,455868.2266266487,3.7863649859166895,1.0372857579205415,3.5696541727593347,7.356019158676024,1.3578784672050699
1.0,1,1736,51.99400928447669,48.76622135345485,SC,SC,plateau_recentred,plateau_recentred,0.21769080295669868,0.21769080295669868,0.0,0.04070127395124272,0.04070127395124272,0.0,406093.3060754568,406093.3060754568,3.78509375826839,1.0382013891053121,3.5156733136455163,7.300767071913906,1.3558056718634304
1.0,1,1750,58.942427172510946,55.28328148109825,SC,SC,plateau_recentred,plateau_recentred,0.21802850084136485,0.21802850084136485,0.0,0.035892261869070415,0.035892261869070415,0.0,343787.74270341557,343787.74270341557,3.7838274639218383,1.0378294029161748,3.462332432814714,7.246159896736552,1.3455678206588102
1.0,1,1764,66.81942340661188,62.6712738140377,SC,SC,plateau_recentred,plateau_recentred,0.21692965384291735,0.21692965384291735,0.0,0.0321317038089504,0.0321317038089504,0.0,321408.7009215013,321408.7009215013,3.7878182429892537,1.0345777797342914,3.410274581024525,7.198092824013779,1.3579106930824476
1.0,1,1778,75.7490920983714,71.04658870181215,SC,SC,plateau_recentred,plateau_recentred,0.21725803728277057,0.21725803728277057,0.0,0.028311034000067067,0.028311034000067067,0.0,279476.2786705448,279476.2786705448,3.787047046785973,1.03519339779924,3.356067753591502,7.143114800377475,1.353489667624437
1.0,1,1792,85.87211114964163,80.54117076257413,SC,SC,plateau_recentred,plateau_recentred,0.21758217583656084,0.21758217583656084,0.0,0.024926921158997712,0.024926921158997712,0.0,243014.54850350285,243014.54850350285,3.7860218391999423,1.0357583089083007,3.301805869911001,7.087827709110943,1.348898419932117
1.0,1,1806,97.34795849064635,91.30459753714634,SC,SC,plateau_recentred,plateau_recentred,0.2179027096190525,0.2179027096190525,0.0,0.021924742630083555,0.021924742630083555,0.0,216480.49954366617,216480.49954366617,3.7845967907472007,1.0365807446106774,3.2474967822737977,7.032093573020998,1.346849657511967
1.0,1,1820,110.35742449353015,103.5064359319456,SC,SC,plateau_recentred,plateau_recentred,0.21822014588995536,0.21822014588995536,0.0,0.019379000307099284,0.019379000307099284,0.0,183266.60687087645,183266.60687087645,3.7845606662869287,1.0361572733278197,3.193929772359983,6.9784904386469115,1.3369369539492642
1.0,1,1834,125.1054601418827,117.33891357415216,SC,SC,plateau_recentred,plateau_recentred,0.21710418552948604,0.21710418552948604,0.0,0.01728393116830944,0.01728393116830944,0.0,171336.77185075122,171336.77185075122,3.787174360150585,1.032949728117929,3.1416272369976728,6.928801597148258,1.3492692586761519
1.0,1,1848,141.82440582626876,133.0199471636234,SC,SC,plateau_recentred,plateau_recentred,0.21741651749702687,0.21741651749702687,0.0,0.015208768282691394,0.015208768282691394,0.0,148983.40729103883,148983.40729103883,3.786034082061239,1.0334713049502284,3.087219030115967,6.873253112177206,1.3447205339710282
1.0,1,1862,160.7776516321715,150.7965755301734,SC,SC,plateau_recentred,plateau_recentred,0.21772656064049875,0.21772656064049875,0.0,0.013368983498676702,0.013368983498676702,0.0,132716.34407360048,132716.34407360048,3.784467978865359,1.0343172480419334,3.032789477418384,6.817257456283743,1.3429120126058645
1.0,1,1876,182.2637867844891,170.9488514805683,SC,SC,plateau_recentred,plateau_recentred,0.2180346871908346,0.2180346871908346,0.0,0.011811882077392533,0.011811882077392533,0.0,112354.1109058206,112354.1109058206,3.7842938056875344,1.0338653886982734,2.979184365940685,6.763478171628219,1.3326214177238864
1.0,1,1890,206.62130361888174,193.79425374734694,SC,SC,plateau_recentred,plateau_recentred,0.21691074586162068,0.21691074586162068,0.0,0.010524190627246636,0.010524190627246636,0.0,105040.36166461995,105040.36166461995,3.786538874205633,1.0307850724475676,2.9268089008058324,6.713347775011465,1.3450270302752794
1.0,1,1904,234.23393018628633,219.69268854526453,SC,SC,plateau_recentred,plateau_recentred,0.2172159765992563,0.2172159765992563,0.0,0.00926178310411344,0.00926178310411344,0.0,91336.32444943025,91336.32444943025,3.785506832340624,1.0313431947006304,2.8723468430104573,6.657853675351081,1.340668889368672
1.0,1,1918,265.536675500387,249.05215952981908,SC,SC,plateau_recentred,plateau_recentred,0.21751967803736938,0.21751967803736938,0.0,0.008146163733231213,0.008146163733231213,0.0,79420.1774606178,79420.1774606178,3.7842299224502307,1.0318663242014912,2.8178822815021958,6.6021122039524265,1.3360853688894614
1.0,1,1932,301.0226826648104,282.33519548233255,SC,SC,plateau_recentred,plateau_recentred,0.21782214872521422,0.21782214872521422,0.0,0.0071579257433523145,0.0071579257433523145,0.0,70748.52018694373,70748.52018694373,3.7825272375233294,1.0327855355719755,2.7634190202073525,6.545946257730682,1.3342435742529757
1.0,1,1946,341.25099784412686,320.0661369832566,SC,SC,plateau_recentred,plateau_recentred,0.21812361505581032,0.21812361505581032,0.0,0.006322095322608197,0.006322095322608197,0.0,59893.806893131274,59893.806893131274,3.7821417762154224,1.0324412608401305,2.7098783325401494,6.492020108755572,1.3237938659926614
1.0,1,1960,386.85537747094673,362.83939686788085,SC,SC,plateau_recentred,plateau_recentred,0.21699410072576608,0.21699410072576608,0.0,0.005634473312360299,0.005634473312360299,0.0,55994.98840588876,55994.98840588876,3.7845035960725335,1.0296197029273892,2.657508799169804,6.442012395242338,1.3360596100830486
1.0,1,1974,438.5542724377551,411.32882459956966,SC,SC,plateau_recentred,plateau_recentred,0.21729405327013587,0.21729405327013587,0.0,0.004954388458288056,0.004954388458288056,0.0,48689.63080031934,48689.63080031934,3.783071483263739,1.0302812261693477,2.6030776410533463,6.386149124317085,1.3316081932793418
1.0,1,1988,497.16214656432567,466.2983220867555,SC,SC,plateau_recentred,plateau_recentred,0.21759312573338355,0.21759312573338355,0.0,0.0043565695767936044,0.0043565695767936044,0.0,42337.36294911121,42337.36294911121,3.7816398183378865,1.0309310642923681,2.5486639050515354,6.330303723389422,1.3269167773347217
1.0,1,2002,563.6023076517386,528.6138781851639,SC,SC,plateau_recentred,plateau_recentred,0.2178915416977659,0.2178915416977659,0.0,0.003827524307919201,0.003827524307919201,0.0,37714.669911842706,37714.669911842706,3.7798055063207396,1.032047586257986,2.494271520228607,6.274077026549347,1.324779804248535
1.0,1,2016,638.9214532632683,599.2572114766701,SC,SC,plateau_recentred,plateau_recentred,0.2181894473683291,0.2181894473683291,0.0,0.003379731972782445,0.003379731972782445,0.0,31928.231866465947,31928.231866465947,3.7791301340515244,1.0320664941243995,2.440911195223721,6.2200413292752454,1.3143491303037427
1.0,1,2030,724.3061603862267,679.3412362529874,SC,SC,plateau_recentred,plateau_recentred,0.21705695016847,0.21705695016847,0.0,0.003011661112171161,0.003011661112171161,0.0,29849.847019631237,29849.847019631237,3.7813139558898317,1.029752801674219,2.3886512143501233,6.169965170239955,1.3264904083409572
1.0,1,2044,821.1015787526972,770.1275953551095,SC,SC,plateau_recentred,plateau_recentred,0.21735406234350324,0.21735406234350324,0.0,0.002648002432311672,0.002648002432311672,0.0,25955.50195129616,25955.50195129616,3.7797202484099883,1.0307065516686225,2.3343572003213198,6.114077448731308,1.321690649571453
1.0,1,2058,930.8326223135522,873.0465360806883,SC,SC,plateau_recentred,plateau_recentred,0.21765065789673174,0.21765065789673174,0.0,0.002326075493580242,0.002326075493580242,0.0,23121.496482101185,23121.496482101185,3.7776782734924064,1.0322933245251478,2.280104601349618,6.057782874842024,1.3197057432447186
2.0,1,14,0.00011336388169258527,0.00010632625227764493,VSC,VSC,plateau,plateau,0.2521098033879822,0.2521098033879822,0.0,nan,nan,nan,913826.0290891184,913826.0290891184,nan,nan,nan,nan,nan
2.0,1,28,0.00012851369672417512,0.00012053556684025519,VSC,VSC,plateau,plateau,0.2521097657767173,0.2521097657767173,0.0,nan,nan,nan,913826.0290891184,913826.0290891184,nan,nan,nan,nan,nan
2.0,1,42,0.00014568811511317392,0.0001366437973902854,VSC,VSC,plateau,plateau,0.25201639519178737,0.25201639519178737,0.0,nan,nan,nan,913826.0290891184,913826.0290891184,nan,nan,nan,nan,nan
2.0,1,56,0.0001651577024572859,0.00015490471281399474,VSC,VSC,plateau,plateau,0.2517781403686596,0.2517781403686596,0.0,nan,nan,nan,898092.7069190284,898092.7069190284,nan,nan,nan,nan,nan
2.0,1,70,0.00018722918241986797,0.00017560599537069446,VSC,VSC,plateau,plateau,0.25169605994406885,0.25169605994406885,0.0,nan,nan,nan,898092.7069190284,898092.7069190284,nan,nan,nan,nan,nan
2.0,1,84,0.00021225026885263176,0.0001990737728372878,VSC,VSC,plateau,plateau,0.25155021344277195,0.25155021344277195,0.0,nan,nan,nan,867818.5793194688,867818.5793194688,nan,nan,nan,nan,nan
2.0,1,98,0.00024061514367423875,0.00022567775632017926,VSC,VSC,plateau,plateau,0.25124900358590396,0.25124900358590396,0.0,nan,nan,nan,868345.8982097675,868345.8982097675,nan,nan,nan,nan,nan
2.0,1,112,0.00027277066680952977,0.00025583706468149684,VSC,VSC,plateau,plateau,0.25096030119926316,0.25096030119926316,0.0,nan,nan,nan,868345.8982097675,868345.8982097675,nan,nan,nan,nan,nan
2.0,1,126,0.0003092234160142482,0.0002900268273315183,VSC,VSC,plateau,plateau,0.2507093801066645,0.2507093801066645,0.0,nan,nan,nan,852227.3520615062,852227.3520615062,nan,nan,nan,nan,nan
2.0,1,140,0.0003505476674960928,0.00032878566941279506,VSC,VSC,plateau,plateau,0.2504715451340209,0.2504715451340209,0.0,nan,nan,nan,838288.2160983982,838288.2160983982,nan,nan,nan,nan,nan
2.0,1,154,0.0003973944430566423,0.0003727241972955342,VSC,VSC,plateau,plateau,0.25004177470465394,0.25004177470465394,0.0,nan,nan,nan,840856.4629617747,840856.4629617747,nan,nan,nan,nan,nan
2.0,1,168,0.00045050176627992045,0.00042253461806201044,VSC,VSC,plateau,plateau,0.24963267722971952,0.24963267722971952,0.0,nan,nan,nan,840856.4629617747,840856.4629617747,nan,nan,nan,nan,nan
2.0,1,182,0.0005107062893487946,0.00047900164453023957,VSC,VSC,plateau,plateau,0.2492218234862437,0.2492218234862437,0.0,nan,nan,nan,845206.7660321651,845206.7660321651,nan,nan,nan,nan,nan
2.0,1,196,0.0005789564736542463,0.0005430148576110674,VSC,VSC,plateau,plateau,0.2488412355688582,0.2488412355688582,0.0,nan,nan,nan,833131.2997457769,833131.2997457769,nan,nan,nan,nan,nan
2.0,1,210,0.0006563275318451911,0.0006155827207555844,VSC,VSC,plateau,plateau,0.24848091157645216,0.24848091157645216,0.0,nan,nan,nan,810346.4215767349,810346.4215767349,nan,nan,nan,nan,nan
2.0,1,224,0.0007440383667169925,0.0006978484672774944,VSC,VSC,plateau,plateau,0.24789737950355464,0.24789737950355464,0.0,nan,nan,nan,828953.598204508,828953.598204508,nan,nan,nan,nan,nan
2.0,1,238,0.000843470773792987,0.0007911081108384397,VSC,VSC,plateau,plateau,0.24749402922390573,0.24749402922390573,0.0,nan,nan,nan,808262.0367650322,808262.0367650322,nan,nan,nan,nan,nan
2.0,1,252,0.0009561912101145875,0.0008968308628316843,SC,SC,plateau_recentred,plateau_recentred,0.24818699370793132,0.24818699370793132,0.0,109800.0555390917,109800.0555390917,0.0,808262.0367650322,808262.0367650322,10.17549425703946,1.1630002346627055,5.557642758867335,15.733137015906795,1.6650051564356971
2.0,1,266,0.0010839754721896355,0.0010166822783235104,SC,SC,plateau_recentred,plateau_recentred,0.24805268323111704,0.24805268323111704,0.0,94503.3182515942,94503.3182515942,0.0,809578.2451704126,809578.2451704126,10.1105738511198,1.1610567470463264,5.557407662957516,15.667981514077315,1.635274407734579
2.0,1,280,0.001228836671870237,0.0011525504951886475,SC,SC,plateau_recentred,plateau_recentred,0.24798834561167415,0.24798834561167415,0.0,78694.27797934822,78694.27797934822,0.0,804275.086966173,804275.086966173,10.03168364200748,1.1600610987521958,5.556793969184193,15.588477611191673,1.606996577494798
2.0,1,294,0.0013930569508946444,0.0013065759798134955,SC,SC,plateau_recentred,plateau_recentred,0.24790588833467084,0.24790588833467084,0.0,64422.44367887398,64422.44367887398,0.0,810821.1964891144,810821.1964891144,9.9453593694894,1.1590304477518292,5.55621228112817,15.50157165061757,1.5910038546767382
2.0,1,308,0.001579223433723298,0.0014811852479802185,SC,SC,plateau_recentred,plateau_recentred,0.24783111453333426,0.24783111453333426,0.0,53325.661850633485,53325.661850633485,0.0,803587.3867619111,803587.3867619111,9.864021784072513,1.1582201896120967,5.555448926439421,15.419470710511934,1.5882464254955757
2.0,1,322,0.0017902689850683995,0.001679129092169012,SC,SC,plateau_recentred,plateau_recentred,0.2477387135759587,0.2477387135759587,0.0,43932.34905841471,43932.34905841471,0.0,790142.5391556979,790142.5391556979,9.780727408188621,1.1569242245723586,5.554591473498817,15.335318881687439,1.5779690422927763
2.0,1,336,0.0020295184142127276,0.0019035259175129542,SC,SC,plateau_recentred,plateau_recentred,0.24764035485740424,0.24764035485740424,0.0,35706.887144182045,35706.887144182045,0.0,802875.3881663982,802875.3881663982,9.691581983285268,1.155700735476476,5.5537044637412585,15.245286447026526,1.5756934418450552
2.0,1,350,0.002300740854018324,0.0021579108691179975,SC,SC,plateau_recentred,plateau_recentred,0.24753795139934998,0.24753795139934998,0.0,29286.452094361706,29286.452094361706,0.0,792489.587319599,792489.587319599,9.606572509523273,1.1541451442153148,5.552628708881391,15.159201218404665,1.5632640800468482
2.0,1,364,0.002608209139803419,0.002446291524699407,SC,SC,plateau_recentred,plateau_recentred,0.24744495596567392,0.24744495596567392,0.0,24411.671866310764,24411.671866310764,0.0,779206.2646183949,779206.2646183949,9.528517963723523,1.1527128843740129,5.551614016073955,15.080131979797478,1.5390909550369625
2.0,1,378,0.0029567671235433135,0.0027732110299172608,SC,SC,plateau_recentred,plateau_recentred,0.24742564614805576,0.24742564614805576,0.0,19750.466946511566,19750.466946511566,0.0,799985.3849810006,799985.3849810006,9.437842764595166,1.152572783511319,5.5502690593278725,14.988111823923038,1.5428872681190393
2.0,1,392,0.0033519059838602594,0.003143819671042405,SC,SC,plateau_recentred,plateau_recentred,0.24736334912222774,0.24736334912222774,0.0,16178.478540516062,16178.478540516062,0.0,794352.292029315,794352.292029315,9.352325385041167,1.151540196794007,5.549146748270788,14.901472133311955,1.535422738729449
2.0,1,406,0.0037998507339918053,0.0035639560125104,SC,SC,plateau_recentred,plateau_recentred,0.24724862458749777,0.24724862458749777,0.0,12997.812656582713,12997.812656582713,0.0,788044.1411185712,788044.1411185712,9.258326599975153,1.1496798010864646,5.548078129133778,14.80640472910893,1.5242769323315504
2.0,1,420,0.004307658290578997,0.0040402388775996586,SC,SC,plateau_recentred,plateau_recentred,0.24712255414877693,0.24712255414877693,0.0,10588.978903275816,10588.978903275816,0.0,784254.1503635696,784254.1503635696,9.17032513630772,1.1477722862622934,5.547063402858619,14.71738853916634,1.5230359425598012
2.0,1,434,0.004883328648255025,0.004580171621301985,SC,SC,plateau_recentred,plateau_recentred,0.24709655206921993,0.24709655206921993,0.0,8577.004340419146,8577.004340419146,0.0,782946.3368794759,782946.3368794759,9.079918957405262,1.1472789324346724,5.545951128566211,14.625870085971473,1.5160984166326477
2.0,1,448,0.005535930911470199,0.005192260338092255,SC,SC,plateau_recentred,plateau_recentred,0.24697922660940375,0.24697922660940375,0.0,6894.3084839904695,6894.3084839904695,0.0,783446.3676612115,783446.3676612115,8.986045181399286,1.145442053756681,5.544979986615646,14.531025168014931,1.5140118062790917
2.0,1,462,0.006275746169065011,0.005886147866848442,SC,SC,plateau_recentred,plateau_recentred,0.24694513630160644,0.24694513630160644,0.0,5492.781247086463,5492.781247086463,0.0,786259.5345387819,786259.5345387819,8.888491512218256,1.1450773385159645,5.543835247258164,14.43232675947642,1.5188326562443257
2.0,1,476,0.007114429462428795,0.006672765704027499,SC,SC,plateau_recentred,plateau_recentred,0.24679857981495493,0.24679857981495493,0.0,4416.153353743589,4416.153353743589,0.0,757957.1815711405,757957.1815711405,8.795314236366636,1.1422796753717939,5.542264365887135,14.337578602253771,1.5159476163344958
2.0,1,490,0.008065193398893555,0.007564506218340277,SC,SC,plateau_recentred,plateau_recentred,0.2467438683303697,0.2467438683303697,0.0,3388.4160028731994,3388.4160028731994,0.0,782219.8803144015,782219.8803144015,8.681560972842648,1.1418622990316483,5.540970207442998,14.222531180285646,1.5321631590670388
2.0,1,504,0.009143016303003959,0.008575417879991347,SC,SC,plateau_recentred,plateau_recentred,0.24658845799677326,0.24658845799677326,0.0,2686.272062431757,2686.272062431757,0.0,759097.3492558795,759097.3492558795,8.581696807576547,1.1395757912634226,5.539987643928724,14.12168445150527,1.5278667799469818
2.0,1,518,0.010364878184875526,0.00972142658012226,SC,SC,plateau_recentred,plateau_recentred,0.24650745621095424,0.24650745621095424,0.0,2094.92601278935,2094.92601278935,0.0,772299.9089232486,772299.9089232486,8.475169118664082,1.138956592990661,5.5385340269016705,14.013703145565753,1.5332194656127942
2.0,1,532,0.011750028243087796,0.011020586527125955,SC,SC,plateau_recentred,plateau_recentred,0.24641877590254538,0.24641877590254538,0.0,1629.5061616746189,1629.5061616746189,0.0,764401.0433849769,764401.0433849769,8.367331600814994,1.137814963444186,5.537258862310841,13.904590463125835,1.5275510671564145
2.0,1,546,0.013320288116345003,0.012493364672445311,SC,SC,plateau_recentred,plateau_recentred,0.2462368486608057,0.2462368486608057,0.0,1272.4684728284828,1272.4684728284828,0.0,748197.613198147,748197.613198147,8.260516418539531,1.135837852799532,5.536665068472065,13.797181487011596,1.529525373879684
2.0,1,560,0.015100395661331367,0.014162963146700264,SC,SC,plateau_recentred,plateau_recentred,0.2461417591201256,0.2461417591201256,0.0,988.8334998666751,988.8334998666751,0.0,769250.509688267,769250.509688267,8.151649867328821,1.1353389347639966,5.53600775988396,13.687657627212781,1.5356257072512103
2.0,1,574,0.01711839467263121,0.01605568478579653,SC,SC,plateau_recentred,plateau_recentred,0.24605201850447436,0.24605201850447436,0.0,763.0695885044205,763.0695885044205,0.0,773341.7895654821,773341.7895654821,8.039725423069383,1.134989327154223,5.535373178506996,13.575098601576379,1.5372383690429234
2.0,1,588,0.019406076684359785,0.018201347505512593,SC,SC,plateau_recentred,plateau_recentred,0.24584029838738494,0.24584029838738494,0.0,598.4451442437081,598.4451442437081,0.0,763471.708204814,763471.708204814,7.934651737987108,1.13322497414223,5.534907065614725,13.469558803601833,1.5412994899467767
2.0,1,602,0.02199948181363931,0.020633754052614348,SC,SC,plateau_recentred,plateau_recentred,0.2457736879192556,0.2457736879192556,0.0,467.88731990773914,467.88731990773914,0.0,755313.0882428385,755313.0882428385,7.828964747220819,1.1331801903797234,5.533710984547047,13.362675731767865,1.5440891670027779
2.0,1,616,0.02493946653620638,0.023391224532954596,SC,SC,plateau_recentred,plateau_recentred,0.2456684311891035,0.2456684311891035,0.0,364.7408856061977,364.7408856061977,0.0,770581.9792130814,770581.9792130814,7.7222662953118375,1.1333160716201236,5.532252609060502,13.25451890437234,1.5516093929956207
2.0,1,630,0.028272347338879067,0.02651720010599705,SC,SC,plateau_recentred,plateau_recentred,0.24543410225491452,0.24543410225491452,0.0,285.3614617678157,285.3614617678157,0.0,729205.3026040789,729205.3026040789,7.617335433865584,1.130859512208487,5.530594343267289,13.147929777132873,1.5390673468337748
2.0,1,644,0.03205063038897715,0.030060927356361258,SC,SC,plateau_recentred,plateau_recentred,0.2453641077168317,0.2453641077168317,0.0,224.18252352462312,224.18252352462312,0.0,726865.4156040704,726865.4156040704,7.514791873262201,1.130976425163253,5.528344336374715,13.043136209636916,1.5408365873002292
2.0,1,658,0.036333838715903344,0.03407823412397392,SC,SC,plateau_recentred,plateau_recentred,0.24512912622211833,0.24512912622211833,0.0,176.3320144644419,176.3320144644419,0.0,738730.8190940875,738730.8190940875,7.4128044199360215,1.129872567474922,5.526061205219582,12.938865625155604,1.552936126885246
2.0,1,672,0.04118944993628881,0.038632409015240336,SC,SC,plateau_recentred,plateau_recentred,0.24501075754660634,0.24501075754660634,0.0,137.22386694089505,137.22386694089505,0.0,727112.1221873175,727112.1221873175,7.3072042202677085,1.129536154575322,5.522759889343757,12.829964109611465,1.5503196244057236
2.0,1,686,0.04669395929562081,0.043795198451051204,SC,SC,plateau_recentred,plateau_recentred,0.24478556080202785,0.24478556080202785,0.0,109.0964412879218,109.0964412879218,0.0,755094.2063352301,755094.2063352301,7.21111425822488,1.128847798595515,5.519230782081317,12.730345040306197,1.5653009952513868
2.0,1,700,0.05293408477349404,0.04964793695910376,SC,SC,plateau_recentred,plateau_recentred,0.24452225041650436,0.24452225041650436,0.0,85.99566063998357,85.99566063998357,0.0,720580.4582386224,720580.4582386224,7.1116674135834534,1.126751937780117,5.515343579735313,12.627010993318766,1.556755940758441
2.0,1,714,0.060008133237702044,0.05628282851715159,SC,SC,plateau_recentred,plateau_recentred,0.24450607550135867,0.24450607550135867,0.0,67.98214448888062,67.98214448888062,0.0,717868.7659455022,717868.7659455022,7.0154031849317935,1.1270206473996756,5.509526131418225,12.524929316350018,1.5533415793194838
2.0,1,728,0.06802754916954634,0.06380439913345144,SC,SC,plateau_recentred,plateau_recentred,0.2442278605240671,0.2442278605240671,0.0,54.07092697602607,54.07092697602607,0.0,725914.210354592,725914.210354592,6.92167341844087,1.12565210334998,5.503824852732819,12.425498271173689,1.558582847752265
2.0,1,742,0.07711867035896258,0.07233114354834155,SC,SC,plateau_recentred,plateau_recentred,0.24413348564978882,0.24413348564978882,0.0,42.81903979196413,42.81903979196413,0.0,735593.9210300143,735593.9210300143,6.827121357832729,1.1260306767206072,5.497050022389439,12.324171380222168,1.5599007582682298
2.0,1,756,0.08742471822866626,0.08199739199907073,SC,SC,plateau_recentred,plateau_recentred,0.24383940547346522,0.24383940547346522,0.0,34.166508831597255,34.166508831597255,0.0,706658.1169208104,706658.1169208104,6.736306962903954,1.1238338401858015,5.489828097630521,12.226135060534475,1.5501449009121593
2.0,1,770,0.09910805414286328,0.09295542645687134,SC,SC,plateau_recentred,plateau_recentred,0.2436464383674434,0.2436464383674434,0.0,27.307609317818628,27.307609317818628,0.0,718719.1607410946,718719.1607410946,6.648108873647279,1.1231488283797584,5.480709263367189,12.128818137014468,1.554471259243768
2.0,1,784,0.11235273724638661,0.10537787967545051,SC,SC,plateau_recentred,plateau_recentred,0.2435402073231874,0.2435402073231874,0.0,21.730301369859816,21.730301369859816,0.0,728790.6509118692,728790.6509118692,6.558680545811827,1.1232784237239555,5.470919659744668,12.029600205556495,1.5525788733154617
2.0,1,798,0.127367424130429,0.11946045484548332,SC,SC,plateau_recentred,plateau_recentred,0.2432657777800274,0.2432657777800274,0.0,17.56495949740539,17.56495949740539,0.0,716471.7574597906,716471.7574597906,6.4768724261742205,1.1216485219047048,5.460309182644068,11.937181608818289,1.547483687187487
2.0,1,812,0.14438865600617423,0.13542500870051552,SC,SC,plateau_recentred,plateau_recentred,0.24308380710289604,0.24308380710289604,0.0,14.249159921816574,14.249159921816574,0.0,692762.1072682625,692762.1072682625,6.398829205411812,1.1203594233543328,5.447494511396118,11.84632371680793,1.5367838671017782
2.0,1,826,0.1636845851724229,0.15352304664549105,SC,SC,plateau_recentred,plateau_recentred,0.24275811066510572,0.24275811066510572,0.0,11.560011509412332,11.560011509412332,0.0,670541.2042858396,670541.2042858396,6.321469912962232,1.1177858891580068,5.4340228096337535,11.755492722595985,1.521568529491607
2.0,1,840,0.18555919948394317,0.17403968497012076,SC,SC,plateau_recentred,plateau_recentred,0.24246294649181946,0.24246294649181946,0.0,9.434453620571832,9.434453620571832,0.0,689068.2785517817,689068.2785517817,6.2486813358064115,1.1162318855081117,5.418569874156018,11.66725120996243,1.5213668176467041
2.0,1,854,0.2103571113727749,0.19729814256775954,SC,SC,plateau_recentred,plateau_recentred,0.24224464024089257,0.24224464024089257,0.0,7.698647581683465,7.698647581683465,0.0,668720.0495176744,668720.0495176744,6.177366196208034,1.1145291998201776,5.4015826994459815,11.578948895654015,1.5048092728178677
2.0,1,868,0.23846898686867357,0.22366483292227807,SC,SC,plateau_recentred,plateau_recentred,0.24207618371134437,0.24207618371134437,0.0,6.365629201240202,6.365629201240202,0.0,689728.4968976176,689728.4968976176,6.1139150789255865,1.1138788446104095,5.382460714501724,11.49637579342731,1.5006745809439335
2.0,1,882,0.27033770014742475,0.2535551365820376,SC,SC,plateau_recentred,plateau_recentred,0.24178581804763466,0.24178581804763466,0.0,5.279007802762662,5.279007802762662,0.0,671121.2618677719,671121.2618677719,6.053149217811619,1.1115356114057808,5.3619375422267925,11.415086760038411,1.4858560810691785
2.0,1,896,0.30646531056571247,0.287439945060456,SC,SC,plateau_recentred,plateau_recentred,0.24160518756732158,0.24160518756732158,0.0,4.4133148413131575,4.4133148413131575,0.0,653702.4652197656,653702.4652197656,5.997800206676173,1.1096810493889993,5.339499160112769,11.337299366788942,1.4639390684954423
2.0,1,910,0.3474209720986756,0.3258530792557056,SC,SC,plateau_recentred,plateau_recentred,0.2414159756244099,0.2414159756244099,0.0,3.686001628872735,3.686001628872735,0.0,637405.1148078569,637405.1148078569,5.944841444907863,1.1076034986616967,5.3142485340110595,11.259089978918922,1.4434889505242254
2.0,1,924,0.3938498997853399,0.36939969925924143,SC,SC,plateau_recentred,plateau_recentred,0.24124365704827858,0.24124365704827858,0.0,3.1175135007588346,3.1175135007588346,0.0,635026.1114638924,635026.1114638924,5.899400985640086,1.1056127170487635,5.286941813395615,11.186342799035701,1.4227560373862234
2.0,1,938,0.44648353443920774,0.41876583804118983,SC,SC,plateau_recentred,plateau_recentred,0.24120317942080338,0.24120317942080338,0.0,2.673170509954814,2.673170509954814,0.0,617264.8920202842,617264.8920202842,5.861627409101878,1.1043062485890935,5.257933708417619,11.119561117519497,1.4034134695613247
2.0,1,952,0.5016364722968638,0.47049488169204756,SC,SC,plateau_recentred,plateau_recentred,0.24083288353171817,0.24083288353171817,0.0,2.3412873205081133,2.3412873205081133,0.0,642368.0359696267,642368.0359696267,5.832262128368854,1.1013076077317112,5.229727040913391,11.061989169282246,1.3940351633231283
2.0,1,966,0.5437616319255452,0.5100049115449525,SC,SC,plateau_recentred,plateau_recentred,0.24061292896857822,0.24061292896857822,0.0,2.144612185660149,2.144612185660149,0.0,646749.927316221,646749.927316221,5.81525099989253,1.0992945524981481,5.208632225540692,11.023883225433222,1.3848479343026219
2.0,1,980,0.5841669263524998,0.5479018454223843,SC,SC,plateau_recentred,plateau_recentred,0.24073460824244314,0.24073460824244314,0.0,1.986000950845301,1.986000950845301,0.0,628991.1429064145,628991.1429064145,5.801490238826771,1.0988121413013936,5.1890236693792,10.99051390820597,1.3647146212098198
2.0,1,994,0.6278195488721805,0.5888445132748733,SC,SC,plateau_recentred,plateau_recentred,0.24044711255246967,0.24044711255246967,0.0,1.8600086133986573,1.8600086133986573,0.0,611719.9881203512,611719.9881203512,5.792998232190081,1.0960200482222413,5.1690511792976235,10.962049411487705,1.3527522947858908
2.0,1,1008,0.6742078026301708,0.6323529843870979,SC,SC,plateau_recentred,plateau_recentred,0.24055939647949978,0.24055939647949978,0.0,1.7301697934287512,1.7301697934287512,0.0,616540.2498777286,616540.2498777286,5.78310363891229,1.095861714405992,5.147519542721931,10.930623181634221,1.336982001805067
2.0,1,1022,0.724306160386226,0.6793412362529868,SC,SC,plateau_recentred,plateau_recentred,0.24042010848691886,0.24042010848691886,0.0,1.619922326051646,1.619922326051646,0.0,616540.2498777286,616540.2498777286,5.776364676500302,1.094101407534709,5.125663970594687,10.902028647094989,1.3244466054399804
2.0,1,1036,0.7711867035896258,0.7233114354834155,SC,SC,plateau_recentred,plateau_recentred,0.2402134338182013,0.2402134338182013,0.0,1.5395339095827985,1.5395339095827985,0.0,599715.9852026997,599715.9852026997,5.773193073459441,1.0914293222968212,5.106730641719197,10.879923715178638,1.309895014561826
2.0,1,1050,0.8233082706766917,0.7721972958514804,SC,SC,plateau_recentred,plateau_recentred,0.24014247516763373,0.24014247516763373,0.0,1.45397177954888,1.45397177954888,0.0,621833.9000835528,621833.9000835528,5.769620204176519,1.090454638842002,5.085470229230978,10.855090433407497,1.3020660966677946
2.0,1,1064,0.8759398496240602,0.8215615065451826,SC,SC,plateau_recentred,plateau_recentred,0.24035938727972508,0.24035938727972508,0.0,1.3799047430527625,1.3799047430527625,0.0,604971.108680889,604971.108680889,5.768231784583846,1.0903374736199418,5.06415177895365,10.832383563537496,1.282436853943503
2.0,1,1078,0.9308326223135523,0.8730465360806885,SC,SC,plateau_recentred,plateau_recentred,0.239935776835029,0.239935776835029,0.0,1.33833541919408,1.33833541919408,0.0,588565.5997355664,588565.5997355664,5.774080579142065,1.0864069869042823,5.045018848740264,10.819099427882328,1.270745032846881
2.0,1,1092,0.9887218045112782,0.9273419580316866,SC,SC,plateau_recentred,plateau_recentred,0.24018073014897415,0.24018073014897415,0.0,1.2676665156650253,1.2676665156650253,0.0,610699.8906830847,610699.8906830847,5.772398643910976,1.087130265459151,5.023140831166468,10.795539475077444,1.2590559166303625
2.0,1,1106,1.045815930351596,0.980891680721416,SC,SC,plateau_recentred,plateau_recentred,0.23980558107238642,0.23980558107238642,0.0,1.2339010773301249,1.2339010773301249,0.0,610699.8906830847,610699.8906830847,5.7797585280778865,1.0840096741658303,5.004056271455255,10.783814799533141,1.2527212224975366
2.0,1,1120,1.1035742449353014,1.035064359319456,SC,SC,plateau_recentred,plateau_recentred,0.2398490913005436,0.2398490913005436,0.0,1.1829958393571414,1.1829958393571414,0.0,610699.8906830847,610699.8906830847,5.780948694869598,1.0838783723321466,4.984568978447979,10.765517673317577,1.2483932681431351
2.0,1,1134,1.1645224352961225,1.092228886216513,SC,SC,plateau_recentred,plateau_recentred,0.2398180269461089,0.2398180269461089,0.0,1.0182551809542613,1.0182551809542613,0.0,569487.4026009282,569487.4026009282,5.736238543556068,1.0875090056414904,4.964152541046301,10.70039108460237,1.3073469610832231
2.0,1,1148,1.2288366718702428,1.152550495188653,SC,SC,plateau_recentred,plateau_recentred,0.23978151511299822,0.23978151511299822,0.0,0.8664982176417699,0.8664982176417699,0.0,559878.5974667191,559878.5974667191,5.686811477939944,1.0876605223246743,4.94349065189922,10.630302129839164,1.3375398146617543
2.0,1,1162,1.2894736842105265,1.2094231619956979,SC,SC,plateau_recentred,plateau_recentred,0.23961420886111065,0.23961420886111065,0.0,0.7665234643689327,0.7665234643689327,0.0,542299.7562024322,542299.7562024322,5.651877107462711,1.0848776722739233,4.925182802418105,10.577059909880816,1.3368098521376646
2.0,1,1176,1.3561125023080152,1.2719250424776285,SC,SC,plateau_recentred,plateau_recentred,0.23952297985797796,0.23952297985797796,0.0,0.6904462463923692,0.6904462463923692,0.0,527870.992958865,527870.992958865,5.625959312135756,1.0821768016487994,4.905705016898218,10.531664329033974,1.3266386690451732
2.0,1,1190,1.4182440582626876,1.330199471636234,SC,SC,plateau_recentred,plateau_recentred,0.2394390791505769,0.2394390791505769,0.0,0.6440045766082301,0.6440045766082301,0.0,500154.9540126784,500154.9540126784,5.61257280032928,1.079649149454629,4.888850609466013,10.501423409795294,1.3122355336794451
2.0,1,1204,1.4849624060150375,1.392775944572305,SC,SC,plateau_recentred,plateau_recentred,0.23924084171084106,0.23924084171084106,0.0,0.6085863081978594,0.6085863081978594,0.0,498041.95266273,498041.95266273,5.603593464672347,1.0770058514111671,4.87326316894336,10.476856633615707,1.3040709458133692
2.0,1,1218,1.5526315789473681,1.4562442154642072,SC,SC,plateau_recentred,plateau_recentred,0.2393304008625169,0.2393304008625169,0.0,0.5827299549319515,0.5827299549319515,0.0,498041.95266273,498041.95266273,5.600146457461219,1.0768357696510384,4.857855342003696,10.458001799464915,1.2989114560320545
2.0,1,1232,1.6222460729620618,1.5215370419118663,SC,SC,plateau_recentred,plateau_recentred,0.2392629570058435,0.2392629570058435,0.0,0.5624872850929227,0.5624872850929227,0.0,464432.07594314194,464432.07594314194,5.598888743604849,1.074688538348522,4.8437584222715735,10.442647165876423,1.286714155735714
2.0,1,1246,1.6954887218045114,1.590232787347113,SC,SC,plateau_recentred,plateau_recentred,0.23923280503673777,0.23923280503673777,0.0,0.5485232546398834,0.5485232546398834,0.0,464432.07594314194,464432.07594314194,5.6014256114267456,1.074754456336089,4.830303888903795,10.43172950033054,1.2894414093510864
2.0,1,1260,1.763157894736842,1.6537010582390153,SC,SC,plateau_recentred,plateau_recentred,0.23935081920578785,0.23935081920578785,0.0,0.536058308772647,0.536058308772647,0.0,452154.2783629559,452154.2783629559,5.602909028225068,1.0751851648937563,4.818837459751312,10.42174648797638,1.28602792240316
2.0,1,1274,1.8383458646616542,1.7242213592300182,SC,SC,plateau_recentred,plateau_recentred,0.23916705605341507,0.23916705605341507,0.0,0.5259955763714013,0.5259955763714013,0.0,433090.32906094036,433090.32906094036,5.606517702902861,1.0737159322935779,4.806998844962576,10.413516547865436,1.2838542868129463
2.0,1,1288,1.9061437174542544,1.7878103215368737,SC,SC,plateau_recentred,plateau_recentred,0.2391854935049991,0.2391854935049991,0.0,0.512874567402215,0.512874567402215,0.0,433090.32906094036,433090.32906094036,5.60697647525398,1.0742057636368907,4.795569144521558,10.402545619775537,1.2867389932089155
2.0,1,1302,1.981203007518797,1.8582099311129234,SC,SC,plateau_recentred,plateau_recentred,0.2393002639589857,0.2393002639589857,0.0,0.5008348512399147,0.5008348512399147,0.0,421641.0867075811,421641.0867075811,5.608375080916194,1.074636941658987,4.7838539173978125,10.392228998314007,1.2835179166263033
2.0,1,1316,2.056390977443609,1.9287302321039261,SC,SC,plateau_recentred,plateau_recentred,0.23931244478297023,0.23931244478297023,0.0,0.49046972113226306,0.49046972113226306,0.0,403863.64948031126,403863.64948031126,5.611261341101237,1.0745625586819396,4.771885316638526,10.383146657739763,1.28152046605096
2.0,1,1330,2.1315789473684212,1.999250533094929,SC,SC,plateau_recentred,plateau_recentred,0.23914298745764692,0.23914298745764692,0.0,0.4794568411105912,0.4794568411105912,0.0,403863.64948031126,403863.64948031126,5.612033119570978,1.0737108140008242,4.761250856268009,10.373283975838987,1.2842736803514267
2.0,1,1344,2.206766917293233,2.0697708340859315,SC,SC,plateau_recentred,plateau_recentred,0.23927123903519232,0.23927123903519232,0.0,0.46957343433625603,0.46957343433625603,0.0,376609.3039417773,376609.3039417773,5.613870690163213,1.0736827755412952,4.750367285097981,10.364237975261194,1.275920121043988
2.0,1,1358,2.281954887218045,2.1402911350769345,SC,SC,plateau_recentred,plateau_recentred,0.2392946355139817,0.2392946355139817,0.0,0.4596107096868378,0.4596107096868378,0.0,376609.3039417773,376609.3039417773,5.615719047641963,1.0742033576361816,4.739205548386928,10.35492459602889,1.2788361507634032
2.0,1,1372,2.3634197261974306,2.2166986371115653,SC,SC,plateau_recentred,plateau_recentred,0.23912423566356378,0.23912423566356378,0.0,0.45085979803837717,0.45085979803837717,0.0,376609.3039417773,376609.3039417773,5.618048468996064,1.073359559798012,4.7285274992779085,10.346575968273973,1.2816854753469875
2.0,1,1386,2.4398496240601504,2.2883837671580403,SC,SC,plateau_recentred,plateau_recentred,0.2392617840018966,0.2392617840018966,0.0,0.4402425159704584,0.4402425159704584,0.0,351194.1914010377,351194.1914010377,5.61798911129233,1.073383045532267,4.718237326613238,10.336226437905568,1.2732629340259447
2.0,1,1400,2.561889013687202,2.402846951865171,SC,SC,plateau_recentred,plateau_recentred,0.23920374422925286,0.23920374422925286,0.0,0.4268927927356889,0.4268927927356889,0.0,351194.1914010377,351194.1914010377,5.62080578333363,1.07350872744663,4.7020474954223275,10.322853278755957,1.2776340998370128
2.0,1,1414,2.9042568305729306,2.7239605757674785,SC,SC,plateau_recentred,plateau_recentred,0.2390454587666886,0.2390454587666886,0.0,0.394179392808948,0.394179392808948,0.0,306689.2339463804,306689.2339463804,5.627449512538069,1.0717199341192116,4.660778859760281,10.28822837229835,1.2705907084588757
2.0,1,1428,3.2923782774609194,3.087987444467018,SC,SC,plateau_recentred,plateau_recentred,0.23934314049695757,0.23934314049695757,0.0,0.3590081769684711,0.3590081769684711,0.0,284784.3782179515,284784.3782179515,5.630808577801248,1.0735093876157222,4.616830218738367,10.247638796539615,1.2678653502309896
2.0,1,1442,3.732367815334758,3.500662433228964,SC,SC,plateau_recentred,plateau_recentred,0.2391469294780344,0.2391469294780344,0.0,0.32740475467608204,0.32740475467608204,0.0,265565.98146965256,265565.98146965256,5.634172120798237,1.0724370375606165,4.573447317403934,10.20761943820217,1.2696294958279246
2.0,1,1456,4.231157034510027,3.9684868192641503,SC,SC,plateau_recentred,plateau_recentred,0.23940791435448577,0.23940791435448577,0.0,0.296983898130955,0.296983898130955,0.0,237203.2104671589,237203.2104671589,5.637733471567784,1.0736180962681088,4.527533887932999,10.165267359500783,1.2638074830408617
2.0,1,1470,4.796603854831481,4.49883070277836,SC,SC,plateau_recentred,plateau_recentred,0.23917914354721134,0.23917914354721134,0.0,0.27119106047667946,0.27119106047667946,0.0,207179.9951970043,207179.9951970043,5.643464718695565,1.0716114607145169,4.482345106799935,10.1258098254955,1.259269111868073
2.0,1,1484,5.437616319255451,5.100049115449525,SC,SC,plateau_recentred,plateau_recentred,0.2394088800284981,0.2394088800284981,0.0,0.24347279785959797,0.24347279785959797,0.0,192348.76446761267,192348.76446761267,5.644220059664411,1.0732091026566843,4.434764842909933,10.078984902574344,1.259023717183835
2.0,1,1498,6.164292931060073,5.781613645504393,SC,SC,plateau_recentred,plateau_recentred,0.23915268318478072,0.23915268318478072,0.0,0.22132855358629838,0.22132855358629838,0.0,168002.85299708042,168002.85299708042,5.649509057731301,1.0711326796707081,4.388062844238798,10.037571901970098,1.2554318241207283
2.0,1,1512,6.988081745554301,6.554261653014746,SC,SC,plateau_recentred,plateau_recentred,0.2393562628939467,0.2393562628939467,0.0,0.1986536634610324,0.1986536634610324,0.0,155976.165412566,155976.165412566,5.651538655999509,1.072668951484921,4.339092378602171,9.99063103460168,1.2561198967894183
2.0,1,1526,7.921960722614703,7.430165426149287,SC,SC,plateau_recentred,plateau_recentred,0.23907725571042726,0.23907725571042726,0.0,0.17917565386987283,0.17917565386987283,0.0,136233.99589482532,136233.99589482532,5.655266097965482,1.0706694254864464,4.290547356177644,9.945813454143126,1.2551143874500743
2.0,1,1540,8.980642181321814,8.423123943266825,SC,SC,plateau_recentred,plateau_recentred,0.23925931005761145,0.23925931005761145,0.0,0.16068786769049564,0.16068786769049564,0.0,118467.180919059,118467.180919059,5.657487175624633,1.0711713733334607,4.241030368246003,9.898517543870636,1.2476992128518043
2.0,1,1554,10.180804577672388,9.548780261868876,SC,SC,plateau_recentred,plateau_recentred,0.23943189878870394,0.23943189878870394,0.0,0.1431654834505947,0.1431654834505947,0.0,105833.2722523353,105833.2722523353,5.6579432831263246,1.072127155913608,4.190429497151444,9.848372780277769,1.2453667548967258
2.0,1,1568,11.541355256790725,10.824867959154556,SC,SC,plateau_recentred,plateau_recentred,0.23912600570277148,0.23912600570277148,0.0,0.12835377221671684,0.12835377221671684,0.0,96065.37717117865,96065.37717117865,5.659914207040513,1.0704886131289524,4.1410288858465005,9.800943092887014,1.2475888475012826
2.0,1,1582,13.083728319034787,12.271490506599774,SC,SC,plateau_recentred,plateau_recentred,0.23928279730346994,0.23928279730346994,0.0,0.11462418528206228,0.11462418528206228,0.0,83537.11085580727,83537.11085580727,5.662216015630243,1.0710445588459794,4.089594702327936,9.751810717958179,1.2428890874462204
2.0,1,1596,14.832222292576159,13.911437979824496,SC,SC,plateau_recentred,plateau_recentred,0.2394327184809271,0.2394327184809271,0.0,0.10174169178172862,0.10174169178172862,0.0,74628.31248104632,74628.31248104632,5.662224606065914,1.0719606450919417,4.037808804944948,9.700033411010862,1.241368238531179
2.0,1,1610,16.814382932144426,15.770546093192305,SC,SC,plateau_recentred,plateau_recentred,0.23928932835568814,0.23928932835568814,0.0,0.09106281241046724,0.09106281241046724,0.0,67740.48305949563,67740.48305949563,5.665660032358898,1.0713875954042007,3.986215482815612,9.65187551517451,1.2444055922171626
2.0,1,1624,19.061437174542544,17.878103215368736,SC,SC,plateau_recentred,plateau_recentred,0.2392458811546673,0.2392458811546673,0.0,0.08093783271039368,0.08093783271039368,0.0,58906.17836937775,58906.17836937775,5.665694329719717,1.0708768552610686,3.9349916974132952,9.600686027133012,1.2402023779825913
2.0,1,1638,21.608785087464042,20.267311777957495,SC,SC,plateau_recentred,plateau_recentred,0.2393795256390589,0.2393795256390589,0.0,0.07164593173294954,0.07164593173294954,0.0,52624.14083247636,52624.14083247636,5.665363293676437,1.0717916736982562,3.8823626973547913,9.547725991031228,1.2392978384281428
2.0,1,1652,24.49655756176818,22.97581134624092,SC,SC,plateau_recentred,plateau_recentred,0.23922014973695746,0.23922014973695746,0.0,0.06396311694502335,0.06396311694502335,0.0,47767.189181562084,47767.189181562084,5.668440865973607,1.0712345230439548,3.830023209055727,9.498464075029334,1.243070794071089
2.0,1,1666,27.77024853309071,26.04627159247519,SC,SC,plateau_recentred,plateau_recentred,0.23916574726266165,0.23916574726266165,0.0,0.05673216707937184,0.05673216707937184,0.0,41537.68085269781,41537.68085269781,5.668879593486128,1.0706805283293988,3.7774842358779033,9.446363829364032,1.240645346698861
2.0,1,1680,31.4814316928032,29.52706451343554,SC,SC,plateau_recentred,plateau_recentred,0.239287897471181,0.239287897471181,0.0,0.050173199874329645,0.050173199874329645,0.0,36120.58737771772,36120.58737771772,5.668063207180411,1.0712908229722613,3.7249430486584734,9.393006255838884,1.235565352761762
2.0,1,1694,35.6885729793766,33.473026482318595,SC,SC,plateau_recentred,plateau_recentred,0.23940694972894272,0.23940694972894272,0.0,0.044303347744013136,0.044303347744013136,0.0,32268.514606354303,32268.514606354303,5.667398691529395,1.0722300520411971,3.6715723091368764,9.338971000666271,1.2351709988246198
2.0,1,1708,40.45795165012969,37.946322140359555,SC,SC,plateau_recentred,plateau_recentred,0.2392350152768436,0.2392350152768436,0.0,0.039466461335484225,0.039466461335484225,0.0,29290.28802040761,29290.28802040761,5.670186228507523,1.0717025011768324,3.6185764157901534,9.288762644297677,1.2393812509067297
2.0,1,1722,45.86470444391582,43.017423737902746,SC,SC,plateau_recentred,plateau_recentred,0.2391691483948435,0.2391691483948435,0.0,0.03493617455092092,0.03493617455092092,0.0,25470.425551958342,25470.425551958342,5.670350604888807,1.071183051842249,3.565459200004586,9.235809804893393,1.2373670418635985
2.0,1,1736,51.99400928447668,48.766221353454846,SC,SC,plateau_recentred,plateau_recentred,0.23928106368846475,0.23928106368846475,0.0,0.030843299803380488,0.030843299803380488,0.0,22148.726477044373,22148.726477044373,5.66924379942148,1.071935599503561,3.5124514920199292,9.18169529144141,1.2326270778171433
2.0,1,1750,58.94242717251095,55.28328148109826,SC,SC,plateau_recentred,plateau_recentred,0.23939104522400836,0.23939104522400836,0.0,0.027192845080743502,0.027192845080743502,0.0,19786.679999493685,19786.679999493685,5.668353042251866,1.0729473969083219,3.458636062359096,9.126989104610962,1.232570181869358
2.0,1,1764,66.81942340661188,62.6712738140377,SC,SC,plateau_recentred,plateau_recentred,0.2394993811575061,0.2394993811575061,0.0,0.02404590499963668,0.02404590499963668,0.0,17960.465897574424,17960.465897574424,5.668834131208745,1.0742046774380714,3.404741451877215,9.07357558308596,1.2340569353352284
2.0,1,1778,75.7490920983714,71.04658870181215,SC,SC,plateau_recentred,plateau_recentred,0.23931988335975307,0.23931988335975307,0.0,0.021340635250165912,0.021340635250165912,0.0,15618.170405286843,15618.170405286843,5.670458748532614,1.073049074086626,3.351283050580564,9.021741799113178,1.2338073049145935
2.0,1,1792,85.87211114964163,80.54117076257413,SC,SC,plateau_recentred,plateau_recentred,0.2392439717434396,0.2392439717434396,0.0,0.018861933600908227,0.018861933600908227,0.0,13581.34294509144,13581.34294509144,5.669579374224917,1.0730137275195852,3.298541293579386,8.968120667804303,1.2307285289219534
2.0,1,1806,97.34795849064635,91.30459753714634,SC,SC,plateau_recentred,plateau_recentred,0.2393483811529273,0.2393483811529273,0.0,0.016613734511993064,0.016613734511993064,0.0,12132.96336005715,12132.96336005715,5.668528257042584,1.0741504607995949,3.2444734652201452,8.91300172226273,1.2309032361980323
2.0,1,1820,110.35742449353015,103.5064359319456,SC,SC,plateau_recentred,plateau_recentred,0.23945176579555225,0.23945176579555225,0.0,0.014703948752486097,0.014703948752486097,0.0,10550.655554211722,10550.655554211722,5.669605690274695,1.0748209304956164,3.19036274624583,8.859968436520525,1.2280232736894117
2.0,1,1834,125.10546014188272,117.33891357415217,SC,SC,plateau_recentred,plateau_recentred,0.23926673956979747,0.23926673956979747,0.0,0.013016149212816323,0.013016149212816323,0.0,9576.881482053723,9576.881482053723,5.670293573033171,1.0745140936792648,3.136723401649749,8.80701697468292,1.232680839453981
2.0,1,1848,141.82440582626876,133.0199471636234,SC,SC,plateau_recentred,plateau_recentred,0.2391882906703231,0.2391882906703231,0.0,0.01149780345908146,0.01149780345908146,0.0,8327.922437588393,8327.922437588393,5.670095180066217,1.0742292501646453,3.083054156690742,8.753149336756959,1.2311086979949055
2.0,1,1862,160.7776516321715,150.7965755301734,SC,SC,plateau_recentred,plateau_recentred,0.23928930996369985,0.23928930996369985,0.0,0.010121495420855811,0.010121495420855811,0.0,7439.792825287271,7439.792825287271,5.668092727930039,1.076087876911026,3.0296864111505597,8.697779139080598,1.2298238167626239
2.0,1,1876,182.2637867844891,170.9488514805683,SC,SC,plateau_recentred,plateau_recentred,0.23938966884326968,0.23938966884326968,0.0,0.008953317256751265,0.008953317256751265,0.0,6469.539976747465,6469.539976747465,5.66904415603907,1.0769265074094185,2.9754742738729414,8.644518429912011,1.2270400325078126
2.0,1,1890,206.62130361888177,193.79425374734697,SC,SC,plateau_recentred,plateau_recentred,0.23948949917940818,0.23948949917940818,0.0,0.00787450911798597,0.00787450911798597,0.0,5872.432976544833,5872.432976544833,5.667509533431795,1.0785956086116544,2.9212484128942746,8.58875794632607,1.2288583937657835
2.0,1,1904,234.2339301862863,219.6926885452645,SC,SC,plateau_recentred,plateau_recentred,0.23930213194618485,0.23930213194618485,0.0,0.006979583275320476,0.006979583275320476,0.0,5106.585733596678,5106.585733596678,5.668845499559326,1.0777116034159682,2.8675184498647175,8.536363949424043,1.228808401563022
2.0,1,1918,265.536675500387,249.05215952981908,SC,SC,plateau_recentred,plateau_recentred,0.23922020284506904,0.23922020284506904,0.0,0.006161828839375417,0.006161828839375417,0.0,4440.615662831471,4440.615662831471,5.66755797500278,1.0785340032582609,2.8146861116185553,8.482244086621336,1.2259871712803345
2.0,1,1932,301.0226826648105,282.3351954823326,SC,SC,plateau_recentred,plateau_recentred,0.23931874903098793,0.23931874903098793,0.0,0.005421928624770574,0.005421928624770574,0.0,3967.047099175316,3967.047099175316,5.666233645606534,1.0801938009982726,2.760454606663748,8.426688252270282,1.226434252897917
2.0,1,1946,341.25099784412686,320.0661369832566,SC,SC,plateau_recentred,plateau_recentred,0.23941693690496954,0.23941693690496954,0.0,0.0047943942842110345,0.0047943942842110345,0.0,3449.6887750047895,3449.6887750047895,5.667041374831003,1.081356830210049,2.7062268282175364,8.37326820304854,1.2237441618868024
2.0,1,1960,386.85537747094673,362.83939686788085,SC,SC,plateau_recentred,plateau_recentred,0.23922646400282763,0.23922646400282763,0.0,0.004236724539041438,0.004236724539041438,0.0,3131.2993186479107,3131.2993186479107,5.667049465759951,1.0816192533028994,2.6525152185637983,8.31956468432375,1.2285745097365965
2.0,1,1974,438.55427243775506,411.3288245995696,SC,SC,plateau_recentred,plateau_recentred,0.23932635490409107,0.23932635490409107,0.0,0.0037351374645178312,0.0037351374645178312,0.0,2722.9341726155576,2722.9341726155576,5.666540261987657,1.082915446914031,2.5983007839449277,8.264841045932585,1.2256743863393056
2.0,1,1988,497.16214656432567,466.2983220867555,SC,SC,plateau_recentred,plateau_recentred,0.23924243617573296,0.23924243617573296,0.0,0.003296679348269885,0.003296679348269885,0.0,2367.8255426565397,2367.8255426565397,5.665010265865943,1.0845446464567925,2.545600897768235,8.210611163634178,1.2230085622762907
2.0,1,2002,563.6023076517386,528.6138781851639,SC,SC,plateau_recentred,plateau_recentred,0.23933965367879612,0.23933965367879612,0.0,0.002900152662324978,0.002900152662324978,0.0,2115.309264202209,2115.309264202209,5.66351684762142,1.0867566875425543,2.491438468002256,8.154955315623676,1.223556468977884
2.0,1,2016,638.9214532632683,599.2572114766701,SC,SC,plateau_recentred,plateau_recentred,0.2394366819876751,0.2394366819876751,0.0,0.002563986092206063,0.002563986092206063,0.0,1839.443405120892,1839.443405120892,5.664149646854309,1.0884779354671732,2.437300474379091,8.1014501212334,1.220958615790021
2.0,1,2030,724.3061603862267,679.3412362529874,SC,SC,plateau_recentred,plateau_recentred,0.23924561128605354,0.23924561128605354,0.0,0.0022674899133602144,0.0022674899133602144,0.0,1669.6717462978804,1669.6717462978804,5.664381588492471,1.089381664739623,2.383698231458048,8.04807981995052,1.2258841504867248
2.0,1,2044,821.1015787526972,770.1275953551095,SC,SC,plateau_recentred,plateau_recentred,0.2393445904497663,0.2393445904497663,0.0,0.001996833360608892,0.001996833360608892,0.0,1451.9232409274416,1451.9232409274416,5.663258659331927,1.09136423372135,2.3296176205009296,7.992876279832856,1.2230853742062766
2.0,1,2058,930.8326223135522,873.0465360806883,SC,SC,plateau_recentred,plateau_recentred,0.23925948402906907,0.23925948402906907,0.0,0.0017621931585383329,0.0017621931585383329,0.0,1262.5721805615124,1262.5721805615124,5.661414551674234,1.094239018024102,2.2771734152672973,7.938587966941531,1.2206473551147385
3.0,1,14,0.00011336388169258527,0.00010632625227764493,VSC,VSC,plateau,plateau,0.25182447907326033,0.25182447907326033,0.0,nan,nan,nan,51457.2214925408,51457.2214925408,nan,nan,nan,nan,nan
3.0,1,28,0.00012851369672417512,0.00012053556684025519,VSC,VSC,plateau,plateau,0.2518244459564463,0.2518244459564463,0.0,nan,nan,nan,51457.2214925408,51457.2214925408,nan,nan,nan,nan,nan
3.0,1,42,0.00014568811511317392,0.0001366437973902854,VSC,VSC,plateau,plateau,0.25182440513272275,0.25182440513272275,0.0,nan,nan,nan,51457.2214925408,51457.2214925408,nan,nan,nan,nan,nan
3.0,1,56,0.0001651577024572859,0.00015490471281399474,VSC,VSC,plateau,plateau,0.2518243623064787,0.2518243623064787,0.0,nan,nan,nan,51457.2214925408,51457.2214925408,nan,nan,nan,nan,nan
3.0,1,70,0.00018722918241986797,0.00017560599537069446,VSC,VSC,plateau,plateau,0.25182431382995707,0.25182431382995707,0.0,nan,nan,nan,51457.2214925408,51457.2214925408,nan,nan,nan,nan,nan
3.0,1,84,0.00021225026885263176,0.0001990737728372878,VSC,VSC,plateau,plateau,0.2518242589609433,0.2518242589609433,0.0,nan,nan,nan,51457.2214925408,51457.2214925408,nan,nan,nan,nan,nan
3.0,1,98,0.00024061514367423875,0.00022567775632017926,VSC,VSC,plateau,plateau,0.2518241968961679,0.2518241968961679,0.0,nan,nan,nan,51457.2214925408,51457.2214925408,nan,nan,nan,nan,nan
3.0,1,112,0.00027277066680952977,0.00025583706468149684,VSC,VSC,plateau,plateau,0.25182412665950143,0.25182412665950143,0.0,nan,nan,nan,51457.2214925408,51457.2214925408,nan,nan,nan,nan,nan
3.0,1,126,0.0003092234160142482,0.0002900268273315183,VSC,VSC,plateau,plateau,0.2516736555265596,0.2516736555265596,0.0,nan,nan,nan,51457.2214925408,51457.2214925408,nan,nan,nan,nan,nan
3.0,1,140,0.0003505476674960928,0.00032878566941279506,VSC,VSC,plateau,plateau,0.251673490078258,0.251673490078258,0.0,nan,nan,nan,49731.551894332995,49731.551894332995,nan,nan,nan,nan,nan
3.0,1,154,0.0003973944430566423,0.0003727241972955342,VSC,VSC,plateau,plateau,0.25161190459868943,0.25161190459868943,0.0,nan,nan,nan,49731.551894332995,49731.551894332995,nan,nan,nan,nan,nan
3.0,1,168,0.00045050176627992045,0.00042253461806201044,VSC,VSC,plateau,plateau,0.25157422767572385,0.25157422767572385,0.0,nan,nan,nan,49731.551894332995,49731.551894332995,nan,nan,nan,nan,nan
3.0,1,182,0.0005107062893487946,0.00047900164453023957,VSC,VSC,plateau,plateau,0.251444864540566,0.251444864540566,0.0,nan,nan,nan,48867.53615071146,48867.53615071146,nan,nan,nan,nan,nan
3.0,1,196,0.0005789564736542463,0.0005430148576110674,VSC,VSC,plateau,plateau,0.2512238741049122,0.2512238741049122,0.0,nan,nan,nan,48898.53019621561,48898.53019621561,nan,nan,nan,nan,nan
3.0,1,210,0.0006563275318451911,0.0006155827207555844,VSC,VSC,plateau,plateau,0.25113270646502417,0.25113270646502417,0.0,nan,nan,nan,48898.53019621561,48898.53019621561,nan,nan,nan,nan,nan
3.0,1,224,0.0007440383667169925,0.0006978484672774944,VSC,VSC,plateau,plateau,0.2509501927412437,0.2509501927412437,0.0,nan,nan,nan,48898.53019621561,48898.53019621561,nan,nan,nan,nan,nan
3.0,1,238,0.000843470773792987,0.0007911081108384397,VSC,VSC,plateau,plateau,0.2507894366596254,0.2507894366596254,0.0,nan,nan,nan,48898.53019621561,48898.53019621561,nan,nan,nan,nan,nan
3.0,1,252,0.0009561912101145875,0.0008968308628316843,VSC,VSC,plateau,plateau,0.2506891476571799,0.2506891476571799,0.0,nan,nan,nan,47233.85857763914,47233.85857763914,nan,nan,nan,nan,nan
3.0,1,266,0.0010839754721896355,0.0010166822783235104,VSC,VSC,plateau,plateau,0.250415950073298,0.250415950073298,0.0,nan,nan,nan,47991.20659445704,47991.20659445704,nan,nan,nan,nan,nan
3.0,1,280,0.001228836671870237,0.0011525504951886475,VSC,VSC,plateau,plateau,0.250185613692338,0.250185613692338,0.0,nan,nan,nan,47352.8215422468,47352.8215422468,nan,nan,nan,nan,nan
3.0,1,294,0.0013930569508946444,0.0013065759798134955,VSC,VSC,plateau,plateau,0.24993799763739455,0.24993799763739455,0.0,nan,nan,nan,47352.8215422468,47352.8215422468,nan,nan,nan,nan,nan
3.0,1,308,0.001579223433723298,0.0014811852479802185,VSC,VSC,plateau,plateau,0.24963391367414903,0.24963391367414903,0.0,nan,nan,nan,47352.8215422468,47352.8215422468,nan,nan,nan,nan,nan
3.0,1,322,0.0017902689850683995,0.001679129092169012,VSC,VSC,plateau,plateau,0.2493518398943458,0.2493518398943458,0.0,nan,nan,nan,47598.990608185035,47598.990608185035,nan,nan,nan,nan,nan
3.0,1,336,0.0020295184142127276,0.0019035259175129542,VSC,VSC,plateau,plateau,0.24905087777180904,0.24905087777180904,0.0,nan,nan,nan,46919.62512550971,46919.62512550971,nan,nan,nan,nan,nan
3.0,1,350,0.002300740854018324,0.0021579108691179975,VSC,VSC,plateau,plateau,0.24871771673748622,0.24871771673748622,0.0,nan,nan,nan,47304.09675346411,47304.09675346411,nan,nan,nan,nan,nan
3.0,1,364,0.002608209139803419,0.002446291524699407,VSC,VSC,plateau,plateau,0.2483925344206711,0.2483925344206711,0.0,nan,nan,nan,45637.750976144634,45637.750976144634,nan,nan,nan,nan,nan
3.0,1,378,0.0029567671235433135,0.0027732110299172608,VSC,VSC,plateau,plateau,0.2480189193734197,0.2480189193734197,0.0,nan,nan,nan,46686.109518495214,46686.109518495214,nan,nan,nan,nan,nan
3.0,1,392,0.0033519059838602594,0.003143819671042405,VSC,VSC,plateau,plateau,0.2477434991791748,0.2477434991791748,0.0,nan,nan,nan,45522.03461591047,45522.03461591047,nan,nan,nan,nan,nan
3.0,1,406,0.0037998507339918053,0.0035639560125104,SC,SC,plateau_recentred,plateau_recentred,0.24839123303809074,0.24839123303809074,0.0,6029.053212531922,6029.053212531922,0.0,46649.31968306755,46649.31968306755,10.926943063969961,1.1654368352390503,5.547121820471354,16.474064884441315,1.6397401404031953
3.0,1,420,0.004307658290578997,0.0040402388775996586,SC,SC,plateau_recentred,plateau_recentred,0.24835972360520872,0.24835972360520872,0.0,5328.463284035624,5328.463284035624,0.0,45597.766913995874,45597.766913995874,10.87434917330426,1.1647758740158678,5.546068571766302,16.420417745070562,1.5958574300392339
3.0,1,434,0.004883328648255025,0.004580171621301985,SC,SC,plateau_recentred,plateau_recentred,0.24832135927974566,0.24832135927974566,0.0,4505.879722635937,4505.879722635937,0.0,46326.83954962795,46326.83954962795,10.802682050298252,1.1639425610295944,5.544913311905095,16.347595362203347,1.5662661554234887
3.0,1,448,0.005535930911470199,0.005192260338092255,SC,SC,plateau_recentred,plateau_recentred,0.24827707641686703,0.24827707641686703,0.0,3885.149766930577,3885.149766930577,0.0,44841.83616468833,44841.83616468833,10.73927618351945,1.1630818858175702,5.5439473488354025,16.283223532354853,1.5458595756726767
3.0,1,462,0.006275746169065011,0.005886147866848442,SC,SC,plateau_recentred,plateau_recentred,0.2481663447400263,0.2481663447400263,0.0,3219.740791988207,3219.740791988207,0.0,45263.71290597402,45263.71290597402,10.65862437340405,1.1609588291924737,5.543012303915072,16.201636677319122,1.5472340597256986
3.0,1,476,0.007114429462428795,0.006672765704027499,SC,SC,plateau_recentred,plateau_recentred,0.24811083307713303,0.24811083307713303,0.0,2683.384372340742,2683.384372340742,0.0,44507.49113161635,44507.49113161635,10.580422145579696,1.160071270890004,5.542076508064042,16.12249865364374,1.5375413363949144
3.0,1,490,0.008065193398893555,0.007564506218340277,SC,SC,plateau_recentred,plateau_recentred,0.2480402789029803,0.2480402789029803,0.0,2191.326231808949,2191.326231808949,0.0,45226.05020627131,45226.05020627131,10.49432103763088,1.1574671615686296,5.540201767428842,16.034522805059723,1.5422384219866627
3.0,1,504,0.009143016303003959,0.008575417879991347,SC,SC,plateau_recentred,plateau_recentred,0.24795662783729783,0.24795662783729783,0.0,1790.5224948435662,1790.5224948435662,0.0,44925.23208660222,44925.23208660222,10.407839148050668,1.1558923197808955,5.538956400964826,15.946795549015494,1.5383788803802076
3.0,1,518,0.010364878184875526,0.00972142658012226,SC,SC,plateau_recentred,plateau_recentred,0.2479317591395448,0.2479317591395448,0.0,1452.080037491205,1452.080037491205,0.0,44376.16696302391,44376.16696302391,10.31823619604483,1.1549103068440827,5.5375701264119055,15.855806322456736,1.5202741386296146
3.0,1,532,0.011750028243087796,0.011020586527125955,SC,SC,plateau_recentred,plateau_recentred,0.24783696757115733,0.24783696757115733,0.0,1179.363269326723,1179.363269326723,0.0,43679.66235423654,43679.66235423654,10.229075308328927,1.1532164737715476,5.536388056909377,15.765463365238304,1.5151864007667772
3.0,1,546,0.013320288116345003,0.012493364672445311,SC,SC,plateau_recentred,plateau_recentred,0.24774347415546327,0.24774347415546327,0.0,931.6547655389697,931.6547655389697,0.0,44900.59920095283,44900.59920095283,10.127352003417847,1.1521498098862786,5.535718773831688,15.663070777249535,1.5381113626277374
3.0,1,560,0.015100395661331367,0.014162963146700264,SC,SC,plateau_recentred,plateau_recentred,0.24772446406887902,0.24772446406887902,0.0,761.5286124766546,761.5286124766546,0.0,42721.18808838404,42721.18808838404,10.040400592002554,1.15130255119025,5.535101400941047,15.5755019929436,1.510150615208093
3.0,1,574,0.01711839467263121,0.01605568478579653,SC,SC,plateau_recentred,plateau_recentred,0.24761078254004407,0.24761078254004407,0.0,599.4741614516694,599.4741614516694,0.0,44239.379265738884,44239.379265738884,9.937048342924884,1.149841120043507,5.534537893411342,15.471586236336226,1.5260993802516787
3.0,1,588,0.019406076684359785,0.018201347505512593,SC,SC,plateau_recentred,plateau_recentred,0.2475789215863136,0.2475789215863136,0.0,478.7574353417925,478.7574353417925,0.0,44118.51262411212,44118.51262411212,9.840265297831433,1.149563692399897,5.5336660014757175,15.37393129930715,1.5263146049519964
3.0,1,602,0.02199948181363931,0.020633754052614348,SC,SC,plateau_recentred,plateau_recentred,0.24745761102451147,0.24745761102451147,0.0,379.94421378540846,379.94421378540846,0.0,42339.585169153564,42339.585169153564,9.740855549074295,1.1475883407705223,5.532680053369305,15.2735356024436,1.5173520708127362
3.0,1,616,0.02493946653620638,0.023391224532954596,SC,SC,plateau_recentred,plateau_recentred,0.24743332193857373,0.24743332193857373,0.0,300.6674717009586,300.6674717009586,0.0,43121.15696295345,43121.15696295345,9.640818013242418,1.1475933738143165,5.531084199868907,15.171902213111325,1.5217652327224045
3.0,1,630,0.028272347338879067,0.02651720010599705,SC,SC,plateau_recentred,plateau_recentred,0.24732946590447044,0.24732946590447044,0.0,239.29666963688027,239.29666963688027,0.0,43436.47018508834,43436.47018508834,9.54315440620161,1.1464254755923629,5.529598015716207,15.072752421917818,1.52952127292858
3.0,1,644,0.03205063038897715,0.030060927356361258,SC,SC,plateau_recentred,plateau_recentred,0.24728478476590804,0.24728478476590804,0.0,188.83686818651748,188.83686818651748,0.0,42006.41005246813,42006.41005246813,9.44268889279874,1.1458042598328047,5.52721366382011,14.96990255661885,1.520060377314459
3.0,1,658,0.036333838715903344,0.03407823412397392,SC,SC,plateau_recentred,plateau_recentred,0.24716601493994478,0.24716601493994478,0.0,148.76026568811307,148.76026568811307,0.0,42558.69937963736,42558.69937963736,9.341670411947602,1.1448009718157361,5.524632300864772,14.866302712812374,1.5277222834266124
3.0,1,672,0.04118944993628881,0.038632409015240336,SC,SC,plateau_recentred,plateau_recentred,0.24713921959885277,0.24713921959885277,0.0,117.19565164344058,117.19565164344058,0.0,43254.319734511584,43254.319734511584,9.241386059140641,1.1449361294119635,5.521341206508788,14.76272726564943,1.5332396638164665
3.0,1,686,0.04669395929562081,0.043795198451051204,SC,SC,plateau_recentred,plateau_recentred,0.24701839533752082,0.24701839533752082,0.0,93.2884836447742,93.2884836447742,0.0,42746.23397298127,42746.23397298127,9.14568598529792,1.1436799891086809,5.517957816075063,14.663643801372983,1.5347010286903255
3.0,1,700,0.05293408477349404,0.04964793695910376,SC,SC,plateau_recentred,plateau_recentred,0.24698938456917208,0.24698938456917208,0.0,73.78701554319647,73.78701554319647,0.0,41804.61018621922,41804.61018621922,9.04814228576817,1.143517029895658,5.513653426530183,14.561795712298354,1.526996523398453
3.0,1,714,0.060008133237702044,0.05628282851715159,SC,SC,plateau_recentred,plateau_recentred,0.24689647477289334,0.24689647477289334,0.0,58.39690354737135,58.39690354737135,0.0,42936.487668215865,42936.487668215865,8.952235919549269,1.1423843142876542,5.507969667498024,14.460205587047293,1.537009708644185
3.0,1,728,0.06802754916954634,0.06380439913345144,SC,SC,plateau_recentred,plateau_recentred,0.24685916722762274,0.24685916722762274,0.0,46.41393114491591,46.41393114491591,0.0,42189.596670589584,42189.596670589584,8.8585497312215,1.142381212764828,5.501914389889588,14.360464121111088,1.5353600553947668
3.0,1,742,0.07711867035896258,0.07233114354834155,SC,SC,plateau_recentred,plateau_recentred,0.246732942446704,0.246732942446704,0.0,37.305308120832215,37.305308120832215,0.0,41542.86762365492,41542.86762365492,8.770040493799774,1.1410663041355533,5.495545905036604,14.265586398836378,1.5293893991317062
3.0,1,756,0.08742471822866626,0.08199739199907073,SC,SC,plateau_recentred,plateau_recentred,0.24659790677918295,0.24659790677918295,0.0,29.772378554004742,29.772378554004742,0.0,40992.06620343599,40992.06620343599,8.679412719512124,1.1397681319918644,5.4882165803392144,14.167629299851338,1.5265157645101546
3.0,1,770,0.09910805414286328,0.09295542645687134,SC,SC,plateau_recentred,plateau_recentred,0.246609323923503,0.246609323923503,0.0,23.83177661960913,23.83177661960913,0.0,41147.50731241439,41147.50731241439,8.59217966391371,1.1396954643892085,5.478792523044502,14.070972186958212,1.522751459251578
3.0,1,784,0.11235273724638661,0.10537787967545051,SC,SC,plateau_recentred,plateau_recentred,0.24647977518078135,0.24647977518078135,0.0,19.208123421896442,19.208123421896442,0.0,40500.785310518426,40500.785310518426,8.508021528058153,1.1385346201821371,5.4692791770293745,13.977300705087528,1.5197144662463635
3.0,1,798,0.127367424130429,0.11946045484548332,SC,SC,plateau_recentred,plateau_recentred,0.24634804238634608,0.24634804238634608,0.0,15.509194225662137,15.509194225662137,0.0,40308.04736370985,40308.04736370985,8.425840439470152,1.1374450068839395,5.458564562791679,13.88440500226183,1.5177531929861252
3.0,1,812,0.14438865600617423,0.13542500870051552,SC,SC,plateau_recentred,plateau_recentred,0.2463704622466623,0.2463704622466623,0.0,12.501618996745727,12.501618996745727,0.0,40200.57969657172,40200.57969657172,8.345414810372576,1.1373961058232074,5.445367216169453,13.79078202654203,1.509758900847399
3.0,1,826,0.1636845851724229,0.15352304664549105,SC,SC,plateau_recentred,plateau_recentred,0.24622847000139614,0.24622847000139614,0.0,10.132276788348697,10.132276788348697,0.0,40177.703619309905,40177.703619309905,8.267746137423117,1.1360827313225066,5.431776675159851,13.699522812582968,1.5040630031516078
3.0,1,840,0.18555919948394317,0.17403968497012076,SC,SC,plateau_recentred,plateau_recentred,0.24615419474580508,0.24615419474580508,0.0,8.300795025050693,8.300795025050693,0.0,38201.620747889356,38201.620747889356,8.196933716404313,1.1343353622636003,5.416001740844401,13.612935457248714,1.4871552920431663
3.0,1,854,0.2103571113727749,0.19729814256775954,SC,SC,plateau_recentred,plateau_recentred,0.24602496781163088,0.24602496781163088,0.0,6.796836759550808,6.796836759550808,0.0,38320.48552829237,38320.48552829237,8.126746853152312,1.1331980041623295,5.399375753860339,13.52612260701265,1.4807500677808731
3.0,1,868,0.23846898686867357,0.22366483292227807,SC,SC,plateau_recentred,plateau_recentred,0.24594169997486717,0.24594169997486717,0.0,5.5647939580408945,5.5647939580408945,0.0,38520.54800439832,38520.54800439832,8.05908012929126,1.1318805529787859,5.3801847269657745,13.439264856257035,1.4720910419559097
3.0,1,882,0.27033770014742475,0.2535551365820376,SC,SC,plateau_recentred,plateau_recentred,0.2458084793286353,0.2458084793286353,0.0,4.624853235494183,4.624853235494183,0.0,37396.06775838998,37396.06775838998,7.999483779984427,1.1296081534227291,5.359429942931456,13.358913722915883,1.4548894304625035
3.0,1,896,0.30646531056571247,0.287439945060456,SC,SC,plateau_recentred,plateau_recentred,0.24574319691079796,0.24574319691079796,0.0,3.866519717234441,3.866519717234441,0.0,37736.34476743343,37736.34476743343,7.944034754032298,1.1288679510198267,5.33710124263097,13.281135996663268,1.4418819370368219
3.0,1,910,0.3474209720986756,0.3258530792557056,SC,SC,plateau_recentred,plateau_recentred,0.24567621486671784,0.24567621486671784,0.0,3.240321947874518,3.240321947874518,0.0,36527.5141660291,36527.5141660291,7.892403670774823,1.1268950381160499,5.312000259134227,13.20440392990905,1.4194610555952578
3.0,1,924,0.3938498997853399,0.36939969925924143,SC,SC,plateau_recentred,plateau_recentred,0.24560907384467803,0.24560907384467803,0.0,2.7248868846587957,2.7248868846587957,0.0,36950.32736263276,36950.32736263276,7.844501528599195,1.125313754642564,5.284662717449273,13.129164246048468,1.4054225994538592
3.0,1,938,0.44648353443920774,0.41876583804118983,SC,SC,plateau_recentred,plateau_recentred,0.2455963795644022,0.2455963795644022,0.0,2.3260690086698217,2.3260690086698217,0.0,37456.63012826882,37456.63012826882,7.804886843486962,1.124249141828604,5.255551518999557,13.060438362486519,1.3926264362558842
3.0,1,952,0.5016364722968638,0.47049488169204756,SC,SC,plateau_recentred,plateau_recentred,0.24550630557325281,0.24550630557325281,0.0,2.0377970205137412,2.0377970205137412,0.0,35990.39211336916,35990.39211336916,7.776062424759176,1.1216504695939893,5.226914265627168,13.002976690386344,1.3712723946437961
3.0,1,966,0.5437616319255452,0.5100049115449525,SC,SC,plateau_recentred,plateau_recentred,0.24547301440827635,0.24547301440827635,0.0,1.8654247397869415,1.8654247397869415,0.0,34867.99418617533,34867.99418617533,7.758892946203901,1.1199694651269718,5.205700553464701,12.964593499668602,1.3543192276363865
3.0,1,980,0.5841669263524998,0.5479018454223843,SC,SC,plateau_recentred,plateau_recentred,0.24542303270060412,0.24542303270060412,0.0,1.7388645654217236,1.7388645654217236,0.0,34867.99418617533,34867.99418617533,7.747241276429255,1.1188936630462272,5.186840248555962,12.934081524985217,1.3438616172717588
3.0,1,994,0.6278195488721807,0.5888445132748735,SC,SC,plateau_recentred,plateau_recentred,0.24535566083296415,0.24535566083296415,0.0,1.6218474515820316,1.6218474515820316,0.0,35488.35232811952,35488.35232811952,7.737355809885453,1.1175534635410658,5.166469960323568,12.903825770209021,1.3367905585619628
3.0,1,1008,0.674207802630171,0.632352984387098,SC,SC,plateau_recentred,plateau_recentred,0.24535401136150992,0.24535401136150992,0.0,1.4996314096655001,1.4996314096655001,0.0,35488.35232811952,35488.35232811952,7.724614243371571,1.1163275016287508,5.145186052206155,12.869800295577726,1.3230247298957387
3.0,1,1022,0.724306160386226,0.6793412362529868,SC,SC,plateau_recentred,plateau_recentred,0.24529093863732887,0.24529093863732887,0.0,1.4058487956174586,1.4058487956174586,0.0,34393.6496243636,34393.6496243636,7.717889081060655,1.114460081501953,5.123865299580467,12.841754380641122,1.3049125577459812
3.0,1,1036,0.771186703589626,0.7233114354834157,SC,SC,plateau_recentred,plateau_recentred,0.24525917348570306,0.24525917348570306,0.0,1.3316533099396206,1.3316533099396206,0.0,35276.99510942811,35276.99510942811,7.7142444203974945,1.1132722869268645,5.103962519969506,12.818206940367,1.2972391753865162
3.0,1,1050,0.8233082706766917,0.7721972958514804,SC,SC,plateau_recentred,plateau_recentred,0.24529779199102236,0.24529779199102236,0.0,1.254148957003425,1.254148957003425,0.0,35091.45804383611,35091.45804383611,7.709591643556829,1.112382902567069,5.082573245224795,12.792164888781624,1.2834528803303773
3.0,1,1064,0.8759398496240602,0.8215615065451826,SC,SC,plateau_recentred,plateau_recentred,0.24528700880244003,0.24528700880244003,0.0,1.1975532140620309,1.1975532140620309,0.0,35091.45804383611,35091.45804383611,7.710137103567466,1.1111542204101283,5.061973484576032,12.772110588143498,1.2719549364910618
3.0,1,1078,0.9308326223135523,0.8730465360806885,SC,SC,plateau_recentred,plateau_recentred,0.24527072144879414,0.24527072144879414,0.0,1.140175287275603,1.140175287275603,0.0,34020.90638538945,34020.90638538945,7.70929880648276,1.1095762536413665,5.04148858464162,12.75078739112438,1.2537994198513034
3.0,1,1092,0.9887218045112782,0.9273419580316866,SC,SC,plateau_recentred,plateau_recentred,0.24520977628163396,0.24520977628163396,0.0,1.0988658096181685,1.0988658096181685,0.0,34020.90638538945,34020.90638538945,7.71404346689916,1.1077851372577685,5.020716961417786,12.734760428316946,1.2428509770513623
3.0,1,1106,1.045815930351596,0.980891680721416,SC,SC,plateau_recentred,plateau_recentred,0.24522708717114275,0.24522708717114275,0.0,1.0564920630272698,1.0564920630272698,0.0,34931.34610954733,34931.34610954733,7.717152062483885,1.1071901991261488,5.000529943716272,12.717682006200157,1.236450999352931
3.0,1,1120,1.1035742449353014,1.035064359319456,SC,SC,plateau_recentred,plateau_recentred,0.2451914645891222,0.2451914645891222,0.0,1.0194426949379176,1.0194426949379176,0.0,34931.34610954733,34931.34610954733,7.720625092390772,1.1065188730240396,4.981553493252628,12.7021785856434,1.2315430387379
3.0,1,1134,1.1645224352961225,1.092228886216513,SC,SC,plateau_recentred,plateau_recentred,0.24516534941848683,0.24516534941848683,0.0,0.8849913182113062,0.8849913182113062,0.0,31586.669978073583,31586.669978073583,7.679900958083895,1.1083016363650575,4.9608538196624,12.640754777746295,1.278138235194234
3.0,1,1148,1.2288366718702428,1.152550495188653,SC,SC,plateau_recentred,plateau_recentred,0.24510088969768457,0.24510088969768457,0.0,0.7593739160878901,0.7593739160878901,0.0,30628.401342629786,30628.401342629786,7.63402698967928,1.1076073171317617,4.940244453166193,12.574271442845474,1.3077380788046553
3.0,1,1162,1.2894736842105265,1.2094231619956979,SC,SC,plateau_recentred,plateau_recentred,0.24509917494193817,0.24509917494193817,0.0,0.6674711943959122,0.6674711943959122,0.0,30164.174700674143,30164.174700674143,7.596367676346417,1.1063619331179908,4.921880619008767,12.518248295355184,1.3099138456382111
3.0,1,1176,1.3561125023080152,1.2719250424776285,SC,SC,plateau_recentred,plateau_recentred,0.24501361382421988,0.24501361382421988,0.0,0.604120725227747,0.604120725227747,0.0,29259.302823978225,29259.302823978225,7.572342575005898,1.1033089478156075,4.902596927542243,12.47493950254814,1.3022273403158326
3.0,1,1190,1.4182440582626876,1.330199471636234,SC,SC,plateau_recentred,plateau_recentred,0.24489477428224934,0.24489477428224934,0.0,0.5594377202663745,0.5594377202663745,0.0,29748.613223448017,29748.613223448017,7.555721563818797,1.100605606467202,4.885845949115786,12.441567512934583,1.2989751311984528
3.0,1,1204,1.4849624060150375,1.392775944572305,SC,SC,plateau_recentred,plateau_recentred,0.2450327820441291,0.2450327820441291,0.0,0.525819855433795,0.525819855433795,0.0,28866.31134601311,28866.31134601311,7.545240512214821,1.1001611480357463,4.869412236686134,12.414652748900956,1.2838732109067261
3.0,1,1218,1.5526315789473681,1.4562442154642072,SC,SC,plateau_recentred,plateau_recentred,0.24485399414273976,0.24485399414273976,0.0,0.5080986002844241,0.5080986002844241,0.0,27222.886738611618,27222.886738611618,7.544976063664275,1.0968210249268948,4.854787702316634,12.399763765980909,1.2744012013246193
3.0,1,1232,1.6222460729620618,1.5215370419118663,SC,SC,plateau_recentred,plateau_recentred,0.2449090679534275,0.2449090679534275,0.0,0.48727765020313984,0.48727765020313984,0.0,26919.025017359952,26919.025017359952,7.541325230966687,1.0963619821444146,4.840267028703516,12.381592259670203,1.2686250394724514
3.0,1,1246,1.6954887218045114,1.590232787347113,SC,SC,plateau_recentred,plateau_recentred,0.24495687913943223,0.24495687913943223,0.0,0.47604854822932835,0.47604854822932835,0.0,25386.463839366064,25386.463839366064,7.54466868517512,1.0960211661383725,4.826798327351684,12.371467012526804,1.2617750919039723
3.0,1,1260,1.7631578947368425,1.6537010582390157,SC,SC,plateau_recentred,plateau_recentred,0.24487706612011834,0.24487706612011834,0.0,0.46534806389123734,0.46534806389123734,0.0,25870.379191283202,25870.379191283202,7.545963525101088,1.0958569700212248,4.815630153711242,12.36159367881233,1.2680573205652603
3.0,1,1274,1.8383458646616542,1.7242213592300182,SC,SC,plateau_recentred,plateau_recentred,0.2448623644105684,0.2448623644105684,0.0,0.4555947496746089,0.4555947496746089,0.0,25103.100261036045,25103.100261036045,7.549039696363401,1.0956776893177222,4.803354781681952,12.352394478045353,1.2659038269770357
3.0,1,1288,1.9061437174542544,1.7878103215368737,SC,SC,plateau_recentred,plateau_recentred,0.24493514322525983,0.24493514322525983,0.0,0.4447948228896869,0.4447948228896869,0.0,23673.923800055643,23673.923800055643,7.550031426988149,1.0956779607094018,4.79194406418996,12.34197549117811,1.2592046163248996
3.0,1,1302,1.981203007518797,1.8582099311129234,SC,SC,plateau_recentred,plateau_recentred,0.24492632141151593,0.24492632141151593,0.0,0.4346805381559343,0.4346805381559343,0.0,23409.67558480432,23409.67558480432,7.551753330260618,1.095721605321522,4.780232633274385,12.331985963535002,1.260299625095095
3.0,1,1316,2.056390977443609,1.9287302321039261,SC,SC,plateau_recentred,plateau_recentred,0.24484438340310005,0.24484438340310005,0.0,0.4259619034494246,0.4259619034494246,0.0,23409.67558480432,23409.67558480432,7.55400804550113,1.0953697933927569,4.769178481019173,12.323186526520303,1.2634171773894391
3.0,1,1330,2.1315789473684212,1.999250533094929,SC,SC,plateau_recentred,plateau_recentred,0.24491559904635768,0.24491559904635768,0.0,0.41554687764792037,0.41554687764792037,0.0,22076.909633304705,22076.909633304705,7.5549269499193,1.0953673140793128,4.757508840988945,12.312435790908244,1.2568752701117596
3.0,1,1344,2.206766917293233,2.0697708340859315,SC,SC,plateau_recentred,plateau_recentred,0.24491200399860585,0.24491200399860585,0.0,0.4066264658660005,0.4066264658660005,0.0,21830.487281938906,21830.487281938906,7.5562956803558,1.0955419407120892,4.746715729012757,12.303011409368557,1.257744691322335
3.0,1,1358,2.281954887218045,2.1402911350769345,SC,SC,plateau_recentred,plateau_recentred,0.24483603159288972,0.24483603159288972,0.0,0.40028337944110387,0.40028337944110387,0.0,20587.628103962998,20587.628103962998,7.560245525464493,1.0941914657299858,4.735937799715881,12.296183325180374,1.2536702674376077
3.0,1,1372,2.3634197261974306,2.2166986371115653,SC,SC,plateau_recentred,plateau_recentred,0.24490695365450474,0.24490695365450474,0.0,0.39021973348076644,0.39021973348076644,0.0,20587.628103962998,20587.628103962998,7.560364257636733,1.095250340411394,4.724760737793824,12.285124995430557,1.2545771010211628
3.0,1,1386,2.4398496240601504,2.2883837671580403,SC,SC,plateau_recentred,plateau_recentred,0.24490715272396923,0.24490715272396923,0.0,0.38107664797149604,0.38107664797149604,0.0,20357.829105339948,20357.829105339948,7.560256789064945,1.0954245485898058,4.714571314822053,12.274828103886998,1.2550792891903215
3.0,1,1400,2.561889013687202,2.402846951865171,SC,SC,plateau_recentred,plateau_recentred,0.24494343490719847,0.24494343490719847,0.0,0.3701856149728737,0.3701856149728737,0.0,19198.8116990647,19198.8116990647,7.5638943276590265,1.0952787611240276,4.698340978323028,12.262235305982054,1.2501274836866805
3.0,1,1414,2.904256830572931,2.723960575767479,SC,SC,plateau_recentred,plateau_recentred,0.244942921895737,0.244942921895737,0.0,0.3392158119578265,0.3392158119578265,0.0,18244.962168996626,18244.962168996626,7.567651412449371,1.0958299643902796,4.656640442960714,12.224291855410085,1.2529953695523328
3.0,1,1428,3.2923782774609203,3.087987444467019,SC,SC,plateau_recentred,plateau_recentred,0.2448588857982815,0.2448588857982815,0.0,0.3115862643869687,0.3115862643869687,0.0,16509.562626633182,16509.562626633182,7.573820716278636,1.094734320680766,4.6135733556700576,12.187394071948694,1.2510028836324838
3.0,1,1442,3.732367815334758,3.500662433228964,SC,SC,plateau_recentred,plateau_recentred,0.2449900026513626,0.2449900026513626,0.0,0.28272056334336526,0.28272056334336526,0.0,14519.327031462157,14519.327031462157,7.575798221807066,1.09557784795235,4.569374943191173,12.145173164998239,1.2412876155268868
3.0,1,1456,4.231157034510027,3.9684868192641503,SC,SC,plateau_recentred,plateau_recentred,0.2448893322950986,0.2448893322950986,0.0,0.2583666867156962,0.2583666867156962,0.0,13014.695458795162,13014.695458795162,7.581738821758066,1.094396382053518,4.524313461580228,12.106052283338293,1.2399032245574049
3.0,1,1470,4.796603854831481,4.49883070277836,SC,SC,plateau_recentred,plateau_recentred,0.24500448586862844,0.24500448586862844,0.0,0.23391612638546833,0.23391612638546833,0.0,11774.720068733464,11774.720068733464,7.58458980783814,1.0956258961448773,4.478286123118511,12.06287593095665,1.2354454869179405
3.0,1,1484,5.437616319255451,5.100049115449525,SC,SC,plateau_recentred,plateau_recentred,0.2448897048243829,0.2448897048243829,0.0,0.21169570648634956,0.21169570648634956,0.0,10554.510927060324,10554.510927060324,7.587995434625847,1.0944393090623874,4.431532382792773,12.01952781741862,1.2351999535362634
3.0,1,1498,6.164292931060073,5.781613645504393,SC,SC,plateau_recentred,plateau_recentred,0.24499134536570258,0.24499134536570258,0.0,0.19045524012889528,0.19045524012889528,0.0,9842.516429823505,9842.516429823505,7.589635773047469,1.0961699847363457,4.383972920631383,11.973608693678852,1.2365121345308827
3.0,1,1512,6.988081745554302,6.554261653014747,SC,SC,plateau_recentred,plateau_recentred,0.24486480872156297,0.24486480872156297,0.0,0.17193092286494854,0.17193092286494854,0.0,8559.378224571106,8559.378224571106,7.593362396362278,1.094529466677703,4.335807365430141,11.92916976179242,1.2325597264121613
3.0,1,1526,7.921960722614703,7.430165426149287,SC,SC,plateau_recentred,plateau_recentred,0.2449552069221417,0.2449552069221417,0.0,0.154427387105565,0.154427387105565,0.0,7672.3735658027645,7672.3735658027645,7.5955543362374955,1.095730462683803,4.28698575452361,11.882540090761106,1.2288525659721137
3.0,1,1540,8.980642181321814,8.423123943266825,SC,SC,plateau_recentred,plateau_recentred,0.24489252368032907,0.24489252368032907,0.0,0.13819083459598996,0.13819083459598996,0.0,6941.388009123741,6941.388009123741,7.596930686395801,1.0953145711106476,4.237364320808181,11.834295007203982,1.2310558922700878
3.0,1,1554,10.180804577672388,9.548780261868876,SC,SC,plateau_recentred,plateau_recentred,0.2449001748663142,0.2449001748663142,0.0,0.1240741197087188,0.1240741197087188,0.0,6222.054975710559,6222.054975710559,7.600302831684366,1.09548782685088,4.1871941383958236,11.78749697008019,1.2301587516259944
3.0,1,1568,11.541355256790725,10.824867959154556,SC,SC,plateau_recentred,plateau_recentred,0.2449773997992666,0.2449773997992666,0.0,0.1106947246642457,0.1106947246642457,0.0,5309.692000127289,5309.692000127289,7.601040862528702,1.09610880197583,4.136901829306886,11.737942691835588,1.2209983524931318
3.0,1,1582,13.083728319034785,12.271490506599772,SC,SC,plateau_recentred,plateau_recentred,0.244903177122102,0.244903177122102,0.0,0.09918803526760227,0.09918803526760227,0.0,4895.380956358827,4895.380956358827,7.604335284783267,1.0959763801780047,4.085939770457544,11.69027505524081,1.2265590022679467
3.0,1,1596,14.83222229257616,13.911437979824498,SC,SC,plateau_recentred,plateau_recentred,0.2449002562143353,0.2449002562143353,0.0,0.08814082011409971,0.08814082011409971,0.0,4388.074747799062,4388.074747799062,7.604425768399458,1.0961957843094585,4.034567086193024,11.638992854592482,1.226559075605214
3.0,1,1610,16.814382932144426,15.770546093192305,SC,SC,plateau_recentred,plateau_recentred,0.24496789512788922,0.24496789512788922,0.0,0.07828755887264002,0.07828755887264002,0.0,3816.0151127911295,3816.0151127911295,7.6049279935812155,1.0965780310919924,3.9825805251880677,11.587508518769283,1.2218174510938549
3.0,1,1624,19.061437174542544,17.878103215368736,SC,SC,plateau_recentred,plateau_recentred,0.24503302793522544,0.24503302793522544,0.0,0.06964497388170056,0.06964497388170056,0.0,3452.444190755711,3452.444190755711,7.605750705977669,1.0982460131246694,3.9309548413429924,11.536705547320661,1.2222102603512917
3.0,1,1638,21.608785087464042,20.267311777957495,SC,SC,plateau_recentred,plateau_recentred,0.24487485069523088,0.24487485069523088,0.0,0.06203596870508213,0.06203596870508213,0.0,3094.668894350747,3094.668894350747,7.607384899328611,1.0971301312175417,3.879074436358769,11.48645933568738,1.2251291285041612
3.0,1,1652,24.496557561768185,22.975811346240924,SC,SC,plateau_recentred,plateau_recentred,0.2449356348425205,0.2449356348425205,0.0,0.05495853827974655,0.05495853827974655,0.0,2691.2265512000026,2691.2265512000026,7.607523619479604,1.0975916771692023,3.8263273213580504,11.433850940837655,1.2212228949190407
3.0,1,1666,27.77024853309071,26.04627159247519,SC,SC,plateau_recentred,plateau_recentred,0.24499462258753796,0.24499462258753796,0.0,0.04878956077310342,0.04878956077310342,0.0,2434.8198835884696,2434.8198835884696,7.608083738102372,1.0994066366410038,3.774058937769577,11.382142675871949,1.221922120289855
3.0,1,1680,31.4814316928032,29.52706451343554,SC,SC,plateau_recentred,plateau_recentred,0.2449042220002153,0.2449042220002153,0.0,0.043389605931876324,0.043389605931876324,0.0,2058.9665313579485,2058.9665313579485,7.609914230898611,1.0980598222964713,3.721287242416918,11.331201473315529,1.216573766354747
3.0,1,1694,35.6885729793766,33.473026482318595,SC,SC,plateau_recentred,plateau_recentred,0.24488725172043077,0.24488725172043077,0.0,0.03835693146935438,0.03835693146935438,0.0,1897.9747552903116,1897.9747552903116,7.609354860318936,1.0988848797682536,3.668304763749223,11.277659624068159,1.2217590219235435
3.0,1,1708,40.45795165012969,37.946322140359555,SC,SC,plateau_recentred,plateau_recentred,0.2449419236563391,0.2449419236563391,0.0,0.03407045445397436,0.03407045445397436,0.0,1650.5416990712386,1650.5416990712386,7.611301120333982,1.0994306454581653,3.614892573644136,11.226193693978118,1.2183821155283276
3.0,1,1722,45.86470444391582,43.017423737902746,SC,SC,plateau_recentred,plateau_recentred,0.24499548476968194,0.24499548476968194,0.0,0.030040121593043808,0.030040121593043808,0.0,1493.2863031537113,1493.2863031537113,7.609439091044585,1.1015014950203144,3.562078362647876,11.171517453692461,1.219557141261487
3.0,1,1736,51.99400928447668,48.766221353454846,SC,SC,plateau_recentred,plateau_recentred,0.2449001956599454,0.2449001956599454,0.0,0.026668267010117798,0.026668267010117798,0.0,1262.7737027501573,1262.7737027501573,7.611018158357388,1.1002201693936213,3.5087924038633824,11.11981056222077,1.214610953855754
3.0,1,1750,58.94242717251094,55.28328148109824,SC,SC,plateau_recentred,plateau_recentred,0.2448792068617573,0.2448792068617573,0.0,0.023538044879525977,0.023538044879525977,0.0,1164.0367014045457,1164.0367014045457,7.610228606000024,1.1011958385640075,3.4553575480428202,11.065586154042844,1.220169653868445
3.0,1,1764,66.81942340661188,62.6712738140377,SC,SC,plateau_recentred,plateau_recentred,0.24493008880876022,0.24493008880876022,0.0,0.02087869805940232,0.02087869805940232,0.0,1012.2848628846344,1012.2848628846344,7.611968553422506,1.101857819104571,3.4015506277606287,11.013519181183135,1.2171166228086692
3.0,1,1778,75.7490920983714,71.04658870181215,SC,SC,plateau_recentred,plateau_recentred,0.2449802850829158,0.2449802850829158,0.0,0.01844645824458109,0.01844645824458109,0.0,863.8497826346626,863.8497826346626,7.612055050083639,1.1022261205818873,3.34767371050883,10.95972876059247,1.211468711838644
3.0,1,1792,85.87211114964163,80.54117076257413,SC,SC,plateau_recentred,plateau_recentred,0.24502990731056856,0.24502990731056856,0.0,0.016248262827627664,0.016248262827627664,0.0,774.4649561183804,774.4649561183804,7.6101146422536186,1.104527491930766,3.2945080607014585,10.904622702955077,1.2116959386826323
3.0,1,1806,97.34795849064635,91.30459753714634,SC,SC,plateau_recentred,plateau_recentred,0.24485853047622114,0.24485853047622114,0.0,0.014424204106750318,0.014424204106750318,0.0,673.5003724257862,673.5003724257862,7.611742753427571,1.1032933215554086,3.2411648731936538,10.852907626621224,1.2119001622886705
3.0,1,1820,110.35742449353015,103.5064359319456,SC,SC,plateau_recentred,plateau_recentred,0.24490708543541578,0.24490708543541578,0.0,0.012741567182747677,0.012741567182747677,0.0,620.8389913456704,620.8389913456704,7.611900308729586,1.1050570158260726,3.187138307221449,10.799038615951035,1.2168597781212551
3.0,1,1834,125.1054601418827,117.33891357415216,SC,SC,plateau_recentred,plateau_recentred,0.24495521566051684,0.24495521566051684,0.0,0.011235982287320917,0.011235982287320917,0.0,539.9021461002642,539.9021461002642,7.6113519664075,1.1059149551077914,3.133074846958217,10.744426813365717,1.214065053964768
3.0,1,1848,141.82440582626876,133.0199471636234,SC,SC,plateau_recentred,plateau_recentred,0.2450029923779499,0.2450029923779499,0.0,0.00988564719755011,0.00988564719755011,0.0,488.46295750569647,488.46295750569647,7.609012035388578,1.1088008364278072,3.079808839226863,10.688820874615441,1.215793983440325
3.0,1,1862,160.7776516321715,150.7965755301734,SC,SC,plateau_recentred,plateau_recentred,0.2449026715004981,0.2449026715004981,0.0,0.008759444256567857,0.008759444256567857,0.0,413.0608954244671,413.0608954244671,7.610246753275352,1.4264875134281834,3.0260455673971576,10.63629232067251,1.4133145774916613
3.0,1,1876,182.2637867844891,170.9488514805683,SC,SC,plateau_recentred,plateau_recentred,0.2448772429080279,0.2448772429080279,0.0,0.0077184090541476775,0.0077184090541476775,0.0,380.76342668677916,380.76342668677916,7.609136994130957,2.0840327246906916,2.9722065645784763,10.581343558709433,1.7202570303525775
3.0,1,1890,206.62130361888174,193.79425374734694,SC,SC,plateau_recentred,plateau_recentred,0.24492411415392212,0.24492411415392212,0.0,0.0068363244411192995,0.0068363244411192995,0.0,331.1244849153206,331.1244849153206,7.610576043687917,3.352974470652888,2.918062389245586,10.528638432933503,2.063665593015131
3.0,1,1904,234.23393018628633,219.69268854526453,SC,SC,plateau_recentred,plateau_recentred,0.2449707632293018,0.2449707632293018,0.0,0.006025899691621309,0.006025899691621309,0.0,287.95681734588123,287.95681734588123,7.609929121527547,6.699603148202031,2.8639085439819025,10.47383766550945,2.4564045967625026
3.0,1,1918,265.536675500387,249.05215952981908,SC,SC,plateau_recentred,plateau_recentred,0.245017241170452,0.245017241170452,0.0,0.0053070995808445764,0.0053070995808445764,0.0,253.33215884399866,253.33215884399866,7.608022460486449,9.999999999999998,2.810650543660561,10.41867300414701,2.9027837941700962
3.0,1,1932,301.0226826648105,282.3351954823326,SC,SC,plateau_recentred,plateau_recentred,0.24491610215882126,0.24491610215882126,0.0,0.004692773420049757,0.004692773420049757,0.0,220.3060344834793,220.3060344834793,7.60839881681676,9.999999999999998,2.7568465364433363,10.365245353260097,3.415984168855921
3.0,1,1946,341.25099784412686,320.0661369832566,SC,SC,plateau_recentred,plateau_recentred,0.24488933683640485,0.24488933683640485,0.0,0.004153672447148467,0.004153672447148467,0.0,203.08017907021807,203.08017907021807,7.609256506551872,9.999999999999998,2.702991506604815,10.312248013156687,4.050748519851964
3.0,1,1960,386.85537747094673,362.83939686788085,SC,SC,plateau_recentred,plateau_recentred,0.24493530441221129,0.24493530441221129,0.0,0.003659958525659206,0.003659958525659206,0.0,176.60524876632527,176.60524876632527,7.608440173868623,9.999999999999998,2.6488517576334454,10.257291931502069,4.721671755912898
3.0,1,1974,438.5542724377551,411.32882459956966,SC,SC,plateau_recentred,plateau_recentred,0.24498116005149329,0.24498116005149329,0.0,0.0032283995931632592,0.0032283995931632592,0.0,150.70896676671674,150.70896676671674,7.608079900705874,9.99999999999988,2.5947231506702373,10.202803051376112,5.459361137440367
3.0,1,1988,497.16214656432567,466.2983220867555,SC,SC,plateau_recentred,plateau_recentred,0.24502694421513024,0.24502694421513024,0.0,0.00283965360637344,0.00283965360637344,0.0,135.11471054336545,135.11471054336545,7.605484673136554,9.999999999999957,2.5415964604294485,10.147081133566003,6.371031878843596
3.0,1,2002,563.6023076517386,528.6138781851639,SC,SC,plateau_recentred,plateau_recentred,0.24492541836412984,0.24492541836412984,0.0,0.0025149271456603554,0.0025149271456603554,0.0,117.5002266432437,117.5002266432437,7.606481342443914,9.999999998445977,2.4878598336225544,10.094341176066468,7.426390166914506
3.0,1,2016,638.9214532632683,599.2572114766701,SC,SC,plateau_recentred,plateau_recentred,0.24489787931591636,0.24489787931591636,0.0,0.00222155734805234,0.00222155734805234,0.0,108.31281641216479,108.31281641216479,7.6063785031596565,9.999999999999998,2.43409479305856,10.040473296218217,8.88472239908365
3.0,1,2030,724.3061603862267,679.3412362529874,SC,SC,plateau_recentred,plateau_recentred,0.2449433635320911,0.2449433635320911,0.0,0.0019571395208615714,0.0019571395208615714,0.0,94.19241195585943,94.19241195585943,7.605371544261522,9.999999999999998,2.38006601001969,9.985437554281212,9.999945674552139
3.0,1,2044,821.1015787526972,770.1275953551095,SC,SC,plateau_recentred,plateau_recentred,0.24498879596598522,0.24498879596598522,0.0,0.0017260868656819909,0.0017260868656819909,0.0,80.38062958092148,80.38062958092148,7.604807328244682,9.999999999999998,2.32607108711313,9.930878415357812,9.999999999951815
3.0,1,2058,930.8326223135522,873.0465360806883,SC,SC,plateau_recentred,plateau_recentred,0.24488601401203514,0.24488601401203514,0.0,0.0015233115753180949,0.0015233115753180949,0.0,72.0634328011214,72.0634328011214,7.6030557930196165,9.999999999999998,2.2735487166564203,9.876604509676037,9.999999794686925
